<?xml version="1.0" encoding="UTF-8" standalone="yes"?>
<gpx version="1.1" creator="outdooractive - http://www.outdooractive.com" xmlns="http://www.topografix.com/GPX/1/1" xmlns:oa="http://www.outdooractive.com/GPX/Extensions/1" xmlns:xsi="http://www.w3.org/2001/XMLSchema-instance" xsi:schemaLocation="http://www.topografix.com/GPX/1/1 http://www.topografix.com/GPX/1/1/gpx.xsd http://www.outdooractive.com/GPX/Extensions/1 https://www.outdooractive.com/schema/gpx_extensions.xsd">
  <metadata>
    <name>Across-R10</name>
    <author>
      <name>Peter Sobanski - Community</name>
    </author>
    <link href="https://www.outdooractive.com/r/344757311"/>
    <time>2026-06-29T17:59:47.501Z</time>
    <extensions>
      <oa:oaCategory>gravelBikeTour</oa:oaCategory>
    </extensions>
  </metadata>
  <trk>
    <name>Across-R10</name>
    <desc>Hörschel ( 1 R ) / Neuenhof ( dahinter 2 R ) / Eisenach / Hohe Sonne ( 3 R ) / Etterwinden  / Aschersbrück ( 4 R ) / Ruhla  / ... / ... / ... /</desc>
    <type>gravelBikeTour</type>
    <trkseg>
      <trkpt lat="51.006922" lon="10.228308">
        <ele>198.6</ele>
        <name>Hörschel</name>
        <extensions>
          <oa:Extension>
            <oa:mapZoom>15</oa:mapZoom>
          </oa:Extension>
        </extensions>
      </trkpt>
      <trkpt lat="51.006793" lon="10.228083">
        <ele>198.7</ele>
      </trkpt>
      <trkpt lat="51.006556" lon="10.227754">
        <ele>199.3</ele>
      </trkpt>
      <trkpt lat="51.006398" lon="10.227536">
        <ele>199.9</ele>
      </trkpt>
      <trkpt lat="51.006354" lon="10.227459">
        <ele>200.0</ele>
      </trkpt>
      <trkpt lat="51.006324" lon="10.227408">
        <ele>200.0</ele>
      </trkpt>
      <trkpt lat="51.006225" lon="10.227183">
        <ele>200.1</ele>
      </trkpt>
      <trkpt lat="51.006108" lon="10.226921">
        <ele>200.0</ele>
      </trkpt>
      <trkpt lat="51.00592" lon="10.226431">
        <ele>199.6</ele>
      </trkpt>
      <trkpt lat="51.005838" lon="10.226195">
        <ele>199.2</ele>
      </trkpt>
      <trkpt lat="51.005779" lon="10.226026">
        <ele>199.0</ele>
      </trkpt>
      <trkpt lat="51.005598" lon="10.225465">
        <ele>198.6</ele>
      </trkpt>
      <trkpt lat="51.005568" lon="10.225373">
        <ele>198.5</ele>
      </trkpt>
      <trkpt lat="51.00544" lon="10.224964">
        <ele>198.2</ele>
      </trkpt>
      <trkpt lat="51.005312" lon="10.224555">
        <ele>198.1</ele>
      </trkpt>
      <trkpt lat="51.005146" lon="10.224053">
        <ele>197.7</ele>
      </trkpt>
      <trkpt lat="51.005099" lon="10.223913">
        <ele>197.8</ele>
      </trkpt>
      <trkpt lat="51.004952" lon="10.223427">
        <ele>197.8</ele>
      </trkpt>
      <trkpt lat="51.004893" lon="10.22317">
        <ele>197.8</ele>
      </trkpt>
      <trkpt lat="51.004785" lon="10.222562">
        <ele>198.2</ele>
      </trkpt>
      <trkpt lat="51.004677" lon="10.221954">
        <ele>198.8</ele>
      </trkpt>
      <trkpt lat="51.004592" lon="10.221597">
        <ele>199.6</ele>
      </trkpt>
      <trkpt lat="51.004507" lon="10.22124">
        <ele>201.0</ele>
      </trkpt>
      <trkpt lat="51.004323" lon="10.220703">
        <ele>202.7</ele>
      </trkpt>
      <trkpt lat="51.004138" lon="10.220166">
        <ele>204.3</ele>
      </trkpt>
      <trkpt lat="51.004025" lon="10.219824">
        <ele>204.9</ele>
      </trkpt>
      <trkpt lat="51.003911" lon="10.219483">
        <ele>205.3</ele>
      </trkpt>
      <trkpt lat="51.003751" lon="10.219049">
        <ele>206.0</ele>
      </trkpt>
      <trkpt lat="51.003661" lon="10.218841">
        <ele>206.4</ele>
      </trkpt>
      <trkpt lat="51.003545" lon="10.218597">
        <ele>206.8</ele>
      </trkpt>
      <trkpt lat="51.00329" lon="10.218205">
        <ele>207.1</ele>
      </trkpt>
      <trkpt lat="51.003002" lon="10.217808">
        <ele>207.4</ele>
      </trkpt>
      <trkpt lat="51.002713" lon="10.217461">
        <ele>207.6</ele>
      </trkpt>
      <trkpt lat="51.002417" lon="10.217164">
        <ele>207.8</ele>
      </trkpt>
      <trkpt lat="51.002121" lon="10.216867">
        <ele>208.2</ele>
      </trkpt>
      <trkpt lat="51.001957" lon="10.216713">
        <ele>208.4</ele>
      </trkpt>
      <trkpt lat="51.001851" lon="10.216627">
        <ele>208.5</ele>
      </trkpt>
      <trkpt lat="51.001761" lon="10.216566">
        <ele>208.6</ele>
      </trkpt>
      <trkpt lat="51.001472" lon="10.216393">
        <ele>208.5</ele>
      </trkpt>
      <trkpt lat="51.00106" lon="10.216171">
        <ele>208.9</ele>
      </trkpt>
      <trkpt lat="51.00088" lon="10.216092">
        <ele>208.8</ele>
      </trkpt>
      <trkpt lat="51.000446" lon="10.215935">
        <ele>208.4</ele>
      </trkpt>
      <trkpt lat="51.000168" lon="10.215854">
        <ele>208.1</ele>
      </trkpt>
      <trkpt lat="50.99989" lon="10.215773">
        <ele>207.9</ele>
      </trkpt>
      <trkpt lat="50.999647" lon="10.215685">
        <ele>207.6</ele>
      </trkpt>
      <trkpt lat="50.999555" lon="10.215629">
        <ele>207.4</ele>
      </trkpt>
      <trkpt lat="50.999468" lon="10.215557">
        <ele>207.3</ele>
      </trkpt>
      <trkpt lat="50.999393" lon="10.21547">
        <ele>207.2</ele>
      </trkpt>
      <trkpt lat="50.999341" lon="10.215395">
        <ele>207.1</ele>
      </trkpt>
      <trkpt lat="50.999226" lon="10.21517">
        <ele>206.8</ele>
      </trkpt>
      <trkpt lat="50.999111" lon="10.214993">
        <ele>206.8</ele>
      </trkpt>
      <trkpt lat="50.998943" lon="10.21472">
        <ele>207.0</ele>
      </trkpt>
      <trkpt lat="50.998775" lon="10.214447">
        <ele>207.3</ele>
      </trkpt>
      <trkpt lat="50.998461" lon="10.214048">
        <ele>206.5</ele>
      </trkpt>
      <trkpt lat="50.99828" lon="10.213787">
        <ele>206.0</ele>
      </trkpt>
      <trkpt lat="50.998178" lon="10.213672">
        <ele>205.8</ele>
      </trkpt>
      <trkpt lat="50.998062" lon="10.213591">
        <ele>205.2</ele>
      </trkpt>
      <trkpt lat="50.997971" lon="10.213556">
        <ele>204.9</ele>
      </trkpt>
      <trkpt lat="50.997739" lon="10.213607">
        <ele>204.1</ele>
      </trkpt>
      <trkpt lat="50.997594" lon="10.213706">
        <ele>203.5</ele>
      </trkpt>
      <trkpt lat="50.99736" lon="10.213874">
        <ele>202.7</ele>
      </trkpt>
      <trkpt lat="50.997261" lon="10.213937">
        <ele>202.4</ele>
      </trkpt>
      <trkpt lat="50.997114" lon="10.214042">
        <ele>202.4</ele>
      </trkpt>
      <trkpt lat="50.99701" lon="10.214077">
        <ele>202.8</ele>
        <name>Neuenhof, Eisenach</name>
        <extensions>
          <oa:Extension>
            <oa:mapZoom>14</oa:mapZoom>
          </oa:Extension>
        </extensions>
      </trkpt>
      <trkpt lat="50.996998" lon="10.214081">
        <ele>202.8</ele>
      </trkpt>
      <trkpt lat="50.997027" lon="10.214169">
        <ele>203.0</ele>
      </trkpt>
      <trkpt lat="50.997146" lon="10.214215">
        <ele>203.5</ele>
      </trkpt>
      <trkpt lat="50.997177" lon="10.214276">
        <ele>203.9</ele>
      </trkpt>
      <trkpt lat="50.997127" lon="10.21443">
        <ele>204.9</ele>
      </trkpt>
      <trkpt lat="50.997117" lon="10.214584">
        <ele>205.7</ele>
      </trkpt>
      <trkpt lat="50.997141" lon="10.214888">
        <ele>207.5</ele>
      </trkpt>
      <trkpt lat="50.997173" lon="10.215197">
        <ele>208.3</ele>
      </trkpt>
      <trkpt lat="50.997283" lon="10.2157">
        <ele>209.3</ele>
      </trkpt>
      <trkpt lat="50.997364" lon="10.216138">
        <ele>210.4</ele>
      </trkpt>
      <trkpt lat="50.997404" lon="10.21667">
        <ele>211.6</ele>
      </trkpt>
      <trkpt lat="50.997391" lon="10.21683">
        <ele>212.2</ele>
      </trkpt>
      <trkpt lat="50.997432" lon="10.217218">
        <ele>213.2</ele>
      </trkpt>
      <trkpt lat="50.997472" lon="10.217442">
        <ele>213.9</ele>
      </trkpt>
      <trkpt lat="50.997509" lon="10.217558">
        <ele>214.3</ele>
      </trkpt>
      <trkpt lat="50.997614" lon="10.217783">
        <ele>215.3</ele>
      </trkpt>
      <trkpt lat="50.997718" lon="10.217998">
        <ele>216.4</ele>
      </trkpt>
      <trkpt lat="50.997779" lon="10.21821">
        <ele>216.9</ele>
      </trkpt>
      <trkpt lat="50.997827" lon="10.218508">
        <ele>217.8</ele>
      </trkpt>
      <trkpt lat="50.997879" lon="10.218853">
        <ele>218.5</ele>
      </trkpt>
      <trkpt lat="50.997929" lon="10.219295">
        <ele>219.3</ele>
      </trkpt>
      <trkpt lat="50.997923" lon="10.219757">
        <ele>220.4</ele>
      </trkpt>
      <trkpt lat="50.997916" lon="10.220017">
        <ele>221.1</ele>
      </trkpt>
      <trkpt lat="50.997928" lon="10.220297">
        <ele>221.8</ele>
      </trkpt>
      <trkpt lat="50.997943" lon="10.220702">
        <ele>222.8</ele>
      </trkpt>
      <trkpt lat="50.997945" lon="10.220748">
        <ele>222.9</ele>
      </trkpt>
      <trkpt lat="50.997954" lon="10.221269">
        <ele>224.5</ele>
      </trkpt>
      <trkpt lat="50.997949" lon="10.22173">
        <ele>225.8</ele>
      </trkpt>
      <trkpt lat="50.997931" lon="10.222206">
        <ele>226.9</ele>
      </trkpt>
      <trkpt lat="50.997913" lon="10.222683">
        <ele>228.2</ele>
      </trkpt>
      <trkpt lat="50.997892" lon="10.223">
        <ele>229.2</ele>
      </trkpt>
      <trkpt lat="50.997818" lon="10.223247">
        <ele>229.9</ele>
      </trkpt>
      <trkpt lat="50.997751" lon="10.223432">
        <ele>230.5</ele>
      </trkpt>
      <trkpt lat="50.997654" lon="10.223574">
        <ele>231.1</ele>
      </trkpt>
      <trkpt lat="50.997514" lon="10.223625">
        <ele>231.6</ele>
      </trkpt>
      <trkpt lat="50.997333" lon="10.223635">
        <ele>232.3</ele>
      </trkpt>
      <trkpt lat="50.997155" lon="10.223594">
        <ele>232.9</ele>
      </trkpt>
      <trkpt lat="50.996997" lon="10.223521">
        <ele>233.9</ele>
      </trkpt>
      <trkpt lat="50.996845" lon="10.2234">
        <ele>235.0</ele>
      </trkpt>
      <trkpt lat="50.996684" lon="10.223223">
        <ele>235.9</ele>
      </trkpt>
      <trkpt lat="50.996475" lon="10.222959">
        <ele>237.2</ele>
      </trkpt>
      <trkpt lat="50.996266" lon="10.222695">
        <ele>238.7</ele>
      </trkpt>
      <trkpt lat="50.99615" lon="10.222581">
        <ele>239.5</ele>
      </trkpt>
      <trkpt lat="50.996015" lon="10.222502">
        <ele>240.4</ele>
      </trkpt>
      <trkpt lat="50.995889" lon="10.222491">
        <ele>241.1</ele>
      </trkpt>
      <trkpt lat="50.995746" lon="10.222507">
        <ele>241.7</ele>
      </trkpt>
      <trkpt lat="50.995609" lon="10.222544">
        <ele>242.6</ele>
      </trkpt>
      <trkpt lat="50.995488" lon="10.222605">
        <ele>243.7</ele>
      </trkpt>
      <trkpt lat="50.9954" lon="10.222718">
        <ele>244.4</ele>
      </trkpt>
      <trkpt lat="50.995335" lon="10.222902">
        <ele>245.2</ele>
      </trkpt>
      <trkpt lat="50.995269" lon="10.223149">
        <ele>246.5</ele>
      </trkpt>
      <trkpt lat="50.995186" lon="10.223398">
        <ele>247.9</ele>
      </trkpt>
      <trkpt lat="50.995089" lon="10.223624">
        <ele>249.5</ele>
      </trkpt>
      <trkpt lat="50.994988" lon="10.22383">
        <ele>250.7</ele>
      </trkpt>
      <trkpt lat="50.994841" lon="10.224014">
        <ele>252.1</ele>
      </trkpt>
      <trkpt lat="50.994686" lon="10.224134">
        <ele>253.5</ele>
      </trkpt>
      <trkpt lat="50.994278" lon="10.224339">
        <ele>257.6</ele>
      </trkpt>
      <trkpt lat="50.994039" lon="10.224481">
        <ele>259.4</ele>
      </trkpt>
      <trkpt lat="50.993798" lon="10.224631">
        <ele>262.2</ele>
      </trkpt>
      <trkpt lat="50.993558" lon="10.224782">
        <ele>265.2</ele>
      </trkpt>
      <trkpt lat="50.993245" lon="10.224916">
        <ele>268.4</ele>
      </trkpt>
      <trkpt lat="50.992983" lon="10.225025">
        <ele>271.4</ele>
      </trkpt>
      <trkpt lat="50.992702" lon="10.22511">
        <ele>275.6</ele>
      </trkpt>
      <trkpt lat="50.992569" lon="10.22517">
        <ele>278.4</ele>
      </trkpt>
      <trkpt lat="50.992525" lon="10.225432">
        <ele>280.1</ele>
      </trkpt>
      <trkpt lat="50.992426" lon="10.225961">
        <ele>284.4</ele>
      </trkpt>
      <trkpt lat="50.992326" lon="10.22649">
        <ele>287.7</ele>
      </trkpt>
      <trkpt lat="50.992319" lon="10.226689">
        <ele>289.3</ele>
      </trkpt>
      <trkpt lat="50.992346" lon="10.226825">
        <ele>291.1</ele>
      </trkpt>
      <trkpt lat="50.992469" lon="10.227177">
        <ele>294.8</ele>
      </trkpt>
      <trkpt lat="50.992593" lon="10.227528">
        <ele>297.4</ele>
      </trkpt>
      <trkpt lat="50.992621" lon="10.227651">
        <ele>298.2</ele>
      </trkpt>
      <trkpt lat="50.99256" lon="10.228108">
        <ele>301.3</ele>
      </trkpt>
      <trkpt lat="50.992557" lon="10.228105">
        <ele>301.3</ele>
        <name>Rennsteig, Eisenach</name>
        <extensions>
          <oa:Extension>
            <oa:mapZoom>14</oa:mapZoom>
          </oa:Extension>
        </extensions>
      </trkpt>
      <trkpt lat="50.99256" lon="10.228108">
        <ele>301.3</ele>
      </trkpt>
      <trkpt lat="50.99282" lon="10.228504">
        <ele>300.8</ele>
      </trkpt>
      <trkpt lat="50.99291" lon="10.228732">
        <ele>300.1</ele>
      </trkpt>
      <trkpt lat="50.99299" lon="10.22936">
        <ele>297.4</ele>
      </trkpt>
      <trkpt lat="50.993022" lon="10.229715">
        <ele>295.7</ele>
      </trkpt>
      <trkpt lat="50.993055" lon="10.230071">
        <ele>293.7</ele>
      </trkpt>
      <trkpt lat="50.993059" lon="10.230504">
        <ele>292.9</ele>
      </trkpt>
      <trkpt lat="50.993063" lon="10.230938">
        <ele>291.0</ele>
      </trkpt>
      <trkpt lat="50.993114" lon="10.23143">
        <ele>289.1</ele>
      </trkpt>
      <trkpt lat="50.993165" lon="10.231922">
        <ele>288.1</ele>
      </trkpt>
      <trkpt lat="50.993216" lon="10.232414">
        <ele>287.4</ele>
      </trkpt>
      <trkpt lat="50.99329" lon="10.232906">
        <ele>285.5</ele>
      </trkpt>
      <trkpt lat="50.993365" lon="10.233398">
        <ele>284.0</ele>
      </trkpt>
      <trkpt lat="50.993522" lon="10.234032">
        <ele>280.4</ele>
      </trkpt>
      <trkpt lat="50.993745" lon="10.234557">
        <ele>277.3</ele>
      </trkpt>
      <trkpt lat="50.993998" lon="10.235122">
        <ele>272.8</ele>
      </trkpt>
      <trkpt lat="50.994232" lon="10.235652">
        <ele>269.8</ele>
      </trkpt>
      <trkpt lat="50.994464" lon="10.236251">
        <ele>265.9</ele>
      </trkpt>
      <trkpt lat="50.994602" lon="10.236752">
        <ele>261.9</ele>
      </trkpt>
      <trkpt lat="50.99474" lon="10.237252">
        <ele>257.1</ele>
      </trkpt>
      <trkpt lat="50.99498" lon="10.237809">
        <ele>250.7</ele>
      </trkpt>
      <trkpt lat="50.995248" lon="10.238267">
        <ele>244.8</ele>
      </trkpt>
      <trkpt lat="50.995516" lon="10.238724">
        <ele>238.1</ele>
      </trkpt>
      <trkpt lat="50.995784" lon="10.239182">
        <ele>231.6</ele>
      </trkpt>
      <trkpt lat="50.996052" lon="10.23964">
        <ele>224.0</ele>
      </trkpt>
      <trkpt lat="50.995866" lon="10.240285">
        <ele>214.2</ele>
      </trkpt>
      <trkpt lat="50.995736" lon="10.240658">
        <ele>209.4</ele>
      </trkpt>
      <trkpt lat="50.995606" lon="10.241031">
        <ele>207.1</ele>
      </trkpt>
      <trkpt lat="50.995664" lon="10.241313">
        <ele>206.5</ele>
      </trkpt>
      <trkpt lat="50.995705" lon="10.241199">
        <ele>206.5</ele>
        <name>Naturpark Thüringer Wald, Eisenach</name>
        <extensions>
          <oa:Extension>
            <oa:mapZoom>15</oa:mapZoom>
          </oa:Extension>
        </extensions>
      </trkpt>
      <trkpt lat="50.995664" lon="10.241313">
        <ele>206.5</ele>
      </trkpt>
      <trkpt lat="50.995566" lon="10.241632">
        <ele>205.3</ele>
      </trkpt>
      <trkpt lat="50.995452" lon="10.241809">
        <ele>204.6</ele>
      </trkpt>
      <trkpt lat="50.995358" lon="10.241924">
        <ele>204.3</ele>
      </trkpt>
      <trkpt lat="50.995124" lon="10.242209">
        <ele>203.9</ele>
      </trkpt>
      <trkpt lat="50.994876" lon="10.242501">
        <ele>203.7</ele>
      </trkpt>
      <trkpt lat="50.994628" lon="10.242792">
        <ele>203.6</ele>
      </trkpt>
      <trkpt lat="50.994353" lon="10.243097">
        <ele>203.3</ele>
      </trkpt>
      <trkpt lat="50.994056" lon="10.243447">
        <ele>203.1</ele>
      </trkpt>
      <trkpt lat="50.993759" lon="10.243798">
        <ele>202.7</ele>
      </trkpt>
      <trkpt lat="50.993462" lon="10.244148">
        <ele>202.3</ele>
      </trkpt>
      <trkpt lat="50.993165" lon="10.244498">
        <ele>202.0</ele>
      </trkpt>
      <trkpt lat="50.992887" lon="10.244828">
        <ele>201.8</ele>
      </trkpt>
      <trkpt lat="50.992608" lon="10.245157">
        <ele>201.9</ele>
      </trkpt>
      <trkpt lat="50.99233" lon="10.245487">
        <ele>202.2</ele>
      </trkpt>
      <trkpt lat="50.992052" lon="10.245816">
        <ele>203.0</ele>
      </trkpt>
      <trkpt lat="50.991796" lon="10.246199">
        <ele>203.8</ele>
      </trkpt>
      <trkpt lat="50.991539" lon="10.246583">
        <ele>203.8</ele>
      </trkpt>
      <trkpt lat="50.991307" lon="10.247031">
        <ele>203.8</ele>
      </trkpt>
      <trkpt lat="50.991075" lon="10.247479">
        <ele>203.9</ele>
      </trkpt>
      <trkpt lat="50.990843" lon="10.247927">
        <ele>204.0</ele>
      </trkpt>
      <trkpt lat="50.990611" lon="10.248375">
        <ele>204.2</ele>
      </trkpt>
      <trkpt lat="50.990383" lon="10.248693">
        <ele>204.4</ele>
      </trkpt>
      <trkpt lat="50.990189" lon="10.24881">
        <ele>204.5</ele>
      </trkpt>
      <trkpt lat="50.989866" lon="10.248895">
        <ele>204.7</ele>
      </trkpt>
      <trkpt lat="50.989463" lon="10.249036">
        <ele>205.1</ele>
      </trkpt>
      <trkpt lat="50.989331" lon="10.249167">
        <ele>205.3</ele>
      </trkpt>
      <trkpt lat="50.989299" lon="10.249212">
        <ele>205.3</ele>
      </trkpt>
      <trkpt lat="50.98925" lon="10.2493">
        <ele>205.4</ele>
      </trkpt>
      <trkpt lat="50.989203" lon="10.249425">
        <ele>205.3</ele>
      </trkpt>
      <trkpt lat="50.989107" lon="10.249751">
        <ele>205.1</ele>
      </trkpt>
      <trkpt lat="50.989101" lon="10.249799">
        <ele>205.0</ele>
      </trkpt>
      <trkpt lat="50.989096" lon="10.249836">
        <ele>205.0</ele>
      </trkpt>
      <trkpt lat="50.989033" lon="10.250331">
        <ele>204.5</ele>
      </trkpt>
      <trkpt lat="50.989013" lon="10.250728">
        <ele>204.2</ele>
      </trkpt>
      <trkpt lat="50.988994" lon="10.251125">
        <ele>204.0</ele>
      </trkpt>
      <trkpt lat="50.98899" lon="10.251645">
        <ele>203.8</ele>
      </trkpt>
      <trkpt lat="50.989013" lon="10.252029">
        <ele>204.0</ele>
      </trkpt>
      <trkpt lat="50.988926" lon="10.252057">
        <ele>203.8</ele>
      </trkpt>
      <trkpt lat="50.988846" lon="10.252165">
        <ele>203.5</ele>
      </trkpt>
      <trkpt lat="50.988784" lon="10.252347">
        <ele>203.5</ele>
      </trkpt>
      <trkpt lat="50.98873" lon="10.252532">
        <ele>203.7</ele>
      </trkpt>
      <trkpt lat="50.988578" lon="10.252928">
        <ele>203.8</ele>
      </trkpt>
      <trkpt lat="50.988445" lon="10.253221">
        <ele>203.7</ele>
      </trkpt>
      <trkpt lat="50.988311" lon="10.253515">
        <ele>203.7</ele>
      </trkpt>
      <trkpt lat="50.988161" lon="10.25383">
        <ele>203.6</ele>
      </trkpt>
      <trkpt lat="50.98801" lon="10.254146">
        <ele>203.3</ele>
      </trkpt>
      <trkpt lat="50.987851" lon="10.254544">
        <ele>203.7</ele>
      </trkpt>
      <trkpt lat="50.987693" lon="10.254941">
        <ele>204.1</ele>
      </trkpt>
      <trkpt lat="50.987515" lon="10.255415">
        <ele>204.6</ele>
      </trkpt>
      <trkpt lat="50.987405" lon="10.255721">
        <ele>205.0</ele>
      </trkpt>
      <trkpt lat="50.987313" lon="10.255957">
        <ele>205.4</ele>
      </trkpt>
      <trkpt lat="50.987263" lon="10.256123">
        <ele>205.7</ele>
      </trkpt>
      <trkpt lat="50.987138" lon="10.256544">
        <ele>205.8</ele>
      </trkpt>
      <trkpt lat="50.987012" lon="10.256965">
        <ele>205.4</ele>
      </trkpt>
      <trkpt lat="50.986914" lon="10.257285">
        <ele>205.3</ele>
      </trkpt>
      <trkpt lat="50.986815" lon="10.257606">
        <ele>205.3</ele>
      </trkpt>
      <trkpt lat="50.986688" lon="10.258022">
        <ele>205.2</ele>
      </trkpt>
      <trkpt lat="50.98656" lon="10.258438">
        <ele>204.9</ele>
      </trkpt>
      <trkpt lat="50.986404" lon="10.25897">
        <ele>204.8</ele>
      </trkpt>
      <trkpt lat="50.986248" lon="10.259502">
        <ele>204.7</ele>
      </trkpt>
      <trkpt lat="50.986092" lon="10.260035">
        <ele>204.7</ele>
      </trkpt>
      <trkpt lat="50.985986" lon="10.260376">
        <ele>204.7</ele>
      </trkpt>
      <trkpt lat="50.98588" lon="10.260717">
        <ele>204.6</ele>
      </trkpt>
      <trkpt lat="50.985759" lon="10.261178">
        <ele>204.6</ele>
      </trkpt>
      <trkpt lat="50.98564" lon="10.26158">
        <ele>204.4</ele>
      </trkpt>
      <trkpt lat="50.98553" lon="10.261952">
        <ele>204.6</ele>
      </trkpt>
      <trkpt lat="50.985409" lon="10.262303">
        <ele>204.6</ele>
      </trkpt>
      <trkpt lat="50.985231" lon="10.262647">
        <ele>205.0</ele>
      </trkpt>
      <trkpt lat="50.985095" lon="10.262807">
        <ele>205.2</ele>
      </trkpt>
      <trkpt lat="50.985015" lon="10.262834">
        <ele>205.4</ele>
      </trkpt>
      <trkpt lat="50.984763" lon="10.262861">
        <ele>203.7</ele>
      </trkpt>
      <trkpt lat="50.984623" lon="10.262955">
        <ele>203.7</ele>
      </trkpt>
      <trkpt lat="50.984439" lon="10.263134">
        <ele>205.0</ele>
      </trkpt>
      <trkpt lat="50.984354" lon="10.263175">
        <ele>206.1</ele>
      </trkpt>
      <trkpt lat="50.984271" lon="10.263245">
        <ele>206.3</ele>
      </trkpt>
      <trkpt lat="50.984175" lon="10.26331">
        <ele>206.4</ele>
      </trkpt>
      <trkpt lat="50.983999" lon="10.263378">
        <ele>206.4</ele>
      </trkpt>
      <trkpt lat="50.983843" lon="10.263478">
        <ele>206.5</ele>
      </trkpt>
      <trkpt lat="50.983746" lon="10.26357">
        <ele>206.5</ele>
      </trkpt>
      <trkpt lat="50.9836" lon="10.263723">
        <ele>206.8</ele>
      </trkpt>
      <trkpt lat="50.983485" lon="10.263949">
        <ele>207.2</ele>
      </trkpt>
      <trkpt lat="50.983436" lon="10.264112">
        <ele>207.3</ele>
      </trkpt>
      <trkpt lat="50.983401" lon="10.264243">
        <ele>207.6</ele>
      </trkpt>
      <trkpt lat="50.983272" lon="10.264497">
        <ele>207.7</ele>
      </trkpt>
      <trkpt lat="50.983218" lon="10.264605">
        <ele>207.7</ele>
      </trkpt>
      <trkpt lat="50.983184" lon="10.264703">
        <ele>207.6</ele>
      </trkpt>
      <trkpt lat="50.983078" lon="10.265201">
        <ele>207.8</ele>
      </trkpt>
      <trkpt lat="50.982956" lon="10.265477">
        <ele>209.2</ele>
      </trkpt>
      <trkpt lat="50.982809" lon="10.265799">
        <ele>210.9</ele>
      </trkpt>
      <trkpt lat="50.982658" lon="10.266006">
        <ele>212.2</ele>
      </trkpt>
      <trkpt lat="50.982661" lon="10.266157">
        <ele>211.4</ele>
      </trkpt>
      <trkpt lat="50.982775" lon="10.266557">
        <ele>209.2</ele>
      </trkpt>
      <trkpt lat="50.98283" lon="10.266802">
        <ele>207.7</ele>
      </trkpt>
      <trkpt lat="50.982889" lon="10.267313">
        <ele>206.0</ele>
      </trkpt>
      <trkpt lat="50.982912" lon="10.26753">
        <ele>205.8</ele>
      </trkpt>
      <trkpt lat="50.98294" lon="10.267684">
        <ele>206.0</ele>
      </trkpt>
      <trkpt lat="50.983061" lon="10.268046">
        <ele>205.4</ele>
      </trkpt>
      <trkpt lat="50.983182" lon="10.268409">
        <ele>206.2</ele>
      </trkpt>
      <trkpt lat="50.983256" lon="10.268839">
        <ele>206.1</ele>
      </trkpt>
      <trkpt lat="50.983195" lon="10.269173">
        <ele>206.6</ele>
      </trkpt>
      <trkpt lat="50.983095" lon="10.269343">
        <ele>206.8</ele>
      </trkpt>
      <trkpt lat="50.982956" lon="10.269532">
        <ele>207.3</ele>
      </trkpt>
      <trkpt lat="50.982844" lon="10.269579">
        <ele>207.5</ele>
      </trkpt>
      <trkpt lat="50.982644" lon="10.26959">
        <ele>208.8</ele>
      </trkpt>
      <trkpt lat="50.982316" lon="10.269733">
        <ele>209.5</ele>
      </trkpt>
      <trkpt lat="50.982231" lon="10.269826">
        <ele>209.3</ele>
      </trkpt>
      <trkpt lat="50.982007" lon="10.270287">
        <ele>209.7</ele>
      </trkpt>
      <trkpt lat="50.981783" lon="10.270749">
        <ele>211.2</ele>
      </trkpt>
      <trkpt lat="50.981658" lon="10.270886">
        <ele>212.4</ele>
      </trkpt>
      <trkpt lat="50.981404" lon="10.271163">
        <ele>212.0</ele>
      </trkpt>
      <trkpt lat="50.981206" lon="10.271534">
        <ele>210.0</ele>
      </trkpt>
      <trkpt lat="50.981007" lon="10.271905">
        <ele>210.1</ele>
      </trkpt>
      <trkpt lat="50.980776" lon="10.27248">
        <ele>210.3</ele>
      </trkpt>
      <trkpt lat="50.98064" lon="10.272959">
        <ele>209.8</ele>
      </trkpt>
      <trkpt lat="50.980503" lon="10.273437">
        <ele>209.0</ele>
      </trkpt>
      <trkpt lat="50.980319" lon="10.273891">
        <ele>208.8</ele>
      </trkpt>
      <trkpt lat="50.980185" lon="10.274284">
        <ele>209.2</ele>
      </trkpt>
      <trkpt lat="50.980051" lon="10.274677">
        <ele>209.3</ele>
      </trkpt>
      <trkpt lat="50.979912" lon="10.274959">
        <ele>209.7</ele>
      </trkpt>
      <trkpt lat="50.979772" lon="10.27524">
        <ele>210.3</ele>
      </trkpt>
      <trkpt lat="50.979685" lon="10.275625">
        <ele>210.8</ele>
      </trkpt>
      <trkpt lat="50.979642" lon="10.275987">
        <ele>210.4</ele>
      </trkpt>
      <trkpt lat="50.979648" lon="10.276648">
        <ele>209.7</ele>
      </trkpt>
      <trkpt lat="50.979654" lon="10.277029">
        <ele>209.4</ele>
      </trkpt>
      <trkpt lat="50.979582" lon="10.277583">
        <ele>209.8</ele>
      </trkpt>
      <trkpt lat="50.979483" lon="10.278032">
        <ele>210.0</ele>
      </trkpt>
      <trkpt lat="50.979383" lon="10.27848">
        <ele>210.0</ele>
      </trkpt>
      <trkpt lat="50.979283" lon="10.278929">
        <ele>210.1</ele>
      </trkpt>
      <trkpt lat="50.97918" lon="10.279438">
        <ele>208.5</ele>
      </trkpt>
      <trkpt lat="50.979078" lon="10.279947">
        <ele>209.1</ele>
      </trkpt>
      <trkpt lat="50.978975" lon="10.280456">
        <ele>210.3</ele>
      </trkpt>
      <trkpt lat="50.978837" lon="10.280993">
        <ele>210.3</ele>
      </trkpt>
      <trkpt lat="50.978699" lon="10.281531">
        <ele>210.1</ele>
      </trkpt>
      <trkpt lat="50.978659" lon="10.281892">
        <ele>210.1</ele>
      </trkpt>
      <trkpt lat="50.978626" lon="10.282168">
        <ele>210.0</ele>
      </trkpt>
      <trkpt lat="50.978619" lon="10.28222">
        <ele>209.9</ele>
      </trkpt>
      <trkpt lat="50.978603" lon="10.282355">
        <ele>209.9</ele>
      </trkpt>
      <trkpt lat="50.978589" lon="10.282476">
        <ele>209.9</ele>
      </trkpt>
      <trkpt lat="50.978556" lon="10.28257">
        <ele>209.9</ele>
      </trkpt>
      <trkpt lat="50.978453" lon="10.282922">
        <ele>210.3</ele>
      </trkpt>
      <trkpt lat="50.978212" lon="10.283311">
        <ele>211.4</ele>
      </trkpt>
      <trkpt lat="50.97797" lon="10.283699">
        <ele>212.5</ele>
      </trkpt>
      <trkpt lat="50.977966" lon="10.283846">
        <ele>212.5</ele>
      </trkpt>
      <trkpt lat="50.977972" lon="10.28432">
        <ele>211.9</ele>
      </trkpt>
      <trkpt lat="50.977978" lon="10.284794">
        <ele>211.1</ele>
      </trkpt>
      <trkpt lat="50.978" lon="10.285396">
        <ele>210.4</ele>
      </trkpt>
      <trkpt lat="50.978022" lon="10.285998">
        <ele>210.2</ele>
      </trkpt>
      <trkpt lat="50.978033" lon="10.286116">
        <ele>210.1</ele>
      </trkpt>
      <trkpt lat="50.978001" lon="10.286531">
        <ele>210.2</ele>
      </trkpt>
      <trkpt lat="50.977969" lon="10.286947">
        <ele>210.3</ele>
      </trkpt>
      <trkpt lat="50.977936" lon="10.287368">
        <ele>210.3</ele>
      </trkpt>
      <trkpt lat="50.977904" lon="10.287789">
        <ele>210.4</ele>
      </trkpt>
      <trkpt lat="50.97787" lon="10.288225">
        <ele>210.4</ele>
      </trkpt>
      <trkpt lat="50.977841" lon="10.288606">
        <ele>210.5</ele>
      </trkpt>
      <trkpt lat="50.977837" lon="10.288671">
        <ele>210.5</ele>
      </trkpt>
      <trkpt lat="50.977813" lon="10.289084">
        <ele>210.3</ele>
      </trkpt>
      <trkpt lat="50.977796" lon="10.289371">
        <ele>210.0</ele>
      </trkpt>
      <trkpt lat="50.977841" lon="10.289449">
        <ele>209.9</ele>
      </trkpt>
      <trkpt lat="50.977857" lon="10.289477">
        <ele>209.9</ele>
      </trkpt>
      <trkpt lat="50.978003" lon="10.289778">
        <ele>209.6</ele>
      </trkpt>
      <trkpt lat="50.978043" lon="10.289901">
        <ele>209.6</ele>
      </trkpt>
      <trkpt lat="50.978045" lon="10.29022">
        <ele>209.5</ele>
      </trkpt>
      <trkpt lat="50.978038" lon="10.290737">
        <ele>209.5</ele>
      </trkpt>
      <trkpt lat="50.978031" lon="10.291253">
        <ele>209.5</ele>
      </trkpt>
      <trkpt lat="50.978026" lon="10.291864">
        <ele>209.6</ele>
      </trkpt>
      <trkpt lat="50.978021" lon="10.292475">
        <ele>209.6</ele>
      </trkpt>
      <trkpt lat="50.978016" lon="10.293086">
        <ele>209.8</ele>
      </trkpt>
      <trkpt lat="50.978009" lon="10.293525">
        <ele>209.8</ele>
      </trkpt>
      <trkpt lat="50.978002" lon="10.293964">
        <ele>209.9</ele>
      </trkpt>
      <trkpt lat="50.977995" lon="10.294406">
        <ele>210.0</ele>
      </trkpt>
      <trkpt lat="50.977997" lon="10.294739">
        <ele>210.1</ele>
      </trkpt>
      <trkpt lat="50.977998" lon="10.294857">
        <ele>210.2</ele>
      </trkpt>
      <trkpt lat="50.978016" lon="10.295225">
        <ele>210.2</ele>
      </trkpt>
      <trkpt lat="50.978035" lon="10.295593">
        <ele>210.4</ele>
      </trkpt>
      <trkpt lat="50.978077" lon="10.296061">
        <ele>210.5</ele>
      </trkpt>
      <trkpt lat="50.978118" lon="10.296529">
        <ele>210.7</ele>
      </trkpt>
      <trkpt lat="50.97818" lon="10.297048">
        <ele>210.6</ele>
      </trkpt>
      <trkpt lat="50.978242" lon="10.297567">
        <ele>210.4</ele>
      </trkpt>
      <trkpt lat="50.978303" lon="10.298086">
        <ele>210.1</ele>
        <name>Spickenstraße, Eisenach</name>
        <extensions>
          <oa:Extension>
            <oa:mapZoom>15</oa:mapZoom>
          </oa:Extension>
        </extensions>
      </trkpt>
      <trkpt lat="50.978604" lon="10.298047">
        <ele>210.3</ele>
      </trkpt>
      <trkpt lat="50.978784" lon="10.298263">
        <ele>210.5</ele>
      </trkpt>
      <trkpt lat="50.978965" lon="10.298479">
        <ele>210.7</ele>
      </trkpt>
      <trkpt lat="50.979138" lon="10.298672">
        <ele>210.9</ele>
      </trkpt>
      <trkpt lat="50.979152" lon="10.298686">
        <ele>210.9</ele>
      </trkpt>
      <trkpt lat="50.979251" lon="10.298789">
        <ele>210.8</ele>
      </trkpt>
      <trkpt lat="50.979395" lon="10.299067">
        <ele>210.9</ele>
      </trkpt>
      <trkpt lat="50.979521" lon="10.299336">
        <ele>210.8</ele>
      </trkpt>
      <trkpt lat="50.979583" lon="10.299467">
        <ele>210.8</ele>
      </trkpt>
      <trkpt lat="50.979723" lon="10.299753">
        <ele>210.8</ele>
      </trkpt>
      <trkpt lat="50.979864" lon="10.300038">
        <ele>211.0</ele>
      </trkpt>
      <trkpt lat="50.979898" lon="10.300115">
        <ele>211.1</ele>
      </trkpt>
      <trkpt lat="50.980003" lon="10.300356">
        <ele>211.3</ele>
      </trkpt>
      <trkpt lat="50.980055" lon="10.300463">
        <ele>211.4</ele>
      </trkpt>
      <trkpt lat="50.980113" lon="10.300579">
        <ele>211.4</ele>
      </trkpt>
      <trkpt lat="50.980143" lon="10.300642">
        <ele>211.3</ele>
      </trkpt>
      <trkpt lat="50.980247" lon="10.301103">
        <ele>211.2</ele>
      </trkpt>
      <trkpt lat="50.980318" lon="10.301487">
        <ele>211.1</ele>
      </trkpt>
      <trkpt lat="50.980389" lon="10.30187">
        <ele>211.1</ele>
      </trkpt>
      <trkpt lat="50.980432" lon="10.302085">
        <ele>211.3</ele>
      </trkpt>
      <trkpt lat="50.980465" lon="10.302215">
        <ele>211.6</ele>
      </trkpt>
      <trkpt lat="50.980622" lon="10.302084">
        <ele>211.8</ele>
      </trkpt>
      <trkpt lat="50.980674" lon="10.302042">
        <ele>211.8</ele>
      </trkpt>
      <trkpt lat="50.980634" lon="10.301917">
        <ele>211.8</ele>
      </trkpt>
      <trkpt lat="50.980684" lon="10.301747">
        <ele>210.6</ele>
      </trkpt>
      <trkpt lat="50.980836" lon="10.30171">
        <ele>210.8</ele>
      </trkpt>
      <trkpt lat="50.98087" lon="10.301738">
        <ele>212.2</ele>
      </trkpt>
      <trkpt lat="50.980908" lon="10.301848">
        <ele>212.0</ele>
      </trkpt>
      <trkpt lat="50.980943" lon="10.301817">
        <ele>212.1</ele>
      </trkpt>
      <trkpt lat="50.981032" lon="10.302121">
        <ele>211.9</ele>
      </trkpt>
      <trkpt lat="50.98117" lon="10.302014">
        <ele>211.9</ele>
      </trkpt>
      <trkpt lat="50.981249" lon="10.302197">
        <ele>211.7</ele>
      </trkpt>
      <trkpt lat="50.981361" lon="10.302218">
        <ele>211.5</ele>
      </trkpt>
      <trkpt lat="50.981263" lon="10.302769">
        <ele>211.3</ele>
      </trkpt>
      <trkpt lat="50.981138" lon="10.303398">
        <ele>211.2</ele>
      </trkpt>
      <trkpt lat="50.98107" lon="10.303765">
        <ele>211.1</ele>
      </trkpt>
      <trkpt lat="50.981003" lon="10.304133">
        <ele>211.1</ele>
      </trkpt>
      <trkpt lat="50.980922" lon="10.304567">
        <ele>211.1</ele>
      </trkpt>
      <trkpt lat="50.980831" lon="10.305063">
        <ele>211.1</ele>
      </trkpt>
      <trkpt lat="50.981038" lon="10.305585">
        <ele>211.0</ele>
      </trkpt>
      <trkpt lat="50.981244" lon="10.306107">
        <ele>211.5</ele>
      </trkpt>
      <trkpt lat="50.981276" lon="10.306186">
        <ele>211.6</ele>
      </trkpt>
      <trkpt lat="50.981309" lon="10.306178">
        <ele>211.8</ele>
      </trkpt>
      <trkpt lat="50.981359" lon="10.306174">
        <ele>211.9</ele>
      </trkpt>
      <trkpt lat="50.981376" lon="10.306173">
        <ele>212.2</ele>
      </trkpt>
      <trkpt lat="50.98141" lon="10.306171">
        <ele>212.2</ele>
      </trkpt>
      <trkpt lat="50.981732" lon="10.306151">
        <ele>212.1</ele>
      </trkpt>
      <trkpt lat="50.981742" lon="10.306476">
        <ele>212.2</ele>
      </trkpt>
      <trkpt lat="50.981781" lon="10.306481">
        <ele>212.3</ele>
      </trkpt>
      <trkpt lat="50.981839" lon="10.306893">
        <ele>212.3</ele>
      </trkpt>
      <trkpt lat="50.981896" lon="10.307304">
        <ele>212.4</ele>
      </trkpt>
      <trkpt lat="50.981967" lon="10.307823">
        <ele>212.6</ele>
      </trkpt>
      <trkpt lat="50.98207" lon="10.308162">
        <ele>212.6</ele>
      </trkpt>
      <trkpt lat="50.98215" lon="10.308345">
        <ele>212.4</ele>
      </trkpt>
      <trkpt lat="50.982339" lon="10.308491">
        <ele>212.3</ele>
      </trkpt>
      <trkpt lat="50.98243" lon="10.308551">
        <ele>212.3</ele>
      </trkpt>
      <trkpt lat="50.982508" lon="10.308594">
        <ele>212.4</ele>
      </trkpt>
      <trkpt lat="50.982775" lon="10.308718">
        <ele>212.5</ele>
      </trkpt>
      <trkpt lat="50.983043" lon="10.308841">
        <ele>212.5</ele>
      </trkpt>
      <trkpt lat="50.983129" lon="10.308893">
        <ele>212.6</ele>
      </trkpt>
      <trkpt lat="50.983201" lon="10.308968">
        <ele>212.6</ele>
      </trkpt>
      <trkpt lat="50.983411" lon="10.309222">
        <ele>212.7</ele>
      </trkpt>
      <trkpt lat="50.983605" lon="10.309653">
        <ele>212.7</ele>
      </trkpt>
      <trkpt lat="50.983799" lon="10.310084">
        <ele>212.7</ele>
      </trkpt>
      <trkpt lat="50.983991" lon="10.310522">
        <ele>212.8</ele>
      </trkpt>
      <trkpt lat="50.984184" lon="10.310959">
        <ele>212.9</ele>
      </trkpt>
      <trkpt lat="50.984291" lon="10.311345">
        <ele>213.0</ele>
      </trkpt>
      <trkpt lat="50.984398" lon="10.311731">
        <ele>213.0</ele>
      </trkpt>
      <trkpt lat="50.984349" lon="10.312121">
        <ele>213.0</ele>
      </trkpt>
      <trkpt lat="50.984197" lon="10.312706">
        <ele>213.3</ele>
      </trkpt>
      <trkpt lat="50.984045" lon="10.31329">
        <ele>213.8</ele>
      </trkpt>
      <trkpt lat="50.983853" lon="10.313799">
        <ele>212.6</ele>
      </trkpt>
      <trkpt lat="50.98377" lon="10.314039">
        <ele>211.4</ele>
      </trkpt>
      <trkpt lat="50.983698" lon="10.314363">
        <ele>211.7</ele>
      </trkpt>
      <trkpt lat="50.983694" lon="10.314479">
        <ele>212.5</ele>
      </trkpt>
      <trkpt lat="50.983694" lon="10.314585">
        <ele>212.5</ele>
      </trkpt>
      <trkpt lat="50.983536" lon="10.315126">
        <ele>212.3</ele>
      </trkpt>
      <trkpt lat="50.983525" lon="10.315189">
        <ele>212.3</ele>
      </trkpt>
      <trkpt lat="50.983465" lon="10.315552">
        <ele>212.4</ele>
      </trkpt>
      <trkpt lat="50.983406" lon="10.315914">
        <ele>212.6</ele>
      </trkpt>
      <trkpt lat="50.983293" lon="10.316597">
        <ele>213.0</ele>
      </trkpt>
      <trkpt lat="50.983181" lon="10.317279">
        <ele>213.5</ele>
      </trkpt>
      <trkpt lat="50.983094" lon="10.317864">
        <ele>213.9</ele>
      </trkpt>
      <trkpt lat="50.98306" lon="10.318088">
        <ele>213.9</ele>
      </trkpt>
      <trkpt lat="50.983046" lon="10.318194">
        <ele>214.0</ele>
      </trkpt>
      <trkpt lat="50.983041" lon="10.318244">
        <ele>213.9</ele>
      </trkpt>
      <trkpt lat="50.982956" lon="10.318803">
        <ele>214.2</ele>
      </trkpt>
      <trkpt lat="50.982881" lon="10.319352">
        <ele>214.5</ele>
      </trkpt>
      <trkpt lat="50.982806" lon="10.319901">
        <ele>214.7</ele>
      </trkpt>
      <trkpt lat="50.98273" lon="10.32045">
        <ele>214.8</ele>
      </trkpt>
      <trkpt lat="50.982645" lon="10.321076">
        <ele>214.9</ele>
      </trkpt>
      <trkpt lat="50.982559" lon="10.321701">
        <ele>215.2</ele>
      </trkpt>
      <trkpt lat="50.982467" lon="10.322267">
        <ele>215.1</ele>
      </trkpt>
      <trkpt lat="50.982376" lon="10.322833">
        <ele>215.1</ele>
      </trkpt>
      <trkpt lat="50.982284" lon="10.323399">
        <ele>215.1</ele>
      </trkpt>
      <trkpt lat="50.982193" lon="10.323965">
        <ele>215.3</ele>
      </trkpt>
      <trkpt lat="50.982126" lon="10.324375">
        <ele>215.3</ele>
      </trkpt>
      <trkpt lat="50.98204" lon="10.324939">
        <ele>216.0</ele>
      </trkpt>
      <trkpt lat="50.981982" lon="10.324909">
        <ele>214.9</ele>
      </trkpt>
      <trkpt lat="50.981962" lon="10.324904">
        <ele>215.0</ele>
        <name>Hörsel, Eisenach</name>
        <extensions>
          <oa:Extension>
            <oa:mapZoom>15</oa:mapZoom>
          </oa:Extension>
        </extensions>
      </trkpt>
      <trkpt lat="50.981581" lon="10.324806">
        <ele>216.1</ele>
      </trkpt>
      <trkpt lat="50.981411" lon="10.32477">
        <ele>215.3</ele>
      </trkpt>
      <trkpt lat="50.981161" lon="10.324712">
        <ele>215.4</ele>
      </trkpt>
      <trkpt lat="50.981085" lon="10.324692">
        <ele>215.3</ele>
      </trkpt>
      <trkpt lat="50.981113" lon="10.324334">
        <ele>214.7</ele>
      </trkpt>
      <trkpt lat="50.981124" lon="10.324224">
        <ele>214.6</ele>
      </trkpt>
      <trkpt lat="50.98114" lon="10.324069">
        <ele>214.5</ele>
      </trkpt>
      <trkpt lat="50.981205" lon="10.323443">
        <ele>214.2</ele>
      </trkpt>
      <trkpt lat="50.981211" lon="10.323391">
        <ele>214.2</ele>
      </trkpt>
      <trkpt lat="50.981224" lon="10.323264">
        <ele>214.4</ele>
      </trkpt>
      <trkpt lat="50.981203" lon="10.323191">
        <ele>214.4</ele>
      </trkpt>
      <trkpt lat="50.981164" lon="10.323134">
        <ele>214.5</ele>
      </trkpt>
      <trkpt lat="50.981073" lon="10.323095">
        <ele>214.6</ele>
      </trkpt>
      <trkpt lat="50.980784" lon="10.323028">
        <ele>214.8</ele>
      </trkpt>
      <trkpt lat="50.980494" lon="10.322962">
        <ele>214.8</ele>
      </trkpt>
      <trkpt lat="50.980453" lon="10.322953">
        <ele>214.8</ele>
      </trkpt>
      <trkpt lat="50.980406" lon="10.322942">
        <ele>214.7</ele>
      </trkpt>
      <trkpt lat="50.980144" lon="10.322874">
        <ele>214.4</ele>
      </trkpt>
      <trkpt lat="50.979881" lon="10.322807">
        <ele>214.4</ele>
      </trkpt>
      <trkpt lat="50.979748" lon="10.322771">
        <ele>214.4</ele>
      </trkpt>
      <trkpt lat="50.979513" lon="10.322707">
        <ele>214.2</ele>
      </trkpt>
      <trkpt lat="50.979319" lon="10.322671">
        <ele>214.9</ele>
      </trkpt>
      <trkpt lat="50.979176" lon="10.322668">
        <ele>215.5</ele>
      </trkpt>
      <trkpt lat="50.97886" lon="10.32266">
        <ele>216.6</ele>
      </trkpt>
      <trkpt lat="50.978823" lon="10.322659">
        <ele>216.7</ele>
      </trkpt>
      <trkpt lat="50.978675" lon="10.322656">
        <ele>216.9</ele>
      </trkpt>
      <trkpt lat="50.978632" lon="10.322654">
        <ele>217.0</ele>
      </trkpt>
      <trkpt lat="50.978343" lon="10.322635">
        <ele>217.9</ele>
      </trkpt>
      <trkpt lat="50.978055" lon="10.322616">
        <ele>218.7</ele>
      </trkpt>
      <trkpt lat="50.977623" lon="10.322628">
        <ele>219.6</ele>
      </trkpt>
      <trkpt lat="50.977558" lon="10.322615">
        <ele>219.8</ele>
      </trkpt>
      <trkpt lat="50.977482" lon="10.322601">
        <ele>219.7</ele>
      </trkpt>
      <trkpt lat="50.977158" lon="10.322621">
        <ele>219.8</ele>
      </trkpt>
      <trkpt lat="50.977081" lon="10.322626">
        <ele>219.8</ele>
      </trkpt>
      <trkpt lat="50.976928" lon="10.322644">
        <ele>219.9</ele>
      </trkpt>
      <trkpt lat="50.976595" lon="10.322724">
        <ele>220.0</ele>
      </trkpt>
      <trkpt lat="50.976498" lon="10.322772">
        <ele>220.1</ele>
      </trkpt>
      <trkpt lat="50.976478" lon="10.3223">
        <ele>219.7</ele>
      </trkpt>
      <trkpt lat="50.976475" lon="10.321938">
        <ele>219.5</ele>
      </trkpt>
      <trkpt lat="50.976472" lon="10.321576">
        <ele>219.3</ele>
      </trkpt>
      <trkpt lat="50.976489" lon="10.320977">
        <ele>218.8</ele>
      </trkpt>
      <trkpt lat="50.976496" lon="10.320649">
        <ele>218.6</ele>
      </trkpt>
      <trkpt lat="50.976499" lon="10.320289">
        <ele>218.4</ele>
      </trkpt>
      <trkpt lat="50.976501" lon="10.319929">
        <ele>218.2</ele>
      </trkpt>
      <trkpt lat="50.976326" lon="10.319917">
        <ele>218.7</ele>
      </trkpt>
      <trkpt lat="50.976105" lon="10.319944">
        <ele>219.1</ele>
      </trkpt>
      <trkpt lat="50.976143" lon="10.320137">
        <ele>219.4</ele>
      </trkpt>
      <trkpt lat="50.976158" lon="10.320245">
        <ele>219.4</ele>
      </trkpt>
      <trkpt lat="50.976087" lon="10.320275">
        <ele>219.5</ele>
      </trkpt>
      <trkpt lat="50.976117" lon="10.320483">
        <ele>220.1</ele>
        <name>St. Elisabeth</name>
        <extensions>
          <oa:Extension>
            <oa:mapZoom>15</oa:mapZoom>
          </oa:Extension>
        </extensions>
      </trkpt>
      <trkpt lat="50.976087" lon="10.320275">
        <ele>219.5</ele>
      </trkpt>
      <trkpt lat="50.976158" lon="10.320245">
        <ele>219.4</ele>
      </trkpt>
      <trkpt lat="50.976143" lon="10.320137">
        <ele>219.4</ele>
      </trkpt>
      <trkpt lat="50.976105" lon="10.319944">
        <ele>219.1</ele>
      </trkpt>
      <trkpt lat="50.975875" lon="10.320049">
        <ele>219.5</ele>
      </trkpt>
      <trkpt lat="50.975645" lon="10.320154">
        <ele>219.6</ele>
      </trkpt>
      <trkpt lat="50.975703" lon="10.320375">
        <ele>219.7</ele>
      </trkpt>
      <trkpt lat="50.975346" lon="10.320356">
        <ele>220.8</ele>
      </trkpt>
      <trkpt lat="50.97499" lon="10.320337">
        <ele>222.1</ele>
      </trkpt>
      <trkpt lat="50.974964" lon="10.320322">
        <ele>222.1</ele>
      </trkpt>
      <trkpt lat="50.974918" lon="10.320316">
        <ele>222.1</ele>
      </trkpt>
      <trkpt lat="50.974871" lon="10.320306">
        <ele>222.2</ele>
      </trkpt>
      <trkpt lat="50.974611" lon="10.320272">
        <ele>223.1</ele>
      </trkpt>
      <trkpt lat="50.974351" lon="10.320238">
        <ele>223.8</ele>
      </trkpt>
      <trkpt lat="50.974319" lon="10.320272">
        <ele>223.9</ele>
      </trkpt>
      <trkpt lat="50.974304" lon="10.320237">
        <ele>223.8</ele>
      </trkpt>
      <trkpt lat="50.974282" lon="10.320216">
        <ele>223.8</ele>
      </trkpt>
      <trkpt lat="50.974254" lon="10.320191">
        <ele>223.8</ele>
      </trkpt>
      <trkpt lat="50.974215" lon="10.320164">
        <ele>223.9</ele>
      </trkpt>
      <trkpt lat="50.974158" lon="10.320209">
        <ele>224.3</ele>
      </trkpt>
      <trkpt lat="50.974058" lon="10.320252">
        <ele>224.8</ele>
      </trkpt>
      <trkpt lat="50.973848" lon="10.320268">
        <ele>225.6</ele>
      </trkpt>
      <trkpt lat="50.973794" lon="10.32028">
        <ele>225.9</ele>
      </trkpt>
      <trkpt lat="50.973426" lon="10.320358">
        <ele>227.9</ele>
      </trkpt>
      <trkpt lat="50.97336" lon="10.320363">
        <ele>228.3</ele>
      </trkpt>
      <trkpt lat="50.973206" lon="10.320348">
        <ele>229.4</ele>
      </trkpt>
      <trkpt lat="50.97308" lon="10.320357">
        <ele>230.5</ele>
      </trkpt>
      <trkpt lat="50.972994" lon="10.320437">
        <ele>231.3</ele>
      </trkpt>
      <trkpt lat="50.97292" lon="10.320588">
        <ele>232.0</ele>
      </trkpt>
      <trkpt lat="50.972849" lon="10.320798">
        <ele>232.8</ele>
      </trkpt>
      <trkpt lat="50.972758" lon="10.321213">
        <ele>234.0</ele>
      </trkpt>
      <trkpt lat="50.972723" lon="10.321384">
        <ele>234.5</ele>
      </trkpt>
      <trkpt lat="50.972622" lon="10.321648">
        <ele>235.1</ele>
      </trkpt>
      <trkpt lat="50.972455" lon="10.321935">
        <ele>235.1</ele>
      </trkpt>
      <trkpt lat="50.972335" lon="10.322064">
        <ele>235.2</ele>
      </trkpt>
      <trkpt lat="50.972234" lon="10.322165">
        <ele>235.0</ele>
      </trkpt>
      <trkpt lat="50.972034" lon="10.322317">
        <ele>234.7</ele>
      </trkpt>
      <trkpt lat="50.971794" lon="10.322453">
        <ele>234.2</ele>
      </trkpt>
      <trkpt lat="50.971769" lon="10.32248">
        <ele>234.2</ele>
      </trkpt>
      <trkpt lat="50.971708" lon="10.322649">
        <ele>233.6</ele>
      </trkpt>
      <trkpt lat="50.971636" lon="10.322753">
        <ele>233.2</ele>
      </trkpt>
      <trkpt lat="50.971592" lon="10.322881">
        <ele>232.7</ele>
      </trkpt>
      <trkpt lat="50.971522" lon="10.323056">
        <ele>232.1</ele>
      </trkpt>
      <trkpt lat="50.97144" lon="10.323261">
        <ele>231.3</ele>
      </trkpt>
      <trkpt lat="50.971407" lon="10.323346">
        <ele>231.1</ele>
      </trkpt>
      <trkpt lat="50.971366" lon="10.323456">
        <ele>230.8</ele>
      </trkpt>
      <trkpt lat="50.971372" lon="10.323575">
        <ele>230.5</ele>
      </trkpt>
      <trkpt lat="50.97122" lon="10.323601">
        <ele>230.6</ele>
      </trkpt>
      <trkpt lat="50.970928" lon="10.323636">
        <ele>230.5</ele>
      </trkpt>
      <trkpt lat="50.970711" lon="10.323659">
        <ele>230.5</ele>
      </trkpt>
      <trkpt lat="50.970452" lon="10.323685">
        <ele>230.8</ele>
      </trkpt>
      <trkpt lat="50.970207" lon="10.323589">
        <ele>230.7</ele>
      </trkpt>
      <trkpt lat="50.969964" lon="10.323386">
        <ele>230.5</ele>
      </trkpt>
      <trkpt lat="50.969737" lon="10.323178">
        <ele>231.0</ele>
      </trkpt>
      <trkpt lat="50.96951" lon="10.322969">
        <ele>231.8</ele>
      </trkpt>
      <trkpt lat="50.969262" lon="10.322782">
        <ele>232.4</ele>
      </trkpt>
      <trkpt lat="50.969014" lon="10.322594">
        <ele>232.9</ele>
      </trkpt>
      <trkpt lat="50.968786" lon="10.322427">
        <ele>233.5</ele>
      </trkpt>
      <trkpt lat="50.968448" lon="10.322171">
        <ele>234.5</ele>
      </trkpt>
      <trkpt lat="50.96831" lon="10.321985">
        <ele>234.9</ele>
      </trkpt>
      <trkpt lat="50.968202" lon="10.321841">
        <ele>235.1</ele>
      </trkpt>
      <trkpt lat="50.968171" lon="10.321825">
        <ele>235.2</ele>
      </trkpt>
      <trkpt lat="50.968134" lon="10.321822">
        <ele>235.1</ele>
      </trkpt>
      <trkpt lat="50.968077" lon="10.321838">
        <ele>235.0</ele>
      </trkpt>
      <trkpt lat="50.968049" lon="10.321693">
        <ele>235.1</ele>
      </trkpt>
      <trkpt lat="50.968033" lon="10.321636">
        <ele>235.1</ele>
      </trkpt>
      <trkpt lat="50.968014" lon="10.321584">
        <ele>235.1</ele>
      </trkpt>
      <trkpt lat="50.967966" lon="10.321482">
        <ele>235.1</ele>
      </trkpt>
      <trkpt lat="50.967922" lon="10.321411">
        <ele>235.0</ele>
      </trkpt>
      <trkpt lat="50.967827" lon="10.321295">
        <ele>235.0</ele>
      </trkpt>
      <trkpt lat="50.967814" lon="10.321282">
        <ele>235.0</ele>
        <name>Eisenach, Wartburgallee / Reutervilla, Eisenach</name>
        <extensions>
          <oa:Extension>
            <oa:mapZoom>16</oa:mapZoom>
          </oa:Extension>
        </extensions>
      </trkpt>
      <trkpt lat="50.967703" lon="10.321171">
        <ele>235.1</ele>
      </trkpt>
      <trkpt lat="50.967461" lon="10.320976">
        <ele>235.2</ele>
      </trkpt>
      <trkpt lat="50.967356" lon="10.320886">
        <ele>235.3</ele>
      </trkpt>
      <trkpt lat="50.967237" lon="10.320773">
        <ele>235.4</ele>
      </trkpt>
      <trkpt lat="50.967117" lon="10.320646">
        <ele>235.5</ele>
      </trkpt>
      <trkpt lat="50.966981" lon="10.320488">
        <ele>235.6</ele>
      </trkpt>
      <trkpt lat="50.966654" lon="10.320089">
        <ele>235.9</ele>
      </trkpt>
      <trkpt lat="50.966585" lon="10.320001">
        <ele>236.1</ele>
      </trkpt>
      <trkpt lat="50.966431" lon="10.31981">
        <ele>236.3</ele>
      </trkpt>
      <trkpt lat="50.966406" lon="10.319844">
        <ele>236.3</ele>
      </trkpt>
      <trkpt lat="50.966366" lon="10.31988">
        <ele>236.4</ele>
      </trkpt>
      <trkpt lat="50.966265" lon="10.319708">
        <ele>236.6</ele>
      </trkpt>
      <trkpt lat="50.966126" lon="10.319541">
        <ele>236.6</ele>
      </trkpt>
      <trkpt lat="50.965915" lon="10.319128">
        <ele>236.8</ele>
      </trkpt>
      <trkpt lat="50.965704" lon="10.318715">
        <ele>236.9</ele>
      </trkpt>
      <trkpt lat="50.965501" lon="10.318294">
        <ele>237.2</ele>
      </trkpt>
      <trkpt lat="50.965299" lon="10.317873">
        <ele>237.5</ele>
      </trkpt>
      <trkpt lat="50.96507" lon="10.317427">
        <ele>238.0</ele>
      </trkpt>
      <trkpt lat="50.964919" lon="10.317155">
        <ele>238.3</ele>
      </trkpt>
      <trkpt lat="50.964732" lon="10.316843">
        <ele>238.6</ele>
      </trkpt>
      <trkpt lat="50.964611" lon="10.316696">
        <ele>239.2</ele>
      </trkpt>
      <trkpt lat="50.964555" lon="10.316817">
        <ele>239.3</ele>
      </trkpt>
      <trkpt lat="50.964276" lon="10.316624">
        <ele>241.2</ele>
      </trkpt>
      <trkpt lat="50.964194" lon="10.316495">
        <ele>241.3</ele>
      </trkpt>
      <trkpt lat="50.964082" lon="10.316411">
        <ele>241.5</ele>
      </trkpt>
      <trkpt lat="50.963976" lon="10.316333">
        <ele>241.9</ele>
      </trkpt>
      <trkpt lat="50.963592" lon="10.316196">
        <ele>244.8</ele>
      </trkpt>
      <trkpt lat="50.963208" lon="10.316058">
        <ele>245.2</ele>
      </trkpt>
      <trkpt lat="50.962879" lon="10.316012">
        <ele>246.0</ele>
      </trkpt>
      <trkpt lat="50.962551" lon="10.315965">
        <ele>246.1</ele>
      </trkpt>
      <trkpt lat="50.96222" lon="10.315805">
        <ele>245.8</ele>
      </trkpt>
      <trkpt lat="50.961889" lon="10.315645">
        <ele>246.5</ele>
      </trkpt>
      <trkpt lat="50.961559" lon="10.315485">
        <ele>247.3</ele>
      </trkpt>
      <trkpt lat="50.961409" lon="10.315396">
        <ele>247.2</ele>
      </trkpt>
      <trkpt lat="50.961232" lon="10.315316">
        <ele>247.8</ele>
      </trkpt>
      <trkpt lat="50.961041" lon="10.315213">
        <ele>248.0</ele>
      </trkpt>
      <trkpt lat="50.960846" lon="10.315044">
        <ele>248.4</ele>
      </trkpt>
      <trkpt lat="50.960665" lon="10.31486">
        <ele>248.4</ele>
      </trkpt>
      <trkpt lat="50.960349" lon="10.314402">
        <ele>248.3</ele>
      </trkpt>
      <trkpt lat="50.960034" lon="10.313944">
        <ele>248.5</ele>
      </trkpt>
      <trkpt lat="50.959941" lon="10.313717">
        <ele>248.8</ele>
      </trkpt>
      <trkpt lat="50.959874" lon="10.31356">
        <ele>249.1</ele>
      </trkpt>
      <trkpt lat="50.959762" lon="10.313356">
        <ele>249.3</ele>
      </trkpt>
      <trkpt lat="50.959669" lon="10.313204">
        <ele>249.5</ele>
      </trkpt>
      <trkpt lat="50.959494" lon="10.312972">
        <ele>249.7</ele>
      </trkpt>
      <trkpt lat="50.959286" lon="10.312759">
        <ele>250.0</ele>
      </trkpt>
      <trkpt lat="50.959423" lon="10.312406">
        <ele>248.3</ele>
      </trkpt>
      <trkpt lat="50.959414" lon="10.312282">
        <ele>248.3</ele>
      </trkpt>
      <trkpt lat="50.959411" lon="10.312233">
        <ele>248.5</ele>
      </trkpt>
      <trkpt lat="50.959373" lon="10.31202">
        <ele>249.4</ele>
      </trkpt>
      <trkpt lat="50.959254" lon="10.311903">
        <ele>249.6</ele>
      </trkpt>
      <trkpt lat="50.959193" lon="10.311841">
        <ele>249.7</ele>
      </trkpt>
      <trkpt lat="50.959041" lon="10.311697">
        <ele>250.0</ele>
      </trkpt>
      <trkpt lat="50.958974" lon="10.311636">
        <ele>250.1</ele>
      </trkpt>
      <trkpt lat="50.958742" lon="10.311431">
        <ele>250.6</ele>
      </trkpt>
      <trkpt lat="50.958491" lon="10.311222">
        <ele>251.1</ele>
      </trkpt>
      <trkpt lat="50.958333" lon="10.31111">
        <ele>251.4</ele>
      </trkpt>
      <trkpt lat="50.958214" lon="10.311032">
        <ele>251.4</ele>
      </trkpt>
      <trkpt lat="50.958175" lon="10.311007">
        <ele>250.7</ele>
      </trkpt>
      <trkpt lat="50.958164" lon="10.311001">
        <ele>251.8</ele>
      </trkpt>
      <trkpt lat="50.958121" lon="10.310975">
        <ele>251.8</ele>
      </trkpt>
      <trkpt lat="50.958007" lon="10.310909">
        <ele>252.1</ele>
      </trkpt>
      <trkpt lat="50.957764" lon="10.310778">
        <ele>252.5</ele>
      </trkpt>
      <trkpt lat="50.95749" lon="10.310621">
        <ele>252.9</ele>
      </trkpt>
      <trkpt lat="50.957237" lon="10.31049">
        <ele>253.4</ele>
      </trkpt>
      <trkpt lat="50.956984" lon="10.31036">
        <ele>254.0</ele>
      </trkpt>
      <trkpt lat="50.956718" lon="10.310221">
        <ele>254.5</ele>
      </trkpt>
      <trkpt lat="50.956453" lon="10.310082">
        <ele>255.0</ele>
      </trkpt>
      <trkpt lat="50.956084" lon="10.309883">
        <ele>255.8</ele>
      </trkpt>
      <trkpt lat="50.955715" lon="10.309685">
        <ele>256.5</ele>
      </trkpt>
      <trkpt lat="50.955385" lon="10.309508">
        <ele>257.1</ele>
      </trkpt>
      <trkpt lat="50.955056" lon="10.30933">
        <ele>257.6</ele>
      </trkpt>
      <trkpt lat="50.954699" lon="10.309146">
        <ele>258.3</ele>
      </trkpt>
      <trkpt lat="50.954284" lon="10.308925">
        <ele>259.1</ele>
      </trkpt>
      <trkpt lat="50.954062" lon="10.308806">
        <ele>259.5</ele>
      </trkpt>
      <trkpt lat="50.95384" lon="10.308687">
        <ele>260.1</ele>
      </trkpt>
      <trkpt lat="50.953681" lon="10.3086">
        <ele>260.5</ele>
      </trkpt>
      <trkpt lat="50.953685" lon="10.308539">
        <ele>260.2</ele>
      </trkpt>
      <trkpt lat="50.953329" lon="10.308341">
        <ele>261.1</ele>
      </trkpt>
      <trkpt lat="50.953239" lon="10.308287">
        <ele>261.3</ele>
      </trkpt>
      <trkpt lat="50.953195" lon="10.308216">
        <ele>261.4</ele>
      </trkpt>
      <trkpt lat="50.953162" lon="10.308139">
        <ele>261.7</ele>
      </trkpt>
      <trkpt lat="50.953127" lon="10.308098">
        <ele>261.8</ele>
      </trkpt>
      <trkpt lat="50.953048" lon="10.308049">
        <ele>262.3</ele>
      </trkpt>
      <trkpt lat="50.953025" lon="10.308001">
        <ele>262.5</ele>
      </trkpt>
      <trkpt lat="50.952815" lon="10.307717">
        <ele>265.4</ele>
      </trkpt>
      <trkpt lat="50.952745" lon="10.307625">
        <ele>267.0</ele>
      </trkpt>
      <trkpt lat="50.952684" lon="10.307597">
        <ele>268.1</ele>
      </trkpt>
      <trkpt lat="50.952629" lon="10.307571">
        <ele>269.2</ele>
      </trkpt>
      <trkpt lat="50.952535" lon="10.307576">
        <ele>270.7</ele>
      </trkpt>
      <trkpt lat="50.952314" lon="10.307728">
        <ele>274.6</ele>
      </trkpt>
      <trkpt lat="50.95195" lon="10.308009">
        <ele>280.8</ele>
      </trkpt>
      <trkpt lat="50.95162" lon="10.308196">
        <ele>286.5</ele>
      </trkpt>
      <trkpt lat="50.951535" lon="10.308229">
        <ele>287.9</ele>
      </trkpt>
      <trkpt lat="50.95137" lon="10.308293">
        <ele>290.4</ele>
      </trkpt>
      <trkpt lat="50.951119" lon="10.30831">
        <ele>293.4</ele>
      </trkpt>
      <trkpt lat="50.950963" lon="10.308267">
        <ele>295.2</ele>
      </trkpt>
      <trkpt lat="50.950923" lon="10.308175">
        <ele>295.8</ele>
      </trkpt>
      <trkpt lat="50.950894" lon="10.308034">
        <ele>296.3</ele>
      </trkpt>
      <trkpt lat="50.950907" lon="10.307858">
        <ele>296.7</ele>
      </trkpt>
      <trkpt lat="50.950954" lon="10.307759">
        <ele>296.8</ele>
      </trkpt>
      <trkpt lat="50.950926" lon="10.307706">
        <ele>296.9</ele>
        <name>Sängerwiese, Eisenach</name>
        <extensions>
          <oa:Extension>
            <oa:mapZoom>16</oa:mapZoom>
          </oa:Extension>
        </extensions>
      </trkpt>
      <trkpt lat="50.950828" lon="10.307516">
        <ele>297.4</ele>
      </trkpt>
      <trkpt lat="50.950787" lon="10.307446">
        <ele>297.7</ele>
      </trkpt>
      <trkpt lat="50.950708" lon="10.307346">
        <ele>298.4</ele>
      </trkpt>
      <trkpt lat="50.950635" lon="10.307308">
        <ele>298.9</ele>
      </trkpt>
      <trkpt lat="50.950554" lon="10.307304">
        <ele>299.8</ele>
      </trkpt>
      <trkpt lat="50.950484" lon="10.307367">
        <ele>300.7</ele>
      </trkpt>
      <trkpt lat="50.950416" lon="10.307458">
        <ele>302.0</ele>
      </trkpt>
      <trkpt lat="50.950344" lon="10.307572">
        <ele>303.4</ele>
      </trkpt>
      <trkpt lat="50.950278" lon="10.307646">
        <ele>304.4</ele>
      </trkpt>
      <trkpt lat="50.950198" lon="10.307661">
        <ele>305.1</ele>
      </trkpt>
      <trkpt lat="50.950104" lon="10.307638">
        <ele>305.7</ele>
      </trkpt>
      <trkpt lat="50.950053" lon="10.307599">
        <ele>306.0</ele>
      </trkpt>
      <trkpt lat="50.950009" lon="10.30756">
        <ele>306.2</ele>
      </trkpt>
      <trkpt lat="50.9498" lon="10.307381">
        <ele>306.8</ele>
      </trkpt>
      <trkpt lat="50.949592" lon="10.307202">
        <ele>307.0</ele>
      </trkpt>
      <trkpt lat="50.949376" lon="10.307006">
        <ele>306.6</ele>
      </trkpt>
      <trkpt lat="50.949161" lon="10.306809">
        <ele>305.7</ele>
      </trkpt>
      <trkpt lat="50.948963" lon="10.306569">
        <ele>305.2</ele>
      </trkpt>
      <trkpt lat="50.948766" lon="10.30633">
        <ele>304.6</ele>
      </trkpt>
      <trkpt lat="50.94859" lon="10.306099">
        <ele>303.0</ele>
      </trkpt>
      <trkpt lat="50.948414" lon="10.305868">
        <ele>301.0</ele>
      </trkpt>
      <trkpt lat="50.948237" lon="10.305585">
        <ele>298.9</ele>
      </trkpt>
      <trkpt lat="50.94806" lon="10.305303">
        <ele>296.7</ele>
      </trkpt>
      <trkpt lat="50.947908" lon="10.304993">
        <ele>294.9</ele>
      </trkpt>
      <trkpt lat="50.9478" lon="10.30474">
        <ele>293.7</ele>
      </trkpt>
      <trkpt lat="50.947732" lon="10.30459">
        <ele>293.1</ele>
      </trkpt>
      <trkpt lat="50.947607" lon="10.304396">
        <ele>292.4</ele>
      </trkpt>
      <trkpt lat="50.947447" lon="10.304205">
        <ele>292.1</ele>
      </trkpt>
      <trkpt lat="50.947113" lon="10.303803">
        <ele>292.7</ele>
      </trkpt>
      <trkpt lat="50.947045" lon="10.303678">
        <ele>293.0</ele>
      </trkpt>
      <trkpt lat="50.946974" lon="10.303558">
        <ele>293.2</ele>
      </trkpt>
      <trkpt lat="50.946913" lon="10.303487">
        <ele>293.3</ele>
      </trkpt>
      <trkpt lat="50.946833" lon="10.303411">
        <ele>293.6</ele>
      </trkpt>
      <trkpt lat="50.946733" lon="10.303307">
        <ele>293.9</ele>
      </trkpt>
      <trkpt lat="50.946494" lon="10.303015">
        <ele>294.3</ele>
      </trkpt>
      <trkpt lat="50.946491" lon="10.303008">
        <ele>294.4</ele>
        <name>Wälder mit Schluchten zwischen Wartburg und Hohe Sonne, Eisenach</name>
        <extensions>
          <oa:Extension>
            <oa:mapZoom>15</oa:mapZoom>
          </oa:Extension>
        </extensions>
      </trkpt>
      <trkpt lat="50.946419" lon="10.30283">
        <ele>294.9</ele>
      </trkpt>
      <trkpt lat="50.946248" lon="10.302548">
        <ele>295.7</ele>
      </trkpt>
      <trkpt lat="50.945994" lon="10.302239">
        <ele>296.8</ele>
      </trkpt>
      <trkpt lat="50.945815" lon="10.302003">
        <ele>297.4</ele>
      </trkpt>
      <trkpt lat="50.945636" lon="10.301767">
        <ele>297.9</ele>
      </trkpt>
      <trkpt lat="50.945452" lon="10.301544">
        <ele>298.5</ele>
      </trkpt>
      <trkpt lat="50.945268" lon="10.301321">
        <ele>299.3</ele>
      </trkpt>
      <trkpt lat="50.945069" lon="10.301061">
        <ele>300.4</ele>
      </trkpt>
      <trkpt lat="50.944871" lon="10.3008">
        <ele>301.0</ele>
      </trkpt>
      <trkpt lat="50.944783" lon="10.30062">
        <ele>301.3</ele>
      </trkpt>
      <trkpt lat="50.9446" lon="10.300084">
        <ele>302.7</ele>
      </trkpt>
      <trkpt lat="50.944418" lon="10.299547">
        <ele>305.1</ele>
      </trkpt>
      <trkpt lat="50.944333" lon="10.299148">
        <ele>307.7</ele>
      </trkpt>
      <trkpt lat="50.944295" lon="10.298887">
        <ele>309.7</ele>
      </trkpt>
      <trkpt lat="50.944229" lon="10.298342">
        <ele>315.2</ele>
      </trkpt>
      <trkpt lat="50.944166" lon="10.29822">
        <ele>317.1</ele>
      </trkpt>
      <trkpt lat="50.944079" lon="10.298191">
        <ele>318.6</ele>
      </trkpt>
      <trkpt lat="50.943983" lon="10.298249">
        <ele>319.9</ele>
      </trkpt>
      <trkpt lat="50.943854" lon="10.298368">
        <ele>321.8</ele>
      </trkpt>
      <trkpt lat="50.943751" lon="10.298531">
        <ele>323.2</ele>
      </trkpt>
      <trkpt lat="50.943672" lon="10.299146">
        <ele>324.5</ele>
      </trkpt>
      <trkpt lat="50.943545" lon="10.299677">
        <ele>326.0</ele>
      </trkpt>
      <trkpt lat="50.943418" lon="10.300065">
        <ele>326.7</ele>
      </trkpt>
      <trkpt lat="50.943474" lon="10.300482">
        <ele>327.6</ele>
      </trkpt>
      <trkpt lat="50.943648" lon="10.300956">
        <ele>329.4</ele>
      </trkpt>
      <trkpt lat="50.943809" lon="10.301417">
        <ele>332.7</ele>
      </trkpt>
      <trkpt lat="50.943977" lon="10.301836">
        <ele>335.7</ele>
      </trkpt>
      <trkpt lat="50.944024" lon="10.301992">
        <ele>336.7</ele>
      </trkpt>
      <trkpt lat="50.944043" lon="10.302112">
        <ele>337.4</ele>
      </trkpt>
      <trkpt lat="50.944052" lon="10.302249">
        <ele>338.4</ele>
      </trkpt>
      <trkpt lat="50.944046" lon="10.302394">
        <ele>339.5</ele>
      </trkpt>
      <trkpt lat="50.944026" lon="10.302467">
        <ele>340.1</ele>
      </trkpt>
      <trkpt lat="50.943968" lon="10.302625">
        <ele>341.6</ele>
      </trkpt>
      <trkpt lat="50.943892" lon="10.302772">
        <ele>343.1</ele>
      </trkpt>
      <trkpt lat="50.943767" lon="10.302978">
        <ele>345.6</ele>
      </trkpt>
      <trkpt lat="50.943582" lon="10.303213">
        <ele>348.8</ele>
      </trkpt>
      <trkpt lat="50.943501" lon="10.303306">
        <ele>349.9</ele>
      </trkpt>
      <trkpt lat="50.943266" lon="10.303584">
        <ele>352.8</ele>
      </trkpt>
      <trkpt lat="50.943031" lon="10.303862">
        <ele>354.7</ele>
      </trkpt>
      <trkpt lat="50.942983" lon="10.303931">
        <ele>355.0</ele>
      </trkpt>
      <trkpt lat="50.942931" lon="10.303991">
        <ele>355.2</ele>
      </trkpt>
      <trkpt lat="50.942876" lon="10.304042">
        <ele>355.6</ele>
      </trkpt>
      <trkpt lat="50.942817" lon="10.304082">
        <ele>356.1</ele>
      </trkpt>
      <trkpt lat="50.942755" lon="10.304112">
        <ele>356.3</ele>
      </trkpt>
      <trkpt lat="50.942692" lon="10.30413">
        <ele>356.5</ele>
      </trkpt>
      <trkpt lat="50.942623" lon="10.304137">
        <ele>356.5</ele>
      </trkpt>
      <trkpt lat="50.942554" lon="10.304131">
        <ele>356.7</ele>
      </trkpt>
      <trkpt lat="50.942486" lon="10.304112">
        <ele>357.0</ele>
      </trkpt>
      <trkpt lat="50.942214" lon="10.303999">
        <ele>356.8</ele>
      </trkpt>
      <trkpt lat="50.941967" lon="10.303873">
        <ele>356.2</ele>
      </trkpt>
      <trkpt lat="50.941733" lon="10.303689">
        <ele>355.4</ele>
      </trkpt>
      <trkpt lat="50.941543" lon="10.303512">
        <ele>355.0</ele>
      </trkpt>
      <trkpt lat="50.941319" lon="10.303329">
        <ele>354.6</ele>
      </trkpt>
      <trkpt lat="50.941156" lon="10.303232">
        <ele>354.2</ele>
      </trkpt>
      <trkpt lat="50.940917" lon="10.303076">
        <ele>354.4</ele>
      </trkpt>
      <trkpt lat="50.940588" lon="10.302871">
        <ele>353.4</ele>
      </trkpt>
      <trkpt lat="50.940425" lon="10.302702">
        <ele>353.0</ele>
      </trkpt>
      <trkpt lat="50.940317" lon="10.302647">
        <ele>352.9</ele>
      </trkpt>
      <trkpt lat="50.940245" lon="10.302716">
        <ele>352.8</ele>
      </trkpt>
      <trkpt lat="50.940193" lon="10.302869">
        <ele>352.6</ele>
      </trkpt>
      <trkpt lat="50.940163" lon="10.303032">
        <ele>352.4</ele>
      </trkpt>
      <trkpt lat="50.940162" lon="10.303186">
        <ele>352.0</ele>
      </trkpt>
      <trkpt lat="50.940192" lon="10.30342">
        <ele>352.2</ele>
      </trkpt>
      <trkpt lat="50.940269" lon="10.303886">
        <ele>353.9</ele>
      </trkpt>
      <trkpt lat="50.940345" lon="10.304351">
        <ele>355.9</ele>
      </trkpt>
      <trkpt lat="50.940411" lon="10.304783">
        <ele>358.3</ele>
      </trkpt>
      <trkpt lat="50.940411" lon="10.305205">
        <ele>361.4</ele>
      </trkpt>
      <trkpt lat="50.940371" lon="10.305589">
        <ele>365.0</ele>
      </trkpt>
      <trkpt lat="50.940288" lon="10.305865">
        <ele>367.0</ele>
      </trkpt>
      <trkpt lat="50.940173" lon="10.306016">
        <ele>368.8</ele>
      </trkpt>
      <trkpt lat="50.939978" lon="10.306166">
        <ele>371.3</ele>
      </trkpt>
      <trkpt lat="50.939631" lon="10.3063">
        <ele>374.5</ele>
      </trkpt>
      <trkpt lat="50.939284" lon="10.306434">
        <ele>375.8</ele>
      </trkpt>
      <trkpt lat="50.939038" lon="10.30658">
        <ele>375.3</ele>
      </trkpt>
      <trkpt lat="50.938923" lon="10.306718">
        <ele>375.1</ele>
      </trkpt>
      <trkpt lat="50.938836" lon="10.306926">
        <ele>376.7</ele>
      </trkpt>
      <trkpt lat="50.938729" lon="10.307239">
        <ele>380.4</ele>
      </trkpt>
      <trkpt lat="50.938591" lon="10.307614">
        <ele>384.0</ele>
      </trkpt>
      <trkpt lat="50.938455" lon="10.30797">
        <ele>388.1</ele>
      </trkpt>
      <trkpt lat="50.938302" lon="10.308451">
        <ele>392.6</ele>
      </trkpt>
      <trkpt lat="50.93821" lon="10.308824">
        <ele>393.4</ele>
      </trkpt>
      <trkpt lat="50.938118" lon="10.309196">
        <ele>393.9</ele>
      </trkpt>
      <trkpt lat="50.937985" lon="10.309429">
        <ele>395.8</ele>
      </trkpt>
      <trkpt lat="50.937868" lon="10.309614">
        <ele>397.0</ele>
      </trkpt>
      <trkpt lat="50.937719" lon="10.309681">
        <ele>397.4</ele>
      </trkpt>
      <trkpt lat="50.937663" lon="10.309695">
        <ele>397.2</ele>
        <name>Wälder mit Schluchten zwischen Wartburg und Hohe Sonne, Eisenach</name>
        <extensions>
          <oa:Extension>
            <oa:mapZoom>15</oa:mapZoom>
          </oa:Extension>
        </extensions>
      </trkpt>
      <trkpt lat="50.937569" lon="10.309719">
        <ele>396.9</ele>
      </trkpt>
      <trkpt lat="50.937408" lon="10.30968">
        <ele>396.4</ele>
      </trkpt>
      <trkpt lat="50.937153" lon="10.309566">
        <ele>395.7</ele>
      </trkpt>
      <trkpt lat="50.936897" lon="10.309452">
        <ele>395.3</ele>
      </trkpt>
      <trkpt lat="50.936786" lon="10.309428">
        <ele>395.3</ele>
      </trkpt>
      <trkpt lat="50.936464" lon="10.309393">
        <ele>395.1</ele>
      </trkpt>
      <trkpt lat="50.936142" lon="10.309359">
        <ele>393.6</ele>
      </trkpt>
      <trkpt lat="50.936047" lon="10.309395">
        <ele>393.1</ele>
      </trkpt>
      <trkpt lat="50.935997" lon="10.309531">
        <ele>393.1</ele>
      </trkpt>
      <trkpt lat="50.935805" lon="10.310008">
        <ele>394.8</ele>
      </trkpt>
      <trkpt lat="50.935683" lon="10.310312">
        <ele>397.1</ele>
      </trkpt>
      <trkpt lat="50.935562" lon="10.310616">
        <ele>399.1</ele>
      </trkpt>
      <trkpt lat="50.935481" lon="10.310811">
        <ele>399.9</ele>
      </trkpt>
      <trkpt lat="50.935275" lon="10.311271">
        <ele>402.1</ele>
      </trkpt>
      <trkpt lat="50.935157" lon="10.31158">
        <ele>403.9</ele>
      </trkpt>
      <trkpt lat="50.934961" lon="10.312051">
        <ele>408.1</ele>
      </trkpt>
      <trkpt lat="50.934799" lon="10.312451">
        <ele>412.5</ele>
      </trkpt>
      <trkpt lat="50.934637" lon="10.31285">
        <ele>416.5</ele>
      </trkpt>
      <trkpt lat="50.934439" lon="10.313342">
        <ele>420.6</ele>
      </trkpt>
      <trkpt lat="50.934298" lon="10.313626">
        <ele>422.8</ele>
      </trkpt>
      <trkpt lat="50.934086" lon="10.313854">
        <ele>425.1</ele>
      </trkpt>
      <trkpt lat="50.933814" lon="10.314063">
        <ele>427.6</ele>
      </trkpt>
      <trkpt lat="50.933512" lon="10.31428">
        <ele>428.7</ele>
      </trkpt>
      <trkpt lat="50.93321" lon="10.314497">
        <ele>429.4</ele>
      </trkpt>
      <trkpt lat="50.932956" lon="10.314722">
        <ele>429.8</ele>
      </trkpt>
      <trkpt lat="50.932722" lon="10.314982">
        <ele>429.3</ele>
      </trkpt>
      <trkpt lat="50.932488" lon="10.315241">
        <ele>428.5</ele>
      </trkpt>
      <trkpt lat="50.932369" lon="10.315386">
        <ele>428.7</ele>
      </trkpt>
      <trkpt lat="50.93231" lon="10.315486">
        <ele>428.9</ele>
      </trkpt>
      <trkpt lat="50.932191" lon="10.315724">
        <ele>430.0</ele>
      </trkpt>
      <trkpt lat="50.932127" lon="10.315956">
        <ele>431.1</ele>
      </trkpt>
      <trkpt lat="50.932082" lon="10.316226">
        <ele>431.9</ele>
      </trkpt>
      <trkpt lat="50.932059" lon="10.316441">
        <ele>432.6</ele>
      </trkpt>
      <trkpt lat="50.932033" lon="10.316726">
        <ele>433.0</ele>
      </trkpt>
      <trkpt lat="50.932019" lon="10.317156">
        <ele>433.6</ele>
      </trkpt>
      <trkpt lat="50.932082" lon="10.317506">
        <ele>433.0</ele>
      </trkpt>
      <trkpt lat="50.932145" lon="10.317856">
        <ele>432.5</ele>
      </trkpt>
      <trkpt lat="50.932146" lon="10.317925">
        <ele>432.5</ele>
      </trkpt>
      <trkpt lat="50.932147" lon="10.317959">
        <ele>432.5</ele>
      </trkpt>
      <trkpt lat="50.932141" lon="10.318147">
        <ele>432.6</ele>
      </trkpt>
      <trkpt lat="50.93214" lon="10.318282">
        <ele>432.6</ele>
      </trkpt>
      <trkpt lat="50.932143" lon="10.318313">
        <ele>432.7</ele>
      </trkpt>
      <trkpt lat="50.932162" lon="10.318419">
        <ele>433.0</ele>
      </trkpt>
      <trkpt lat="50.932217" lon="10.318699">
        <ele>433.2</ele>
      </trkpt>
      <trkpt lat="50.932245" lon="10.318855">
        <ele>433.7</ele>
      </trkpt>
      <trkpt lat="50.932235" lon="10.318942">
        <ele>434.1</ele>
      </trkpt>
      <trkpt lat="50.932219" lon="10.31904">
        <ele>434.4</ele>
      </trkpt>
      <trkpt lat="50.9321" lon="10.319001">
        <ele>434.5</ele>
      </trkpt>
      <trkpt lat="50.932015" lon="10.31897">
        <ele>434.4</ele>
        <name>Hohe Sonne, Eisenach</name>
        <extensions>
          <oa:Extension>
            <oa:mapZoom>15</oa:mapZoom>
          </oa:Extension>
        </extensions>
      </trkpt>
      <trkpt lat="50.931918" lon="10.318934">
        <ele>434.3</ele>
      </trkpt>
      <trkpt lat="50.931745" lon="10.318862">
        <ele>434.0</ele>
      </trkpt>
      <trkpt lat="50.931461" lon="10.31873">
        <ele>432.7</ele>
      </trkpt>
      <trkpt lat="50.93131" lon="10.318658">
        <ele>431.9</ele>
      </trkpt>
      <trkpt lat="50.931232" lon="10.318613">
        <ele>431.3</ele>
      </trkpt>
      <trkpt lat="50.931162" lon="10.31855">
        <ele>430.7</ele>
      </trkpt>
      <trkpt lat="50.931102" lon="10.318466">
        <ele>430.1</ele>
      </trkpt>
      <trkpt lat="50.93106" lon="10.318371">
        <ele>429.4</ele>
      </trkpt>
      <trkpt lat="50.93102" lon="10.318249">
        <ele>428.6</ele>
      </trkpt>
      <trkpt lat="50.930952" lon="10.318025">
        <ele>427.2</ele>
      </trkpt>
      <trkpt lat="50.930886" lon="10.317815">
        <ele>425.9</ele>
      </trkpt>
      <trkpt lat="50.930802" lon="10.317611">
        <ele>424.6</ele>
      </trkpt>
      <trkpt lat="50.930699" lon="10.317404">
        <ele>423.0</ele>
      </trkpt>
      <trkpt lat="50.930574" lon="10.317173">
        <ele>421.4</ele>
      </trkpt>
      <trkpt lat="50.930492" lon="10.317031">
        <ele>420.6</ele>
      </trkpt>
      <trkpt lat="50.930346" lon="10.31675">
        <ele>418.8</ele>
      </trkpt>
      <trkpt lat="50.9302" lon="10.316469">
        <ele>417.3</ele>
      </trkpt>
      <trkpt lat="50.930059" lon="10.316242">
        <ele>416.3</ele>
      </trkpt>
      <trkpt lat="50.929888" lon="10.315976">
        <ele>415.0</ele>
      </trkpt>
      <trkpt lat="50.929716" lon="10.31571">
        <ele>413.6</ele>
      </trkpt>
      <trkpt lat="50.929572" lon="10.315479">
        <ele>412.4</ele>
      </trkpt>
      <trkpt lat="50.929472" lon="10.315296">
        <ele>411.5</ele>
      </trkpt>
      <trkpt lat="50.929402" lon="10.315151">
        <ele>410.7</ele>
      </trkpt>
      <trkpt lat="50.929335" lon="10.314963">
        <ele>409.6</ele>
      </trkpt>
      <trkpt lat="50.929284" lon="10.314785">
        <ele>408.6</ele>
      </trkpt>
      <trkpt lat="50.929247" lon="10.314587">
        <ele>407.5</ele>
      </trkpt>
      <trkpt lat="50.929222" lon="10.314411">
        <ele>406.5</ele>
      </trkpt>
      <trkpt lat="50.929206" lon="10.314166">
        <ele>405.2</ele>
      </trkpt>
      <trkpt lat="50.929207" lon="10.313958">
        <ele>404.0</ele>
      </trkpt>
      <trkpt lat="50.929215" lon="10.313783">
        <ele>403.0</ele>
      </trkpt>
      <trkpt lat="50.929231" lon="10.313611">
        <ele>402.1</ele>
      </trkpt>
      <trkpt lat="50.929257" lon="10.313447">
        <ele>401.2</ele>
      </trkpt>
      <trkpt lat="50.9293" lon="10.31327">
        <ele>400.3</ele>
      </trkpt>
      <trkpt lat="50.929361" lon="10.313084">
        <ele>399.2</ele>
      </trkpt>
      <trkpt lat="50.92943" lon="10.312867">
        <ele>397.9</ele>
      </trkpt>
      <trkpt lat="50.92947" lon="10.312715">
        <ele>397.1</ele>
      </trkpt>
      <trkpt lat="50.929495" lon="10.312554">
        <ele>396.3</ele>
      </trkpt>
      <trkpt lat="50.929501" lon="10.312393">
        <ele>395.6</ele>
      </trkpt>
      <trkpt lat="50.929498" lon="10.312243">
        <ele>395.0</ele>
      </trkpt>
      <trkpt lat="50.929485" lon="10.312064">
        <ele>394.2</ele>
      </trkpt>
      <trkpt lat="50.92946" lon="10.311873">
        <ele>393.4</ele>
      </trkpt>
      <trkpt lat="50.929433" lon="10.311718">
        <ele>392.6</ele>
      </trkpt>
      <trkpt lat="50.929395" lon="10.311578">
        <ele>392.0</ele>
      </trkpt>
      <trkpt lat="50.929349" lon="10.311459">
        <ele>391.4</ele>
      </trkpt>
      <trkpt lat="50.929273" lon="10.311328">
        <ele>390.7</ele>
      </trkpt>
      <trkpt lat="50.929197" lon="10.311217">
        <ele>390.2</ele>
      </trkpt>
      <trkpt lat="50.92895" lon="10.310929">
        <ele>388.3</ele>
      </trkpt>
      <trkpt lat="50.928861" lon="10.310806">
        <ele>387.6</ele>
      </trkpt>
      <trkpt lat="50.92877" lon="10.310657">
        <ele>386.7</ele>
      </trkpt>
      <trkpt lat="50.928708" lon="10.310529">
        <ele>386.0</ele>
      </trkpt>
      <trkpt lat="50.928662" lon="10.31039">
        <ele>385.2</ele>
      </trkpt>
      <trkpt lat="50.928626" lon="10.31025">
        <ele>384.4</ele>
      </trkpt>
      <trkpt lat="50.928608" lon="10.310119">
        <ele>383.8</ele>
      </trkpt>
      <trkpt lat="50.928598" lon="10.309948">
        <ele>382.9</ele>
      </trkpt>
      <trkpt lat="50.928593" lon="10.309623">
        <ele>381.3</ele>
      </trkpt>
      <trkpt lat="50.928582" lon="10.309503">
        <ele>380.7</ele>
      </trkpt>
      <trkpt lat="50.928558" lon="10.309411">
        <ele>380.2</ele>
      </trkpt>
      <trkpt lat="50.928515" lon="10.30931">
        <ele>379.6</ele>
      </trkpt>
      <trkpt lat="50.928455" lon="10.309232">
        <ele>378.9</ele>
      </trkpt>
      <trkpt lat="50.92838" lon="10.309165">
        <ele>378.2</ele>
      </trkpt>
      <trkpt lat="50.92829" lon="10.309109">
        <ele>377.6</ele>
      </trkpt>
      <trkpt lat="50.928154" lon="10.309028">
        <ele>376.7</ele>
      </trkpt>
      <trkpt lat="50.928073" lon="10.308973">
        <ele>376.1</ele>
      </trkpt>
      <trkpt lat="50.927996" lon="10.308902">
        <ele>375.6</ele>
      </trkpt>
      <trkpt lat="50.927922" lon="10.308818">
        <ele>375.0</ele>
      </trkpt>
      <trkpt lat="50.927852" lon="10.308709">
        <ele>374.3</ele>
      </trkpt>
      <trkpt lat="50.927755" lon="10.308537">
        <ele>373.2</ele>
      </trkpt>
      <trkpt lat="50.927674" lon="10.308396">
        <ele>372.2</ele>
      </trkpt>
      <trkpt lat="50.927614" lon="10.308305">
        <ele>371.5</ele>
      </trkpt>
      <trkpt lat="50.927552" lon="10.30823">
        <ele>370.8</ele>
      </trkpt>
      <trkpt lat="50.927498" lon="10.308184">
        <ele>370.3</ele>
      </trkpt>
      <trkpt lat="50.927446" lon="10.308166">
        <ele>369.8</ele>
      </trkpt>
      <trkpt lat="50.927393" lon="10.308165">
        <ele>369.4</ele>
      </trkpt>
      <trkpt lat="50.927342" lon="10.30819">
        <ele>369.0</ele>
      </trkpt>
      <trkpt lat="50.927327" lon="10.308204">
        <ele>368.9</ele>
        <name>B 19, Gerstungen</name>
        <extensions>
          <oa:Extension>
            <oa:mapZoom>15</oa:mapZoom>
          </oa:Extension>
        </extensions>
      </trkpt>
      <trkpt lat="50.927294" lon="10.308234">
        <ele>368.7</ele>
      </trkpt>
      <trkpt lat="50.927258" lon="10.308301">
        <ele>368.4</ele>
      </trkpt>
      <trkpt lat="50.927237" lon="10.308369">
        <ele>368.1</ele>
      </trkpt>
      <trkpt lat="50.927222" lon="10.308478">
        <ele>367.6</ele>
      </trkpt>
      <trkpt lat="50.927217" lon="10.308638">
        <ele>366.9</ele>
      </trkpt>
      <trkpt lat="50.927236" lon="10.309075">
        <ele>364.8</ele>
      </trkpt>
      <trkpt lat="50.927234" lon="10.309272">
        <ele>363.8</ele>
      </trkpt>
      <trkpt lat="50.927215" lon="10.309416">
        <ele>363.0</ele>
      </trkpt>
      <trkpt lat="50.92718" lon="10.309543">
        <ele>362.1</ele>
      </trkpt>
      <trkpt lat="50.927136" lon="10.309645">
        <ele>361.3</ele>
      </trkpt>
      <trkpt lat="50.927081" lon="10.309742">
        <ele>360.6</ele>
      </trkpt>
      <trkpt lat="50.927009" lon="10.309828">
        <ele>359.8</ele>
      </trkpt>
      <trkpt lat="50.926926" lon="10.309895">
        <ele>359.0</ele>
      </trkpt>
      <trkpt lat="50.926692" lon="10.310061">
        <ele>356.9</ele>
      </trkpt>
      <trkpt lat="50.926555" lon="10.310163">
        <ele>355.7</ele>
      </trkpt>
      <trkpt lat="50.926472" lon="10.310242">
        <ele>354.9</ele>
      </trkpt>
      <trkpt lat="50.926396" lon="10.310327">
        <ele>354.2</ele>
      </trkpt>
      <trkpt lat="50.926321" lon="10.310431">
        <ele>353.5</ele>
      </trkpt>
      <trkpt lat="50.92625" lon="10.310544">
        <ele>352.7</ele>
      </trkpt>
      <trkpt lat="50.926177" lon="10.310671">
        <ele>352.0</ele>
      </trkpt>
      <trkpt lat="50.926104" lon="10.310793">
        <ele>351.2</ele>
      </trkpt>
      <trkpt lat="50.926027" lon="10.310906">
        <ele>350.4</ele>
      </trkpt>
      <trkpt lat="50.925977" lon="10.310963">
        <ele>349.9</ele>
      </trkpt>
      <trkpt lat="50.925919" lon="10.311004">
        <ele>349.3</ele>
      </trkpt>
      <trkpt lat="50.925854" lon="10.311031">
        <ele>348.7</ele>
      </trkpt>
      <trkpt lat="50.925788" lon="10.311038">
        <ele>348.1</ele>
      </trkpt>
      <trkpt lat="50.925732" lon="10.311027">
        <ele>347.7</ele>
      </trkpt>
      <trkpt lat="50.92566" lon="10.310992">
        <ele>347.0</ele>
      </trkpt>
      <trkpt lat="50.925588" lon="10.31094">
        <ele>346.4</ele>
      </trkpt>
      <trkpt lat="50.925504" lon="10.310857">
        <ele>345.6</ele>
      </trkpt>
      <trkpt lat="50.925369" lon="10.3107">
        <ele>344.2</ele>
      </trkpt>
      <trkpt lat="50.925217" lon="10.310482">
        <ele>342.0</ele>
      </trkpt>
      <trkpt lat="50.925074" lon="10.31029">
        <ele>339.7</ele>
      </trkpt>
      <trkpt lat="50.924986" lon="10.31018">
        <ele>338.5</ele>
      </trkpt>
      <trkpt lat="50.9249" lon="10.310086">
        <ele>337.5</ele>
      </trkpt>
      <trkpt lat="50.924771" lon="10.309967">
        <ele>336.2</ele>
      </trkpt>
      <trkpt lat="50.924509" lon="10.309745">
        <ele>333.8</ele>
      </trkpt>
      <trkpt lat="50.924256" lon="10.30953">
        <ele>332.3</ele>
      </trkpt>
      <trkpt lat="50.924003" lon="10.309316">
        <ele>331.0</ele>
      </trkpt>
      <trkpt lat="50.923752" lon="10.309104">
        <ele>329.7</ele>
      </trkpt>
      <trkpt lat="50.9235" lon="10.308893">
        <ele>328.3</ele>
      </trkpt>
      <trkpt lat="50.923203" lon="10.308643">
        <ele>326.6</ele>
      </trkpt>
      <trkpt lat="50.922906" lon="10.308393">
        <ele>324.8</ele>
      </trkpt>
      <trkpt lat="50.922686" lon="10.308205">
        <ele>323.5</ele>
      </trkpt>
      <trkpt lat="50.92247" lon="10.308007">
        <ele>322.3</ele>
      </trkpt>
      <trkpt lat="50.922269" lon="10.307801">
        <ele>321.3</ele>
      </trkpt>
      <trkpt lat="50.922122" lon="10.307624">
        <ele>320.8</ele>
      </trkpt>
      <trkpt lat="50.921994" lon="10.307455">
        <ele>320.4</ele>
      </trkpt>
      <trkpt lat="50.921728" lon="10.307087">
        <ele>319.3</ele>
      </trkpt>
      <trkpt lat="50.921559" lon="10.306918">
        <ele>318.6</ele>
      </trkpt>
      <trkpt lat="50.921473" lon="10.306867">
        <ele>318.3</ele>
        <name>B 19, Gerstungen</name>
        <extensions>
          <oa:Extension>
            <oa:mapZoom>15</oa:mapZoom>
          </oa:Extension>
        </extensions>
      </trkpt>
      <trkpt lat="50.921428" lon="10.30684">
        <ele>318.1</ele>
      </trkpt>
      <trkpt lat="50.921295" lon="10.306808">
        <ele>317.6</ele>
      </trkpt>
      <trkpt lat="50.921166" lon="10.306824">
        <ele>317.3</ele>
      </trkpt>
      <trkpt lat="50.92104" lon="10.306872">
        <ele>317.1</ele>
      </trkpt>
      <trkpt lat="50.920926" lon="10.306934">
        <ele>317.1</ele>
      </trkpt>
      <trkpt lat="50.92078" lon="10.30704">
        <ele>317.0</ele>
      </trkpt>
      <trkpt lat="50.920681" lon="10.30712">
        <ele>316.9</ele>
      </trkpt>
      <trkpt lat="50.920686" lon="10.307033">
        <ele>316.8</ele>
      </trkpt>
      <trkpt lat="50.920766" lon="10.306763">
        <ele>316.1</ele>
      </trkpt>
      <trkpt lat="50.920823" lon="10.306538">
        <ele>315.8</ele>
      </trkpt>
      <trkpt lat="50.92077" lon="10.306559">
        <ele>315.6</ele>
      </trkpt>
      <trkpt lat="50.920674" lon="10.30656">
        <ele>315.3</ele>
      </trkpt>
      <trkpt lat="50.920613" lon="10.306624">
        <ele>315.3</ele>
      </trkpt>
      <trkpt lat="50.920512" lon="10.306704">
        <ele>315.3</ele>
      </trkpt>
      <trkpt lat="50.920441" lon="10.306724">
        <ele>315.0</ele>
      </trkpt>
      <trkpt lat="50.920367" lon="10.306686">
        <ele>315.2</ele>
      </trkpt>
      <trkpt lat="50.920322" lon="10.306738">
        <ele>315.4</ele>
      </trkpt>
      <trkpt lat="50.920278" lon="10.306752">
        <ele>315.6</ele>
      </trkpt>
      <trkpt lat="50.920197" lon="10.306722">
        <ele>315.8</ele>
      </trkpt>
      <trkpt lat="50.920145" lon="10.306693">
        <ele>315.9</ele>
      </trkpt>
      <trkpt lat="50.920062" lon="10.306627">
        <ele>316.2</ele>
      </trkpt>
      <trkpt lat="50.91995" lon="10.306535">
        <ele>316.2</ele>
      </trkpt>
      <trkpt lat="50.9198" lon="10.306383">
        <ele>315.3</ele>
      </trkpt>
      <trkpt lat="50.919735" lon="10.306249">
        <ele>315.2</ele>
      </trkpt>
      <trkpt lat="50.919634" lon="10.30599">
        <ele>315.0</ele>
      </trkpt>
      <trkpt lat="50.91955" lon="10.306112">
        <ele>315.2</ele>
      </trkpt>
      <trkpt lat="50.919437" lon="10.306352">
        <ele>315.1</ele>
      </trkpt>
      <trkpt lat="50.919342" lon="10.306527">
        <ele>315.3</ele>
      </trkpt>
      <trkpt lat="50.919189" lon="10.306573">
        <ele>315.4</ele>
      </trkpt>
      <trkpt lat="50.919012" lon="10.306505">
        <ele>315.5</ele>
      </trkpt>
      <trkpt lat="50.918831" lon="10.306466">
        <ele>315.9</ele>
      </trkpt>
      <trkpt lat="50.918637" lon="10.306455">
        <ele>315.8</ele>
      </trkpt>
      <trkpt lat="50.918448" lon="10.306481">
        <ele>316.8</ele>
      </trkpt>
      <trkpt lat="50.918317" lon="10.30642">
        <ele>318.0</ele>
      </trkpt>
      <trkpt lat="50.918344" lon="10.306126">
        <ele>318.2</ele>
      </trkpt>
      <trkpt lat="50.918188" lon="10.306081">
        <ele>318.2</ele>
      </trkpt>
      <trkpt lat="50.918137" lon="10.306081">
        <ele>318.5</ele>
      </trkpt>
      <trkpt lat="50.917975" lon="10.306067">
        <ele>320.0</ele>
      </trkpt>
      <trkpt lat="50.917792" lon="10.30607">
        <ele>322.3</ele>
      </trkpt>
      <trkpt lat="50.917608" lon="10.306126">
        <ele>323.9</ele>
      </trkpt>
      <trkpt lat="50.917296" lon="10.306248">
        <ele>326.8</ele>
      </trkpt>
      <trkpt lat="50.917205" lon="10.306075">
        <ele>327.1</ele>
      </trkpt>
      <trkpt lat="50.917204" lon="10.306073">
        <ele>327.1</ele>
        <name>Wilhelmsthal, Gerstungen</name>
        <extensions>
          <oa:Extension>
            <oa:mapZoom>15</oa:mapZoom>
          </oa:Extension>
        </extensions>
      </trkpt>
      <trkpt lat="50.917205" lon="10.306075">
        <ele>327.1</ele>
      </trkpt>
      <trkpt lat="50.917296" lon="10.306248">
        <ele>326.8</ele>
      </trkpt>
      <trkpt lat="50.917147" lon="10.306357">
        <ele>328.1</ele>
      </trkpt>
      <trkpt lat="50.916909" lon="10.30649">
        <ele>330.5</ele>
      </trkpt>
      <trkpt lat="50.916808" lon="10.306543">
        <ele>331.5</ele>
      </trkpt>
      <trkpt lat="50.916582" lon="10.306662">
        <ele>333.4</ele>
      </trkpt>
      <trkpt lat="50.916452" lon="10.306743">
        <ele>334.5</ele>
      </trkpt>
      <trkpt lat="50.916253" lon="10.306868">
        <ele>336.5</ele>
      </trkpt>
      <trkpt lat="50.916214" lon="10.306896">
        <ele>336.9</ele>
      </trkpt>
      <trkpt lat="50.915991" lon="10.306966">
        <ele>339.1</ele>
      </trkpt>
      <trkpt lat="50.915803" lon="10.306951">
        <ele>340.4</ele>
      </trkpt>
      <trkpt lat="50.915595" lon="10.306947">
        <ele>341.9</ele>
      </trkpt>
      <trkpt lat="50.91527" lon="10.307029">
        <ele>344.7</ele>
      </trkpt>
      <trkpt lat="50.915096" lon="10.307048">
        <ele>345.9</ele>
      </trkpt>
      <trkpt lat="50.914882" lon="10.307007">
        <ele>347.0</ele>
      </trkpt>
      <trkpt lat="50.914607" lon="10.306915">
        <ele>348.5</ele>
      </trkpt>
      <trkpt lat="50.914331" lon="10.306822">
        <ele>350.0</ele>
      </trkpt>
      <trkpt lat="50.913981" lon="10.30667">
        <ele>351.6</ele>
      </trkpt>
      <trkpt lat="50.913637" lon="10.306493">
        <ele>352.7</ele>
      </trkpt>
      <trkpt lat="50.91352" lon="10.306401">
        <ele>353.0</ele>
      </trkpt>
      <trkpt lat="50.913401" lon="10.306272">
        <ele>353.2</ele>
      </trkpt>
      <trkpt lat="50.913194" lon="10.306013">
        <ele>352.3</ele>
      </trkpt>
      <trkpt lat="50.912897" lon="10.305546">
        <ele>352.2</ele>
      </trkpt>
      <trkpt lat="50.9126" lon="10.305079">
        <ele>352.2</ele>
      </trkpt>
      <trkpt lat="50.912482" lon="10.304807">
        <ele>352.1</ele>
      </trkpt>
      <trkpt lat="50.912358" lon="10.30439">
        <ele>351.3</ele>
      </trkpt>
      <trkpt lat="50.912234" lon="10.303974">
        <ele>351.9</ele>
      </trkpt>
      <trkpt lat="50.911889" lon="10.303743">
        <ele>352.2</ele>
      </trkpt>
      <trkpt lat="50.911543" lon="10.303513">
        <ele>352.8</ele>
      </trkpt>
      <trkpt lat="50.91136" lon="10.303408">
        <ele>353.1</ele>
      </trkpt>
      <trkpt lat="50.911047" lon="10.303299">
        <ele>353.7</ele>
      </trkpt>
      <trkpt lat="50.910954" lon="10.303269">
        <ele>354.1</ele>
      </trkpt>
      <trkpt lat="50.910729" lon="10.303164">
        <ele>355.3</ele>
      </trkpt>
      <trkpt lat="50.910504" lon="10.303059">
        <ele>356.3</ele>
      </trkpt>
      <trkpt lat="50.91047" lon="10.303085">
        <ele>356.2</ele>
      </trkpt>
      <trkpt lat="50.910393" lon="10.30307">
        <ele>356.6</ele>
      </trkpt>
      <trkpt lat="50.910194" lon="10.302988">
        <ele>356.7</ele>
      </trkpt>
      <trkpt lat="50.910007" lon="10.302887">
        <ele>356.7</ele>
      </trkpt>
      <trkpt lat="50.909821" lon="10.302745">
        <ele>357.0</ele>
      </trkpt>
      <trkpt lat="50.909698" lon="10.302661">
        <ele>357.2</ele>
      </trkpt>
      <trkpt lat="50.909545" lon="10.302573">
        <ele>357.2</ele>
      </trkpt>
      <trkpt lat="50.909477" lon="10.302518">
        <ele>357.2</ele>
      </trkpt>
      <trkpt lat="50.909387" lon="10.302436">
        <ele>357.3</ele>
      </trkpt>
      <trkpt lat="50.909381" lon="10.302333">
        <ele>357.4</ele>
      </trkpt>
      <trkpt lat="50.90929" lon="10.302259">
        <ele>357.4</ele>
      </trkpt>
      <trkpt lat="50.908995" lon="10.30188">
        <ele>357.4</ele>
      </trkpt>
      <trkpt lat="50.908835" lon="10.30159">
        <ele>357.4</ele>
      </trkpt>
      <trkpt lat="50.908641" lon="10.301184">
        <ele>357.7</ele>
      </trkpt>
      <trkpt lat="50.908599" lon="10.301039">
        <ele>357.9</ele>
      </trkpt>
      <trkpt lat="50.908585" lon="10.300976">
        <ele>358.0</ele>
      </trkpt>
      <trkpt lat="50.908508" lon="10.300695">
        <ele>358.3</ele>
      </trkpt>
      <trkpt lat="50.908414" lon="10.300437">
        <ele>358.3</ele>
      </trkpt>
      <trkpt lat="50.908348" lon="10.300327">
        <ele>357.7</ele>
      </trkpt>
      <trkpt lat="50.90822" lon="10.300175">
        <ele>356.7</ele>
      </trkpt>
      <trkpt lat="50.908051" lon="10.299933">
        <ele>355.4</ele>
      </trkpt>
      <trkpt lat="50.907881" lon="10.29969">
        <ele>354.4</ele>
      </trkpt>
      <trkpt lat="50.907665" lon="10.299452">
        <ele>354.2</ele>
      </trkpt>
      <trkpt lat="50.907607" lon="10.299426">
        <ele>354.1</ele>
      </trkpt>
      <trkpt lat="50.907515" lon="10.299391">
        <ele>354.1</ele>
      </trkpt>
      <trkpt lat="50.907436" lon="10.299211">
        <ele>354.5</ele>
      </trkpt>
      <trkpt lat="50.907342" lon="10.299073">
        <ele>355.0</ele>
      </trkpt>
      <trkpt lat="50.907284" lon="10.299054">
        <ele>355.2</ele>
      </trkpt>
      <trkpt lat="50.907229" lon="10.299041">
        <ele>355.7</ele>
      </trkpt>
      <trkpt lat="50.90712" lon="10.299088">
        <ele>356.9</ele>
      </trkpt>
      <trkpt lat="50.907046" lon="10.299163">
        <ele>358.4</ele>
      </trkpt>
      <trkpt lat="50.906956" lon="10.299265">
        <ele>360.4</ele>
      </trkpt>
      <trkpt lat="50.906866" lon="10.299364">
        <ele>361.9</ele>
      </trkpt>
      <trkpt lat="50.906778" lon="10.2994">
        <ele>362.5</ele>
      </trkpt>
      <trkpt lat="50.906678" lon="10.299419">
        <ele>363.2</ele>
      </trkpt>
      <trkpt lat="50.90637" lon="10.299331">
        <ele>365.4</ele>
      </trkpt>
      <trkpt lat="50.906144" lon="10.299228">
        <ele>366.8</ele>
      </trkpt>
      <trkpt lat="50.905918" lon="10.299125">
        <ele>367.6</ele>
      </trkpt>
      <trkpt lat="50.905653" lon="10.299019">
        <ele>368.7</ele>
      </trkpt>
      <trkpt lat="50.905389" lon="10.298914">
        <ele>369.9</ele>
      </trkpt>
      <trkpt lat="50.905147" lon="10.29883">
        <ele>370.6</ele>
      </trkpt>
      <trkpt lat="50.904823" lon="10.298703">
        <ele>371.8</ele>
      </trkpt>
      <trkpt lat="50.904631" lon="10.298604">
        <ele>372.6</ele>
      </trkpt>
      <trkpt lat="50.904396" lon="10.298481">
        <ele>373.9</ele>
      </trkpt>
      <trkpt lat="50.904162" lon="10.298358">
        <ele>375.3</ele>
      </trkpt>
      <trkpt lat="50.904029" lon="10.298149">
        <ele>375.4</ele>
      </trkpt>
      <trkpt lat="50.903881" lon="10.29794">
        <ele>375.9</ele>
      </trkpt>
      <trkpt lat="50.903718" lon="10.297779">
        <ele>376.8</ele>
      </trkpt>
      <trkpt lat="50.903489" lon="10.29765">
        <ele>377.0</ele>
      </trkpt>
      <trkpt lat="50.903259" lon="10.297521">
        <ele>376.9</ele>
      </trkpt>
      <trkpt lat="50.903045" lon="10.297393">
        <ele>376.7</ele>
      </trkpt>
      <trkpt lat="50.902985" lon="10.297584">
        <ele>375.4</ele>
      </trkpt>
      <trkpt lat="50.902929" lon="10.297678">
        <ele>374.8</ele>
      </trkpt>
      <trkpt lat="50.90288" lon="10.297725">
        <ele>374.5</ele>
      </trkpt>
      <trkpt lat="50.902827" lon="10.297759">
        <ele>374.1</ele>
      </trkpt>
      <trkpt lat="50.902763" lon="10.297836">
        <ele>374.6</ele>
      </trkpt>
      <trkpt lat="50.902622" lon="10.298113">
        <ele>377.5</ele>
      </trkpt>
      <trkpt lat="50.902493" lon="10.298437">
        <ele>381.8</ele>
      </trkpt>
      <trkpt lat="50.902397" lon="10.298611">
        <ele>383.3</ele>
      </trkpt>
      <trkpt lat="50.902282" lon="10.298746">
        <ele>384.3</ele>
      </trkpt>
      <trkpt lat="50.902203" lon="10.298785">
        <ele>384.9</ele>
      </trkpt>
      <trkpt lat="50.902032" lon="10.29879">
        <ele>385.7</ele>
      </trkpt>
      <trkpt lat="50.901794" lon="10.298719">
        <ele>387.0</ele>
      </trkpt>
      <trkpt lat="50.901557" lon="10.298647">
        <ele>388.0</ele>
      </trkpt>
      <trkpt lat="50.9012" lon="10.298558">
        <ele>389.6</ele>
      </trkpt>
      <trkpt lat="50.900843" lon="10.298469">
        <ele>391.5</ele>
      </trkpt>
      <trkpt lat="50.900485" lon="10.29838">
        <ele>393.2</ele>
      </trkpt>
      <trkpt lat="50.900128" lon="10.298291">
        <ele>394.3</ele>
      </trkpt>
      <trkpt lat="50.899796" lon="10.298159">
        <ele>395.2</ele>
      </trkpt>
      <trkpt lat="50.899464" lon="10.298027">
        <ele>394.6</ele>
      </trkpt>
      <trkpt lat="50.899132" lon="10.297895">
        <ele>392.4</ele>
      </trkpt>
      <trkpt lat="50.898799" lon="10.297763">
        <ele>390.6</ele>
      </trkpt>
      <trkpt lat="50.898389" lon="10.297603">
        <ele>388.4</ele>
      </trkpt>
      <trkpt lat="50.897978" lon="10.297444">
        <ele>387.0</ele>
      </trkpt>
      <trkpt lat="50.897567" lon="10.297284">
        <ele>385.3</ele>
      </trkpt>
      <trkpt lat="50.897169" lon="10.29713">
        <ele>381.7</ele>
        <name>Hutweide, Moorgrund</name>
        <extensions>
          <oa:Extension>
            <oa:mapZoom>15</oa:mapZoom>
          </oa:Extension>
        </extensions>
      </trkpt>
      <trkpt lat="50.897157" lon="10.297125">
        <ele>381.6</ele>
      </trkpt>
      <trkpt lat="50.89704" lon="10.297754">
        <ele>378.1</ele>
      </trkpt>
      <trkpt lat="50.896924" lon="10.298383">
        <ele>375.2</ele>
      </trkpt>
      <trkpt lat="50.896815" lon="10.298973">
        <ele>372.0</ele>
      </trkpt>
      <trkpt lat="50.896706" lon="10.299563">
        <ele>369.1</ele>
      </trkpt>
      <trkpt lat="50.896592" lon="10.30019">
        <ele>366.5</ele>
      </trkpt>
      <trkpt lat="50.896479" lon="10.300818">
        <ele>363.4</ele>
      </trkpt>
      <trkpt lat="50.896312" lon="10.300734">
        <ele>363.0</ele>
      </trkpt>
      <trkpt lat="50.896142" lon="10.300643">
        <ele>362.5</ele>
      </trkpt>
      <trkpt lat="50.896133" lon="10.30073">
        <ele>362.6</ele>
      </trkpt>
      <trkpt lat="50.896164" lon="10.300976">
        <ele>363.3</ele>
      </trkpt>
      <trkpt lat="50.896177" lon="10.301521">
        <ele>361.6</ele>
      </trkpt>
      <trkpt lat="50.896181" lon="10.301785">
        <ele>360.6</ele>
      </trkpt>
      <trkpt lat="50.896146" lon="10.302007">
        <ele>359.4</ele>
      </trkpt>
      <trkpt lat="50.896047" lon="10.302381">
        <ele>356.7</ele>
      </trkpt>
      <trkpt lat="50.895965" lon="10.302541">
        <ele>355.7</ele>
      </trkpt>
      <trkpt lat="50.895905" lon="10.30251">
        <ele>355.6</ele>
      </trkpt>
      <trkpt lat="50.895884" lon="10.302549">
        <ele>355.5</ele>
      </trkpt>
      <trkpt lat="50.895863" lon="10.302588">
        <ele>355.4</ele>
      </trkpt>
      <trkpt lat="50.89571" lon="10.302879">
        <ele>354.8</ele>
      </trkpt>
      <trkpt lat="50.895655" lon="10.303016">
        <ele>354.7</ele>
      </trkpt>
      <trkpt lat="50.895623" lon="10.303147">
        <ele>354.6</ele>
      </trkpt>
      <trkpt lat="50.895602" lon="10.303263">
        <ele>354.4</ele>
      </trkpt>
      <trkpt lat="50.895595" lon="10.303342">
        <ele>354.3</ele>
      </trkpt>
      <trkpt lat="50.89559" lon="10.303539">
        <ele>354.3</ele>
      </trkpt>
      <trkpt lat="50.895611" lon="10.303684">
        <ele>354.4</ele>
      </trkpt>
      <trkpt lat="50.895625" lon="10.303752">
        <ele>354.4</ele>
      </trkpt>
      <trkpt lat="50.895976" lon="10.303822">
        <ele>353.3</ele>
      </trkpt>
      <trkpt lat="50.896014" lon="10.30383">
        <ele>353.2</ele>
      </trkpt>
      <trkpt lat="50.896052" lon="10.303837">
        <ele>353.2</ele>
      </trkpt>
      <trkpt lat="50.896053" lon="10.303838">
        <ele>353.2</ele>
        <name>Naturpark Thüringer Wald, Moorgrund</name>
        <extensions>
          <oa:Extension>
            <oa:mapZoom>14</oa:mapZoom>
          </oa:Extension>
        </extensions>
      </trkpt>
      <trkpt lat="50.896052" lon="10.303837">
        <ele>353.2</ele>
      </trkpt>
      <trkpt lat="50.896014" lon="10.30383">
        <ele>353.2</ele>
      </trkpt>
      <trkpt lat="50.895976" lon="10.303822">
        <ele>353.3</ele>
      </trkpt>
      <trkpt lat="50.895625" lon="10.303752">
        <ele>354.4</ele>
      </trkpt>
      <trkpt lat="50.895645" lon="10.303802">
        <ele>354.4</ele>
      </trkpt>
      <trkpt lat="50.895697" lon="10.30392">
        <ele>354.6</ele>
      </trkpt>
      <trkpt lat="50.895824" lon="10.304128">
        <ele>355.1</ele>
      </trkpt>
      <trkpt lat="50.89617" lon="10.304535">
        <ele>357.1</ele>
      </trkpt>
      <trkpt lat="50.896516" lon="10.304942">
        <ele>358.8</ele>
      </trkpt>
      <trkpt lat="50.896861" lon="10.305348">
        <ele>358.7</ele>
      </trkpt>
      <trkpt lat="50.897207" lon="10.305755">
        <ele>357.8</ele>
      </trkpt>
      <trkpt lat="50.897246" lon="10.305801">
        <ele>357.8</ele>
      </trkpt>
      <trkpt lat="50.897502" lon="10.306099">
        <ele>357.0</ele>
      </trkpt>
      <trkpt lat="50.897758" lon="10.306396">
        <ele>356.6</ele>
      </trkpt>
      <trkpt lat="50.897857" lon="10.306544">
        <ele>356.6</ele>
      </trkpt>
      <trkpt lat="50.897917" lon="10.306667">
        <ele>356.6</ele>
      </trkpt>
      <trkpt lat="50.898081" lon="10.307061">
        <ele>356.9</ele>
      </trkpt>
      <trkpt lat="50.898325" lon="10.307542">
        <ele>358.7</ele>
      </trkpt>
      <trkpt lat="50.898569" lon="10.308023">
        <ele>360.7</ele>
      </trkpt>
      <trkpt lat="50.898814" lon="10.308504">
        <ele>363.3</ele>
      </trkpt>
      <trkpt lat="50.899058" lon="10.308985">
        <ele>366.0</ele>
      </trkpt>
      <trkpt lat="50.899302" lon="10.309467">
        <ele>369.1</ele>
      </trkpt>
      <trkpt lat="50.899358" lon="10.309541">
        <ele>369.8</ele>
      </trkpt>
      <trkpt lat="50.899417" lon="10.309598">
        <ele>370.5</ele>
      </trkpt>
      <trkpt lat="50.899476" lon="10.309648">
        <ele>371.1</ele>
      </trkpt>
      <trkpt lat="50.899538" lon="10.309685">
        <ele>371.6</ele>
      </trkpt>
      <trkpt lat="50.899873" lon="10.309906">
        <ele>373.8</ele>
      </trkpt>
      <trkpt lat="50.899963" lon="10.309976">
        <ele>374.6</ele>
      </trkpt>
      <trkpt lat="50.900098" lon="10.310089">
        <ele>375.8</ele>
      </trkpt>
      <trkpt lat="50.900454" lon="10.310421">
        <ele>379.2</ele>
      </trkpt>
      <trkpt lat="50.900741" lon="10.310668">
        <ele>382.1</ele>
      </trkpt>
      <trkpt lat="50.900808" lon="10.310737">
        <ele>382.9</ele>
      </trkpt>
      <trkpt lat="50.900893" lon="10.310861">
        <ele>384.2</ele>
      </trkpt>
      <trkpt lat="50.900924" lon="10.310958">
        <ele>385.1</ele>
      </trkpt>
      <trkpt lat="50.900948" lon="10.311052">
        <ele>385.9</ele>
      </trkpt>
      <trkpt lat="50.900954" lon="10.311155">
        <ele>386.6</ele>
      </trkpt>
      <trkpt lat="50.90095" lon="10.311238">
        <ele>387.1</ele>
      </trkpt>
      <trkpt lat="50.90094" lon="10.3113">
        <ele>387.4</ele>
      </trkpt>
      <trkpt lat="50.900905" lon="10.311395">
        <ele>387.9</ele>
      </trkpt>
      <trkpt lat="50.900874" lon="10.31145">
        <ele>388.2</ele>
      </trkpt>
      <trkpt lat="50.900834" lon="10.311496">
        <ele>388.5</ele>
      </trkpt>
      <trkpt lat="50.900772" lon="10.311541">
        <ele>389.0</ele>
      </trkpt>
      <trkpt lat="50.900488" lon="10.311711">
        <ele>391.0</ele>
      </trkpt>
      <trkpt lat="50.900401" lon="10.311771">
        <ele>391.6</ele>
      </trkpt>
      <trkpt lat="50.900326" lon="10.311842">
        <ele>392.2</ele>
      </trkpt>
      <trkpt lat="50.900284" lon="10.31191">
        <ele>392.5</ele>
      </trkpt>
      <trkpt lat="50.90023" lon="10.312023">
        <ele>392.7</ele>
      </trkpt>
      <trkpt lat="50.900078" lon="10.312418">
        <ele>392.7</ele>
      </trkpt>
      <trkpt lat="50.899944" lon="10.312787">
        <ele>391.8</ele>
      </trkpt>
      <trkpt lat="50.89981" lon="10.313213">
        <ele>390.1</ele>
      </trkpt>
      <trkpt lat="50.899766" lon="10.313384">
        <ele>389.4</ele>
      </trkpt>
      <trkpt lat="50.899728" lon="10.313552">
        <ele>388.7</ele>
      </trkpt>
      <trkpt lat="50.899706" lon="10.313675">
        <ele>388.2</ele>
      </trkpt>
      <trkpt lat="50.899685" lon="10.313843">
        <ele>387.5</ele>
      </trkpt>
      <trkpt lat="50.899668" lon="10.314017">
        <ele>386.6</ele>
      </trkpt>
      <trkpt lat="50.89965" lon="10.314628">
        <ele>383.7</ele>
      </trkpt>
      <trkpt lat="50.899639" lon="10.314761">
        <ele>383.1</ele>
      </trkpt>
      <trkpt lat="50.899621" lon="10.314885">
        <ele>382.7</ele>
      </trkpt>
      <trkpt lat="50.899589" lon="10.315009">
        <ele>382.1</ele>
      </trkpt>
      <trkpt lat="50.899549" lon="10.315125">
        <ele>381.5</ele>
      </trkpt>
      <trkpt lat="50.899487" lon="10.315275">
        <ele>380.3</ele>
      </trkpt>
      <trkpt lat="50.899379" lon="10.31548">
        <ele>378.8</ele>
      </trkpt>
      <trkpt lat="50.899316" lon="10.315588">
        <ele>378.1</ele>
      </trkpt>
      <trkpt lat="50.899247" lon="10.315692">
        <ele>377.3</ele>
      </trkpt>
      <trkpt lat="50.899101" lon="10.315903">
        <ele>376.3</ele>
      </trkpt>
      <trkpt lat="50.899004" lon="10.31602">
        <ele>375.8</ele>
      </trkpt>
      <trkpt lat="50.898891" lon="10.316134">
        <ele>375.6</ele>
      </trkpt>
      <trkpt lat="50.898779" lon="10.316232">
        <ele>375.4</ele>
      </trkpt>
      <trkpt lat="50.898545" lon="10.316418">
        <ele>375.3</ele>
      </trkpt>
      <trkpt lat="50.898485" lon="10.316473">
        <ele>375.4</ele>
      </trkpt>
      <trkpt lat="50.898429" lon="10.316541">
        <ele>375.5</ele>
      </trkpt>
      <trkpt lat="50.898345" lon="10.31666">
        <ele>375.8</ele>
      </trkpt>
      <trkpt lat="50.89824" lon="10.316799">
        <ele>376.3</ele>
      </trkpt>
      <trkpt lat="50.898035" lon="10.317092">
        <ele>377.3</ele>
      </trkpt>
      <trkpt lat="50.897901" lon="10.317269">
        <ele>378.0</ele>
      </trkpt>
      <trkpt lat="50.897779" lon="10.317425">
        <ele>378.5</ele>
      </trkpt>
      <trkpt lat="50.897809" lon="10.317729">
        <ele>378.9</ele>
      </trkpt>
      <trkpt lat="50.897573" lon="10.31777">
        <ele>379.7</ele>
      </trkpt>
      <trkpt lat="50.897525" lon="10.317886">
        <ele>380.0</ele>
      </trkpt>
      <trkpt lat="50.897458" lon="10.318064">
        <ele>380.8</ele>
      </trkpt>
      <trkpt lat="50.897398" lon="10.318254">
        <ele>381.6</ele>
      </trkpt>
      <trkpt lat="50.897363" lon="10.318411">
        <ele>382.2</ele>
      </trkpt>
      <trkpt lat="50.897336" lon="10.318562">
        <ele>382.8</ele>
      </trkpt>
      <trkpt lat="50.897314" lon="10.318717">
        <ele>383.4</ele>
      </trkpt>
      <trkpt lat="50.897284" lon="10.319098">
        <ele>384.8</ele>
      </trkpt>
      <trkpt lat="50.897265" lon="10.319289">
        <ele>385.5</ele>
      </trkpt>
      <trkpt lat="50.897235" lon="10.319505">
        <ele>386.3</ele>
      </trkpt>
      <trkpt lat="50.897188" lon="10.319752">
        <ele>387.2</ele>
      </trkpt>
      <trkpt lat="50.897152" lon="10.319891">
        <ele>387.5</ele>
      </trkpt>
      <trkpt lat="50.897076" lon="10.320169">
        <ele>388.3</ele>
      </trkpt>
      <trkpt lat="50.897027" lon="10.320323">
        <ele>388.9</ele>
      </trkpt>
      <trkpt lat="50.896984" lon="10.320432">
        <ele>389.4</ele>
      </trkpt>
      <trkpt lat="50.896928" lon="10.320536">
        <ele>389.9</ele>
      </trkpt>
      <trkpt lat="50.896862" lon="10.32064">
        <ele>390.6</ele>
      </trkpt>
      <trkpt lat="50.896789" lon="10.32074">
        <ele>391.3</ele>
      </trkpt>
      <trkpt lat="50.89668" lon="10.320871">
        <ele>392.2</ele>
      </trkpt>
      <trkpt lat="50.896559" lon="10.321003">
        <ele>393.0</ele>
      </trkpt>
      <trkpt lat="50.896202" lon="10.321372">
        <ele>396.0</ele>
      </trkpt>
      <trkpt lat="50.895871" lon="10.321698">
        <ele>398.6</ele>
      </trkpt>
      <trkpt lat="50.895615" lon="10.321954">
        <ele>400.8</ele>
      </trkpt>
      <trkpt lat="50.89536" lon="10.32221">
        <ele>403.2</ele>
      </trkpt>
      <trkpt lat="50.895284" lon="10.322299">
        <ele>403.9</ele>
      </trkpt>
      <trkpt lat="50.895208" lon="10.322404">
        <ele>404.6</ele>
      </trkpt>
      <trkpt lat="50.895157" lon="10.32251">
        <ele>405.2</ele>
      </trkpt>
      <trkpt lat="50.89502" lon="10.322799">
        <ele>406.8</ele>
      </trkpt>
      <trkpt lat="50.894978" lon="10.322873">
        <ele>407.1</ele>
      </trkpt>
      <trkpt lat="50.894883" lon="10.323004">
        <ele>407.8</ele>
      </trkpt>
      <trkpt lat="50.89476" lon="10.32314">
        <ele>408.5</ele>
      </trkpt>
      <trkpt lat="50.894701" lon="10.323199">
        <ele>408.9</ele>
      </trkpt>
      <trkpt lat="50.894628" lon="10.323259">
        <ele>409.4</ele>
      </trkpt>
      <trkpt lat="50.894513" lon="10.323336">
        <ele>410.4</ele>
      </trkpt>
      <trkpt lat="50.894493" lon="10.323344">
        <ele>410.6</ele>
      </trkpt>
      <trkpt lat="50.894425" lon="10.323366">
        <ele>411.4</ele>
      </trkpt>
      <trkpt lat="50.894315" lon="10.323388">
        <ele>412.5</ele>
      </trkpt>
      <trkpt lat="50.894154" lon="10.323403">
        <ele>414.0</ele>
      </trkpt>
      <trkpt lat="50.894029" lon="10.32342">
        <ele>415.3</ele>
      </trkpt>
      <trkpt lat="50.893937" lon="10.323443">
        <ele>416.2</ele>
      </trkpt>
      <trkpt lat="50.893842" lon="10.323479">
        <ele>417.4</ele>
      </trkpt>
      <trkpt lat="50.893777" lon="10.323521">
        <ele>418.2</ele>
      </trkpt>
      <trkpt lat="50.893689" lon="10.323586">
        <ele>419.4</ele>
      </trkpt>
      <trkpt lat="50.893428" lon="10.3238">
        <ele>422.2</ele>
      </trkpt>
      <trkpt lat="50.893355" lon="10.323848">
        <ele>423.0</ele>
      </trkpt>
      <trkpt lat="50.893276" lon="10.323886">
        <ele>423.8</ele>
      </trkpt>
      <trkpt lat="50.893206" lon="10.323908">
        <ele>424.6</ele>
      </trkpt>
      <trkpt lat="50.893144" lon="10.323922">
        <ele>425.3</ele>
      </trkpt>
      <trkpt lat="50.892837" lon="10.32396">
        <ele>428.8</ele>
      </trkpt>
      <trkpt lat="50.892791" lon="10.323971">
        <ele>429.3</ele>
      </trkpt>
      <trkpt lat="50.892743" lon="10.323989">
        <ele>429.9</ele>
      </trkpt>
      <trkpt lat="50.89262" lon="10.324055">
        <ele>431.5</ele>
      </trkpt>
      <trkpt lat="50.892433" lon="10.324172">
        <ele>433.6</ele>
      </trkpt>
      <trkpt lat="50.892361" lon="10.324224">
        <ele>434.5</ele>
      </trkpt>
      <trkpt lat="50.892253" lon="10.324332">
        <ele>436.0</ele>
      </trkpt>
      <trkpt lat="50.892043" lon="10.324562">
        <ele>438.9</ele>
      </trkpt>
      <trkpt lat="50.891833" lon="10.324811">
        <ele>441.8</ele>
      </trkpt>
      <trkpt lat="50.891641" lon="10.32505">
        <ele>444.9</ele>
      </trkpt>
      <trkpt lat="50.891446" lon="10.325326">
        <ele>448.0</ele>
      </trkpt>
      <trkpt lat="50.891264" lon="10.325623">
        <ele>450.8</ele>
      </trkpt>
      <trkpt lat="50.891166" lon="10.325797">
        <ele>452.5</ele>
      </trkpt>
      <trkpt lat="50.891079" lon="10.32597">
        <ele>454.1</ele>
      </trkpt>
      <trkpt lat="50.890833" lon="10.326528">
        <ele>459.5</ele>
      </trkpt>
      <trkpt lat="50.890672" lon="10.326866">
        <ele>462.8</ele>
      </trkpt>
      <trkpt lat="50.890549" lon="10.327148">
        <ele>465.4</ele>
      </trkpt>
      <trkpt lat="50.890439" lon="10.327455">
        <ele>468.2</ele>
      </trkpt>
      <trkpt lat="50.890295" lon="10.327851">
        <ele>471.6</ele>
      </trkpt>
      <trkpt lat="50.890161" lon="10.328254">
        <ele>475.0</ele>
      </trkpt>
      <trkpt lat="50.890055" lon="10.328507">
        <ele>477.4</ele>
      </trkpt>
      <trkpt lat="50.889941" lon="10.328759">
        <ele>479.8</ele>
      </trkpt>
      <trkpt lat="50.889886" lon="10.32889">
        <ele>481.0</ele>
      </trkpt>
      <trkpt lat="50.88985" lon="10.329012">
        <ele>481.9</ele>
      </trkpt>
      <trkpt lat="50.889826" lon="10.329172">
        <ele>482.5</ele>
      </trkpt>
      <trkpt lat="50.889809" lon="10.329352">
        <ele>482.8</ele>
      </trkpt>
      <trkpt lat="50.889802" lon="10.329594">
        <ele>483.0</ele>
      </trkpt>
      <trkpt lat="50.889805" lon="10.32963">
        <ele>483.0</ele>
        <name>L 2118, Moorgrund</name>
        <extensions>
          <oa:Extension>
            <oa:mapZoom>14</oa:mapZoom>
          </oa:Extension>
        </extensions>
      </trkpt>
      <trkpt lat="50.889809" lon="10.32968">
        <ele>483.0</ele>
      </trkpt>
      <trkpt lat="50.889828" lon="10.329741">
        <ele>482.8</ele>
      </trkpt>
      <trkpt lat="50.889856" lon="10.329804">
        <ele>482.8</ele>
      </trkpt>
      <trkpt lat="50.889892" lon="10.329833">
        <ele>482.7</ele>
      </trkpt>
      <trkpt lat="50.889933" lon="10.329851">
        <ele>482.7</ele>
      </trkpt>
      <trkpt lat="50.889973" lon="10.329856">
        <ele>482.8</ele>
      </trkpt>
      <trkpt lat="50.890004" lon="10.329845">
        <ele>482.9</ele>
      </trkpt>
      <trkpt lat="50.89004" lon="10.329827">
        <ele>483.0</ele>
      </trkpt>
      <trkpt lat="50.890083" lon="10.329794">
        <ele>483.2</ele>
      </trkpt>
      <trkpt lat="50.890117" lon="10.329756">
        <ele>483.4</ele>
      </trkpt>
      <trkpt lat="50.890152" lon="10.329711">
        <ele>483.6</ele>
      </trkpt>
      <trkpt lat="50.89042" lon="10.329356">
        <ele>485.4</ele>
      </trkpt>
      <trkpt lat="50.890688" lon="10.329002">
        <ele>487.2</ele>
      </trkpt>
      <trkpt lat="50.890847" lon="10.328793">
        <ele>488.2</ele>
      </trkpt>
      <trkpt lat="50.891048" lon="10.328496">
        <ele>489.5</ele>
      </trkpt>
      <trkpt lat="50.891256" lon="10.328202">
        <ele>490.9</ele>
      </trkpt>
      <trkpt lat="50.891442" lon="10.327967">
        <ele>492.1</ele>
      </trkpt>
      <trkpt lat="50.891595" lon="10.32778">
        <ele>493.0</ele>
      </trkpt>
      <trkpt lat="50.891683" lon="10.327676">
        <ele>493.5</ele>
      </trkpt>
      <trkpt lat="50.891881" lon="10.327478">
        <ele>494.8</ele>
      </trkpt>
      <trkpt lat="50.892046" lon="10.327344">
        <ele>495.7</ele>
      </trkpt>
      <trkpt lat="50.892175" lon="10.327256">
        <ele>496.5</ele>
      </trkpt>
      <trkpt lat="50.892373" lon="10.327144">
        <ele>497.5</ele>
      </trkpt>
      <trkpt lat="50.892578" lon="10.327044">
        <ele>498.5</ele>
      </trkpt>
      <trkpt lat="50.892685" lon="10.326997">
        <ele>499.2</ele>
      </trkpt>
      <trkpt lat="50.892772" lon="10.326975">
        <ele>499.8</ele>
      </trkpt>
      <trkpt lat="50.892868" lon="10.326958">
        <ele>500.4</ele>
      </trkpt>
      <trkpt lat="50.89292" lon="10.326956">
        <ele>500.7</ele>
      </trkpt>
      <trkpt lat="50.892972" lon="10.326957">
        <ele>501.0</ele>
      </trkpt>
      <trkpt lat="50.893027" lon="10.326965">
        <ele>501.3</ele>
      </trkpt>
      <trkpt lat="50.893096" lon="10.326986">
        <ele>501.7</ele>
      </trkpt>
      <trkpt lat="50.893154" lon="10.327018">
        <ele>502.1</ele>
      </trkpt>
      <trkpt lat="50.89332" lon="10.327154">
        <ele>503.1</ele>
      </trkpt>
      <trkpt lat="50.893376" lon="10.32721">
        <ele>503.5</ele>
      </trkpt>
      <trkpt lat="50.89341" lon="10.327252">
        <ele>503.8</ele>
      </trkpt>
      <trkpt lat="50.893466" lon="10.327344">
        <ele>504.3</ele>
      </trkpt>
      <trkpt lat="50.893522" lon="10.327458">
        <ele>504.9</ele>
      </trkpt>
      <trkpt lat="50.893571" lon="10.327573">
        <ele>505.4</ele>
      </trkpt>
      <trkpt lat="50.893642" lon="10.327751">
        <ele>506.2</ele>
      </trkpt>
      <trkpt lat="50.893726" lon="10.328024">
        <ele>507.3</ele>
      </trkpt>
      <trkpt lat="50.893752" lon="10.328136">
        <ele>507.7</ele>
      </trkpt>
      <trkpt lat="50.893787" lon="10.328312">
        <ele>508.3</ele>
      </trkpt>
      <trkpt lat="50.893815" lon="10.328485">
        <ele>508.9</ele>
      </trkpt>
      <trkpt lat="50.893825" lon="10.328606">
        <ele>509.3</ele>
      </trkpt>
      <trkpt lat="50.893823" lon="10.328692">
        <ele>509.5</ele>
      </trkpt>
      <trkpt lat="50.893814" lon="10.328809">
        <ele>509.9</ele>
      </trkpt>
      <trkpt lat="50.893773" lon="10.329018">
        <ele>510.5</ele>
      </trkpt>
      <trkpt lat="50.893744" lon="10.32921">
        <ele>511.2</ele>
      </trkpt>
      <trkpt lat="50.893723" lon="10.329394">
        <ele>511.8</ele>
      </trkpt>
      <trkpt lat="50.893677" lon="10.329927">
        <ele>513.6</ele>
      </trkpt>
      <trkpt lat="50.893662" lon="10.330054">
        <ele>514.0</ele>
      </trkpt>
      <trkpt lat="50.893645" lon="10.330149">
        <ele>514.2</ele>
      </trkpt>
      <trkpt lat="50.893607" lon="10.330302">
        <ele>514.8</ele>
      </trkpt>
      <trkpt lat="50.893498" lon="10.33071">
        <ele>516.5</ele>
      </trkpt>
      <trkpt lat="50.893388" lon="10.331117">
        <ele>518.3</ele>
      </trkpt>
      <trkpt lat="50.893351" lon="10.331295">
        <ele>519.0</ele>
      </trkpt>
      <trkpt lat="50.893312" lon="10.331554">
        <ele>520.0</ele>
      </trkpt>
      <trkpt lat="50.893273" lon="10.331899">
        <ele>521.2</ele>
      </trkpt>
      <trkpt lat="50.893262" lon="10.332141">
        <ele>522.0</ele>
      </trkpt>
      <trkpt lat="50.893256" lon="10.332361">
        <ele>522.7</ele>
      </trkpt>
      <trkpt lat="50.893258" lon="10.332489">
        <ele>523.1</ele>
      </trkpt>
      <trkpt lat="50.893261" lon="10.332579">
        <ele>523.4</ele>
      </trkpt>
      <trkpt lat="50.893283" lon="10.33272">
        <ele>523.8</ele>
      </trkpt>
      <trkpt lat="50.89334" lon="10.333066">
        <ele>525.0</ele>
      </trkpt>
      <trkpt lat="50.893358" lon="10.333257">
        <ele>525.6</ele>
      </trkpt>
      <trkpt lat="50.893386" lon="10.333747">
        <ele>527.2</ele>
      </trkpt>
      <trkpt lat="50.893414" lon="10.334237">
        <ele>528.9</ele>
      </trkpt>
      <trkpt lat="50.893438" lon="10.334708">
        <ele>530.6</ele>
      </trkpt>
      <trkpt lat="50.893461" lon="10.335179">
        <ele>532.4</ele>
      </trkpt>
      <trkpt lat="50.893467" lon="10.335562">
        <ele>533.7</ele>
      </trkpt>
      <trkpt lat="50.893477" lon="10.335704">
        <ele>534.2</ele>
      </trkpt>
      <trkpt lat="50.893508" lon="10.335928">
        <ele>535.1</ele>
      </trkpt>
      <trkpt lat="50.893543" lon="10.336129">
        <ele>535.8</ele>
      </trkpt>
      <trkpt lat="50.893593" lon="10.336328">
        <ele>536.4</ele>
      </trkpt>
      <trkpt lat="50.893647" lon="10.336534">
        <ele>537.2</ele>
      </trkpt>
      <trkpt lat="50.893665" lon="10.336588">
        <ele>537.4</ele>
        <name>L 2118, Moorgrund</name>
        <extensions>
          <oa:Extension>
            <oa:mapZoom>14</oa:mapZoom>
          </oa:Extension>
        </extensions>
      </trkpt>
      <trkpt lat="50.893832" lon="10.337092">
        <ele>539.2</ele>
      </trkpt>
      <trkpt lat="50.893905" lon="10.337336">
        <ele>540.1</ele>
      </trkpt>
      <trkpt lat="50.893948" lon="10.337509">
        <ele>540.8</ele>
      </trkpt>
      <trkpt lat="50.893976" lon="10.337683">
        <ele>541.4</ele>
      </trkpt>
      <trkpt lat="50.893992" lon="10.337843">
        <ele>542.0</ele>
      </trkpt>
      <trkpt lat="50.893998" lon="10.338003">
        <ele>542.8</ele>
      </trkpt>
      <trkpt lat="50.893994" lon="10.338111">
        <ele>543.3</ele>
      </trkpt>
      <trkpt lat="50.893983" lon="10.338245">
        <ele>544.1</ele>
      </trkpt>
      <trkpt lat="50.893949" lon="10.338557">
        <ele>545.4</ele>
      </trkpt>
      <trkpt lat="50.89395" lon="10.338667">
        <ele>545.8</ele>
      </trkpt>
      <trkpt lat="50.893964" lon="10.338751">
        <ele>546.0</ele>
      </trkpt>
      <trkpt lat="50.893994" lon="10.338828">
        <ele>546.2</ele>
      </trkpt>
      <trkpt lat="50.894089" lon="10.339012">
        <ele>546.7</ele>
      </trkpt>
      <trkpt lat="50.894209" lon="10.339269">
        <ele>547.3</ele>
      </trkpt>
      <trkpt lat="50.894284" lon="10.339489">
        <ele>547.6</ele>
      </trkpt>
      <trkpt lat="50.894404" lon="10.339791">
        <ele>548.2</ele>
      </trkpt>
      <trkpt lat="50.894425" lon="10.339869">
        <ele>548.4</ele>
      </trkpt>
      <trkpt lat="50.89443" lon="10.339945">
        <ele>548.5</ele>
      </trkpt>
      <trkpt lat="50.894428" lon="10.34003">
        <ele>548.7</ele>
      </trkpt>
      <trkpt lat="50.894411" lon="10.340105">
        <ele>548.9</ele>
      </trkpt>
      <trkpt lat="50.894386" lon="10.340168">
        <ele>549.1</ele>
      </trkpt>
      <trkpt lat="50.894319" lon="10.340336">
        <ele>549.4</ele>
      </trkpt>
      <trkpt lat="50.894299" lon="10.340409">
        <ele>549.6</ele>
      </trkpt>
      <trkpt lat="50.894288" lon="10.340493">
        <ele>549.7</ele>
      </trkpt>
      <trkpt lat="50.894291" lon="10.340576">
        <ele>549.8</ele>
      </trkpt>
      <trkpt lat="50.894312" lon="10.340658">
        <ele>549.9</ele>
      </trkpt>
      <trkpt lat="50.894349" lon="10.340729">
        <ele>549.9</ele>
      </trkpt>
      <trkpt lat="50.894391" lon="10.340785">
        <ele>550.0</ele>
      </trkpt>
      <trkpt lat="50.894441" lon="10.340832">
        <ele>550.1</ele>
      </trkpt>
      <trkpt lat="50.894551" lon="10.340908">
        <ele>550.3</ele>
      </trkpt>
      <trkpt lat="50.894598" lon="10.340953">
        <ele>550.4</ele>
      </trkpt>
      <trkpt lat="50.894646" lon="10.341011">
        <ele>550.4</ele>
      </trkpt>
      <trkpt lat="50.894679" lon="10.341057">
        <ele>550.4</ele>
      </trkpt>
      <trkpt lat="50.894707" lon="10.341103">
        <ele>550.5</ele>
      </trkpt>
      <trkpt lat="50.894672" lon="10.341153">
        <ele>550.4</ele>
      </trkpt>
      <trkpt lat="50.894641" lon="10.341199">
        <ele>550.5</ele>
      </trkpt>
      <trkpt lat="50.894563" lon="10.341146">
        <ele>550.7</ele>
        <name>L 2118, Moorgrund</name>
        <extensions>
          <oa:Extension>
            <oa:mapZoom>14</oa:mapZoom>
          </oa:Extension>
        </extensions>
      </trkpt>
      <trkpt lat="50.894641" lon="10.341199">
        <ele>550.5</ele>
      </trkpt>
      <trkpt lat="50.894808" lon="10.341308">
        <ele>550.6</ele>
      </trkpt>
      <trkpt lat="50.894825" lon="10.34137">
        <ele>550.6</ele>
      </trkpt>
      <trkpt lat="50.894835" lon="10.34145">
        <ele>550.8</ele>
      </trkpt>
      <trkpt lat="50.894843" lon="10.341616">
        <ele>551.1</ele>
      </trkpt>
      <trkpt lat="50.894852" lon="10.341756">
        <ele>551.3</ele>
      </trkpt>
      <trkpt lat="50.894861" lon="10.341881">
        <ele>551.4</ele>
      </trkpt>
      <trkpt lat="50.894906" lon="10.342265">
        <ele>551.2</ele>
      </trkpt>
      <trkpt lat="50.894906" lon="10.342383">
        <ele>551.0</ele>
      </trkpt>
      <trkpt lat="50.8949" lon="10.342523">
        <ele>550.7</ele>
      </trkpt>
      <trkpt lat="50.894875" lon="10.342666">
        <ele>550.4</ele>
      </trkpt>
      <trkpt lat="50.894779" lon="10.34302">
        <ele>549.3</ele>
      </trkpt>
      <trkpt lat="50.89475" lon="10.3431">
        <ele>549.0</ele>
      </trkpt>
      <trkpt lat="50.894712" lon="10.343191">
        <ele>548.7</ele>
      </trkpt>
      <trkpt lat="50.894663" lon="10.343282">
        <ele>548.2</ele>
      </trkpt>
      <trkpt lat="50.894565" lon="10.343392">
        <ele>547.4</ele>
      </trkpt>
      <trkpt lat="50.894236" lon="10.343815">
        <ele>545.8</ele>
      </trkpt>
      <trkpt lat="50.893907" lon="10.344239">
        <ele>539.3</ele>
      </trkpt>
      <trkpt lat="50.893816" lon="10.344368">
        <ele>537.9</ele>
      </trkpt>
      <trkpt lat="50.893729" lon="10.344522">
        <ele>536.4</ele>
      </trkpt>
      <trkpt lat="50.893654" lon="10.344672">
        <ele>535.1</ele>
      </trkpt>
      <trkpt lat="50.893589" lon="10.344837">
        <ele>533.8</ele>
      </trkpt>
      <trkpt lat="50.893533" lon="10.345015">
        <ele>532.6</ele>
      </trkpt>
      <trkpt lat="50.893484" lon="10.345197">
        <ele>531.4</ele>
      </trkpt>
      <trkpt lat="50.893445" lon="10.345374">
        <ele>530.3</ele>
      </trkpt>
      <trkpt lat="50.893411" lon="10.345554">
        <ele>529.2</ele>
      </trkpt>
      <trkpt lat="50.893361" lon="10.346073">
        <ele>526.1</ele>
      </trkpt>
      <trkpt lat="50.893311" lon="10.346592">
        <ele>523.8</ele>
      </trkpt>
      <trkpt lat="50.893275" lon="10.346842">
        <ele>523.0</ele>
      </trkpt>
      <trkpt lat="50.893233" lon="10.347093">
        <ele>522.1</ele>
      </trkpt>
      <trkpt lat="50.893143" lon="10.347585">
        <ele>520.6</ele>
      </trkpt>
      <trkpt lat="50.893053" lon="10.348078">
        <ele>519.1</ele>
      </trkpt>
      <trkpt lat="50.892952" lon="10.348657">
        <ele>517.4</ele>
      </trkpt>
      <trkpt lat="50.892898" lon="10.349048">
        <ele>516.2</ele>
      </trkpt>
      <trkpt lat="50.892843" lon="10.349438">
        <ele>514.9</ele>
      </trkpt>
      <trkpt lat="50.892772" lon="10.34985">
        <ele>513.3</ele>
      </trkpt>
      <trkpt lat="50.892759" lon="10.349933">
        <ele>513.0</ele>
      </trkpt>
      <trkpt lat="50.89272" lon="10.350074">
        <ele>512.2</ele>
      </trkpt>
      <trkpt lat="50.892688" lon="10.350139">
        <ele>511.7</ele>
      </trkpt>
      <trkpt lat="50.892642" lon="10.350202">
        <ele>511.1</ele>
      </trkpt>
      <trkpt lat="50.892578" lon="10.350268">
        <ele>510.5</ele>
      </trkpt>
      <trkpt lat="50.892403" lon="10.350448">
        <ele>509.3</ele>
      </trkpt>
      <trkpt lat="50.892369" lon="10.350496">
        <ele>509.1</ele>
      </trkpt>
      <trkpt lat="50.892337" lon="10.350559">
        <ele>508.8</ele>
      </trkpt>
      <trkpt lat="50.892184" lon="10.351009">
        <ele>507.4</ele>
      </trkpt>
      <trkpt lat="50.892063" lon="10.351399">
        <ele>506.3</ele>
      </trkpt>
      <trkpt lat="50.891994" lon="10.351575">
        <ele>505.5</ele>
      </trkpt>
      <trkpt lat="50.891937" lon="10.351702">
        <ele>505.1</ele>
      </trkpt>
      <trkpt lat="50.891816" lon="10.351989">
        <ele>503.6</ele>
      </trkpt>
      <trkpt lat="50.891743" lon="10.352236">
        <ele>502.2</ele>
      </trkpt>
      <trkpt lat="50.89169" lon="10.352427">
        <ele>501.0</ele>
      </trkpt>
      <trkpt lat="50.891625" lon="10.352639">
        <ele>499.5</ele>
      </trkpt>
      <trkpt lat="50.891576" lon="10.3528">
        <ele>498.3</ele>
      </trkpt>
      <trkpt lat="50.891535" lon="10.352903">
        <ele>497.5</ele>
      </trkpt>
      <trkpt lat="50.891485" lon="10.353006">
        <ele>496.6</ele>
      </trkpt>
      <trkpt lat="50.891382" lon="10.353206">
        <ele>494.9</ele>
      </trkpt>
      <trkpt lat="50.891129" lon="10.353712">
        <ele>490.5</ele>
      </trkpt>
      <trkpt lat="50.890952" lon="10.354062">
        <ele>487.8</ele>
      </trkpt>
      <trkpt lat="50.89086" lon="10.354216">
        <ele>486.5</ele>
      </trkpt>
      <trkpt lat="50.890771" lon="10.354338">
        <ele>485.4</ele>
      </trkpt>
      <trkpt lat="50.890622" lon="10.354516">
        <ele>484.0</ele>
      </trkpt>
      <trkpt lat="50.890611" lon="10.354525">
        <ele>483.9</ele>
        <name>Am Stadtwald, Ruhla</name>
        <extensions>
          <oa:Extension>
            <oa:mapZoom>14</oa:mapZoom>
          </oa:Extension>
        </extensions>
      </trkpt>
      <trkpt lat="50.890514" lon="10.354612">
        <ele>483.0</ele>
      </trkpt>
      <trkpt lat="50.890347" lon="10.354741">
        <ele>481.6</ele>
      </trkpt>
      <trkpt lat="50.890126" lon="10.354916">
        <ele>479.8</ele>
      </trkpt>
      <trkpt lat="50.889967" lon="10.355058">
        <ele>478.5</ele>
      </trkpt>
      <trkpt lat="50.890026" lon="10.355248">
        <ele>478.5</ele>
      </trkpt>
      <trkpt lat="50.890049" lon="10.355384">
        <ele>478.6</ele>
      </trkpt>
      <trkpt lat="50.890043" lon="10.355558">
        <ele>478.9</ele>
      </trkpt>
      <trkpt lat="50.889989" lon="10.355756">
        <ele>479.6</ele>
      </trkpt>
      <trkpt lat="50.889946" lon="10.35597">
        <ele>480.5</ele>
      </trkpt>
      <trkpt lat="50.889952" lon="10.356022">
        <ele>480.7</ele>
      </trkpt>
      <trkpt lat="50.889898" lon="10.35604">
        <ele>478.5</ele>
      </trkpt>
      <trkpt lat="50.889856" lon="10.356078">
        <ele>476.6</ele>
      </trkpt>
      <trkpt lat="50.889731" lon="10.356125">
        <ele>473.1</ele>
      </trkpt>
      <trkpt lat="50.889701" lon="10.356087">
        <ele>473.2</ele>
      </trkpt>
      <trkpt lat="50.889535" lon="10.35599">
        <ele>473.4</ele>
      </trkpt>
      <trkpt lat="50.889504" lon="10.356165">
        <ele>472.8</ele>
      </trkpt>
      <trkpt lat="50.889483" lon="10.356344">
        <ele>472.4</ele>
      </trkpt>
      <trkpt lat="50.889473" lon="10.356536">
        <ele>471.9</ele>
      </trkpt>
      <trkpt lat="50.889469" lon="10.356739">
        <ele>471.2</ele>
      </trkpt>
      <trkpt lat="50.889476" lon="10.357081">
        <ele>470.0</ele>
      </trkpt>
      <trkpt lat="50.889491" lon="10.357411">
        <ele>468.6</ele>
      </trkpt>
      <trkpt lat="50.889515" lon="10.357708">
        <ele>467.2</ele>
      </trkpt>
      <trkpt lat="50.889529" lon="10.357841">
        <ele>466.6</ele>
      </trkpt>
      <trkpt lat="50.889567" lon="10.358174">
        <ele>464.8</ele>
      </trkpt>
      <trkpt lat="50.8896" lon="10.358337">
        <ele>463.6</ele>
      </trkpt>
      <trkpt lat="50.889641" lon="10.358487">
        <ele>462.4</ele>
      </trkpt>
      <trkpt lat="50.889732" lon="10.35875">
        <ele>459.8</ele>
      </trkpt>
      <trkpt lat="50.889808" lon="10.35896">
        <ele>457.7</ele>
      </trkpt>
      <trkpt lat="50.889856" lon="10.359083">
        <ele>456.6</ele>
      </trkpt>
      <trkpt lat="50.889905" lon="10.359183">
        <ele>455.7</ele>
      </trkpt>
      <trkpt lat="50.890046" lon="10.35938">
        <ele>453.6</ele>
      </trkpt>
      <trkpt lat="50.890208" lon="10.359648">
        <ele>451.1</ele>
      </trkpt>
      <trkpt lat="50.890287" lon="10.359796">
        <ele>449.9</ele>
      </trkpt>
      <trkpt lat="50.890336" lon="10.359921">
        <ele>449.0</ele>
      </trkpt>
      <trkpt lat="50.890379" lon="10.360055">
        <ele>448.2</ele>
      </trkpt>
      <trkpt lat="50.890419" lon="10.360234">
        <ele>447.1</ele>
      </trkpt>
      <trkpt lat="50.890464" lon="10.360451">
        <ele>445.9</ele>
      </trkpt>
      <trkpt lat="50.890561" lon="10.360926">
        <ele>443.8</ele>
      </trkpt>
      <trkpt lat="50.890634" lon="10.361249">
        <ele>442.3</ele>
      </trkpt>
      <trkpt lat="50.890662" lon="10.361399">
        <ele>441.8</ele>
      </trkpt>
      <trkpt lat="50.890621" lon="10.361423">
        <ele>442.1</ele>
      </trkpt>
      <trkpt lat="50.890581" lon="10.361446">
        <ele>442.6</ele>
      </trkpt>
      <trkpt lat="50.890504" lon="10.361516">
        <ele>443.8</ele>
      </trkpt>
      <trkpt lat="50.890401" lon="10.361812">
        <ele>446.5</ele>
      </trkpt>
      <trkpt lat="50.890334" lon="10.362053">
        <ele>448.4</ele>
      </trkpt>
      <trkpt lat="50.890283" lon="10.362263">
        <ele>449.4</ele>
      </trkpt>
      <trkpt lat="50.890299" lon="10.362439">
        <ele>448.8</ele>
      </trkpt>
      <trkpt lat="50.890331" lon="10.36287">
        <ele>447.2</ele>
      </trkpt>
      <trkpt lat="50.890361" lon="10.363219">
        <ele>446.0</ele>
      </trkpt>
      <trkpt lat="50.890423" lon="10.36357">
        <ele>446.2</ele>
      </trkpt>
      <trkpt lat="50.890498" lon="10.363945">
        <ele>446.5</ele>
      </trkpt>
      <trkpt lat="50.890554" lon="10.36433">
        <ele>446.8</ele>
      </trkpt>
      <trkpt lat="50.890737" lon="10.364946">
        <ele>446.9</ele>
      </trkpt>
      <trkpt lat="50.890835" lon="10.365281">
        <ele>445.2</ele>
      </trkpt>
      <trkpt lat="50.890878" lon="10.365426">
        <ele>444.0</ele>
      </trkpt>
      <trkpt lat="50.890891" lon="10.365524">
        <ele>443.2</ele>
      </trkpt>
      <trkpt lat="50.890917" lon="10.365808">
        <ele>440.6</ele>
      </trkpt>
      <trkpt lat="50.890906" lon="10.366018">
        <ele>438.8</ele>
      </trkpt>
      <trkpt lat="50.8909" lon="10.366152">
        <ele>437.6</ele>
      </trkpt>
      <trkpt lat="50.890866" lon="10.366396">
        <ele>435.4</ele>
      </trkpt>
      <trkpt lat="50.890819" lon="10.366839">
        <ele>431.6</ele>
      </trkpt>
      <trkpt lat="50.890866" lon="10.367065">
        <ele>429.5</ele>
      </trkpt>
      <trkpt lat="50.890923" lon="10.367382">
        <ele>426.4</ele>
      </trkpt>
      <trkpt lat="50.890918" lon="10.367664">
        <ele>424.2</ele>
      </trkpt>
      <trkpt lat="50.890937" lon="10.367749">
        <ele>424.0</ele>
      </trkpt>
      <trkpt lat="50.890813" lon="10.367999">
        <ele>425.0</ele>
      </trkpt>
      <trkpt lat="50.89074" lon="10.368131">
        <ele>425.3</ele>
      </trkpt>
      <trkpt lat="50.890686" lon="10.368217">
        <ele>425.4</ele>
      </trkpt>
      <trkpt lat="50.890614" lon="10.368312">
        <ele>425.5</ele>
      </trkpt>
      <trkpt lat="50.890561" lon="10.368387">
        <ele>425.5</ele>
      </trkpt>
      <trkpt lat="50.890421" lon="10.368555">
        <ele>425.3</ele>
      </trkpt>
      <trkpt lat="50.890287" lon="10.368702">
        <ele>425.4</ele>
      </trkpt>
      <trkpt lat="50.890314" lon="10.368723">
        <ele>425.2</ele>
      </trkpt>
      <trkpt lat="50.89037" lon="10.368772">
        <ele>424.7</ele>
      </trkpt>
      <trkpt lat="50.890433" lon="10.368791">
        <ele>424.3</ele>
      </trkpt>
      <trkpt lat="50.890779" lon="10.368756">
        <ele>423.4</ele>
      </trkpt>
      <trkpt lat="50.890911" lon="10.36874">
        <ele>423.7</ele>
      </trkpt>
      <trkpt lat="50.891087" lon="10.368688">
        <ele>424.4</ele>
      </trkpt>
      <trkpt lat="50.891164" lon="10.368673">
        <ele>424.6</ele>
      </trkpt>
      <trkpt lat="50.891258" lon="10.368664">
        <ele>424.9</ele>
      </trkpt>
      <trkpt lat="50.891564" lon="10.36864">
        <ele>425.3</ele>
      </trkpt>
      <trkpt lat="50.891619" lon="10.368924">
        <ele>427.3</ele>
      </trkpt>
      <trkpt lat="50.891657" lon="10.368995">
        <ele>428.1</ele>
      </trkpt>
      <trkpt lat="50.891699" lon="10.369174">
        <ele>430.0</ele>
      </trkpt>
      <trkpt lat="50.891697" lon="10.369224">
        <ele>430.4</ele>
      </trkpt>
      <trkpt lat="50.89168" lon="10.369277">
        <ele>431.0</ele>
      </trkpt>
      <trkpt lat="50.891651" lon="10.369333">
        <ele>431.6</ele>
      </trkpt>
      <trkpt lat="50.891618" lon="10.369373">
        <ele>432.2</ele>
      </trkpt>
      <trkpt lat="50.891512" lon="10.369433">
        <ele>433.7</ele>
      </trkpt>
      <trkpt lat="50.891189" lon="10.369621">
        <ele>438.3</ele>
      </trkpt>
      <trkpt lat="50.891053" lon="10.369696">
        <ele>440.3</ele>
      </trkpt>
      <trkpt lat="50.891034" lon="10.369707">
        <ele>440.6</ele>
      </trkpt>
      <trkpt lat="50.890981" lon="10.369743">
        <ele>441.1</ele>
      </trkpt>
      <trkpt lat="50.890935" lon="10.369753">
        <ele>441.5</ele>
      </trkpt>
      <trkpt lat="50.890764" lon="10.369691">
        <ele>443.0</ele>
      </trkpt>
      <trkpt lat="50.890712" lon="10.369687">
        <ele>443.4</ele>
      </trkpt>
      <trkpt lat="50.890669" lon="10.369692">
        <ele>443.9</ele>
      </trkpt>
      <trkpt lat="50.890626" lon="10.369711">
        <ele>444.2</ele>
      </trkpt>
      <trkpt lat="50.890586" lon="10.369745">
        <ele>444.6</ele>
      </trkpt>
      <trkpt lat="50.890554" lon="10.36978">
        <ele>444.9</ele>
      </trkpt>
      <trkpt lat="50.890371" lon="10.370128">
        <ele>447.4</ele>
      </trkpt>
      <trkpt lat="50.890121" lon="10.370452">
        <ele>448.8</ele>
      </trkpt>
      <trkpt lat="50.889825" lon="10.370775">
        <ele>450.9</ele>
      </trkpt>
      <trkpt lat="50.889644" lon="10.370973">
        <ele>452.5</ele>
      </trkpt>
      <trkpt lat="50.889573" lon="10.371121">
        <ele>453.6</ele>
      </trkpt>
      <trkpt lat="50.889535" lon="10.371421">
        <ele>455.7</ele>
      </trkpt>
      <trkpt lat="50.889517" lon="10.37153">
        <ele>456.5</ele>
      </trkpt>
      <trkpt lat="50.889472" lon="10.371577">
        <ele>457.2</ele>
      </trkpt>
      <trkpt lat="50.889405" lon="10.371587">
        <ele>458.0</ele>
      </trkpt>
      <trkpt lat="50.889223" lon="10.371315">
        <ele>459.7</ele>
      </trkpt>
      <trkpt lat="50.88911" lon="10.371139">
        <ele>460.6</ele>
      </trkpt>
      <trkpt lat="50.888988" lon="10.3711">
        <ele>461.1</ele>
      </trkpt>
      <trkpt lat="50.888591" lon="10.371104">
        <ele>463.1</ele>
      </trkpt>
      <trkpt lat="50.888509" lon="10.371105">
        <ele>463.5</ele>
      </trkpt>
      <trkpt lat="50.888302" lon="10.371113">
        <ele>464.3</ele>
      </trkpt>
      <trkpt lat="50.888157" lon="10.371274">
        <ele>464.8</ele>
      </trkpt>
      <trkpt lat="50.888136" lon="10.371296">
        <ele>464.8</ele>
      </trkpt>
      <trkpt lat="50.887867" lon="10.371626">
        <ele>466.6</ele>
      </trkpt>
      <trkpt lat="50.887568" lon="10.372105">
        <ele>469.8</ele>
      </trkpt>
      <trkpt lat="50.887482" lon="10.372254">
        <ele>470.5</ele>
      </trkpt>
      <trkpt lat="50.887415" lon="10.372514">
        <ele>471.6</ele>
      </trkpt>
      <trkpt lat="50.887365" lon="10.372858">
        <ele>472.9</ele>
      </trkpt>
      <trkpt lat="50.887321" lon="10.372935">
        <ele>473.1</ele>
      </trkpt>
      <trkpt lat="50.887142" lon="10.373004">
        <ele>473.5</ele>
      </trkpt>
      <trkpt lat="50.8871" lon="10.373015">
        <ele>473.6</ele>
      </trkpt>
      <trkpt lat="50.887079" lon="10.37302">
        <ele>473.7</ele>
      </trkpt>
      <trkpt lat="50.887059" lon="10.373025">
        <ele>473.8</ele>
      </trkpt>
      <trkpt lat="50.886814" lon="10.373135">
        <ele>475.0</ele>
      </trkpt>
      <trkpt lat="50.886582" lon="10.373326">
        <ele>476.4</ele>
      </trkpt>
      <trkpt lat="50.886394" lon="10.373541">
        <ele>477.8</ele>
      </trkpt>
      <trkpt lat="50.886206" lon="10.373756">
        <ele>479.5</ele>
      </trkpt>
      <trkpt lat="50.885898" lon="10.374093">
        <ele>481.9</ele>
      </trkpt>
      <trkpt lat="50.88572" lon="10.374339">
        <ele>483.1</ele>
      </trkpt>
      <trkpt lat="50.885595" lon="10.374627">
        <ele>484.3</ele>
      </trkpt>
      <trkpt lat="50.885496" lon="10.374861">
        <ele>484.9</ele>
      </trkpt>
      <trkpt lat="50.88528" lon="10.375234">
        <ele>486.5</ele>
      </trkpt>
      <trkpt lat="50.885188" lon="10.375423">
        <ele>487.3</ele>
      </trkpt>
      <trkpt lat="50.885083" lon="10.375827">
        <ele>488.3</ele>
      </trkpt>
      <trkpt lat="50.884997" lon="10.376168">
        <ele>488.7</ele>
      </trkpt>
      <trkpt lat="50.884911" lon="10.37651">
        <ele>489.3</ele>
      </trkpt>
      <trkpt lat="50.884734" lon="10.376851">
        <ele>491.1</ele>
      </trkpt>
      <trkpt lat="50.88468" lon="10.377167">
        <ele>494.7</ele>
      </trkpt>
      <trkpt lat="50.884747" lon="10.377482">
        <ele>498.6</ele>
      </trkpt>
      <trkpt lat="50.8849" lon="10.377681">
        <ele>502.8</ele>
      </trkpt>
      <trkpt lat="50.885037" lon="10.377956">
        <ele>503.4</ele>
      </trkpt>
      <trkpt lat="50.885094" lon="10.37837">
        <ele>499.6</ele>
      </trkpt>
      <trkpt lat="50.885093" lon="10.378887">
        <ele>495.0</ele>
      </trkpt>
      <trkpt lat="50.885102" lon="10.379133">
        <ele>495.1</ele>
      </trkpt>
      <trkpt lat="50.885225" lon="10.379693">
        <ele>494.6</ele>
      </trkpt>
      <trkpt lat="50.885405" lon="10.379856">
        <ele>493.9</ele>
      </trkpt>
      <trkpt lat="50.885656" lon="10.379993">
        <ele>492.6</ele>
      </trkpt>
      <trkpt lat="50.885908" lon="10.38013">
        <ele>493.1</ele>
      </trkpt>
      <trkpt lat="50.886128" lon="10.380278">
        <ele>492.9</ele>
      </trkpt>
      <trkpt lat="50.886282" lon="10.380538">
        <ele>492.3</ele>
      </trkpt>
      <trkpt lat="50.886437" lon="10.380798">
        <ele>492.1</ele>
      </trkpt>
      <trkpt lat="50.886518" lon="10.380877">
        <ele>492.1</ele>
      </trkpt>
      <trkpt lat="50.886768" lon="10.381026">
        <ele>492.2</ele>
      </trkpt>
      <trkpt lat="50.886891" lon="10.381195">
        <ele>492.8</ele>
      </trkpt>
      <trkpt lat="50.886916" lon="10.381433">
        <ele>493.8</ele>
      </trkpt>
      <trkpt lat="50.886914" lon="10.381799">
        <ele>494.6</ele>
      </trkpt>
      <trkpt lat="50.886877" lon="10.382092">
        <ele>493.9</ele>
      </trkpt>
      <trkpt lat="50.886543" lon="10.381819">
        <ele>487.6</ele>
      </trkpt>
      <trkpt lat="50.886442" lon="10.381669">
        <ele>485.5</ele>
      </trkpt>
      <trkpt lat="50.886431" lon="10.381817">
        <ele>484.9</ele>
      </trkpt>
      <trkpt lat="50.886326" lon="10.381856">
        <ele>482.4</ele>
      </trkpt>
      <trkpt lat="50.886369" lon="10.382165">
        <ele>483.3</ele>
      </trkpt>
      <trkpt lat="50.886379" lon="10.382537">
        <ele>484.3</ele>
      </trkpt>
      <trkpt lat="50.886367" lon="10.382826">
        <ele>485.3</ele>
      </trkpt>
      <trkpt lat="50.886241" lon="10.383093">
        <ele>486.4</ele>
      </trkpt>
      <trkpt lat="50.886114" lon="10.383336">
        <ele>487.2</ele>
      </trkpt>
      <trkpt lat="50.885976" lon="10.383622">
        <ele>488.6</ele>
      </trkpt>
      <trkpt lat="50.885916" lon="10.383786">
        <ele>489.2</ele>
      </trkpt>
      <trkpt lat="50.885889" lon="10.383996">
        <ele>490.1</ele>
      </trkpt>
      <trkpt lat="50.885843" lon="10.38459">
        <ele>492.7</ele>
      </trkpt>
      <trkpt lat="50.885829" lon="10.384806">
        <ele>493.7</ele>
      </trkpt>
      <trkpt lat="50.88581" lon="10.385434">
        <ele>496.4</ele>
      </trkpt>
      <trkpt lat="50.885805" lon="10.385757">
        <ele>498.0</ele>
      </trkpt>
      <trkpt lat="50.88581" lon="10.386224">
        <ele>500.7</ele>
      </trkpt>
      <trkpt lat="50.885814" lon="10.386382">
        <ele>501.4</ele>
      </trkpt>
      <trkpt lat="50.885799" lon="10.386569">
        <ele>502.1</ele>
      </trkpt>
      <trkpt lat="50.885713" lon="10.387227">
        <ele>504.4</ele>
      </trkpt>
      <trkpt lat="50.885685" lon="10.387579">
        <ele>505.3</ele>
      </trkpt>
      <trkpt lat="50.885674" lon="10.387729">
        <ele>505.6</ele>
      </trkpt>
      <trkpt lat="50.885674" lon="10.38787">
        <ele>505.9</ele>
      </trkpt>
      <trkpt lat="50.885686" lon="10.388008">
        <ele>506.2</ele>
      </trkpt>
      <trkpt lat="50.885752" lon="10.388306">
        <ele>506.9</ele>
      </trkpt>
      <trkpt lat="50.88588" lon="10.388691">
        <ele>507.9</ele>
      </trkpt>
      <trkpt lat="50.886021" lon="10.388998">
        <ele>509.1</ele>
      </trkpt>
      <trkpt lat="50.886112" lon="10.389159">
        <ele>509.7</ele>
      </trkpt>
      <trkpt lat="50.88618" lon="10.389262">
        <ele>510.2</ele>
      </trkpt>
      <trkpt lat="50.886207" lon="10.38929">
        <ele>510.4</ele>
      </trkpt>
      <trkpt lat="50.886237" lon="10.389293">
        <ele>510.4</ele>
      </trkpt>
      <trkpt lat="50.886293" lon="10.389407">
        <ele>511.1</ele>
      </trkpt>
      <trkpt lat="50.886323" lon="10.390094">
        <ele>518.2</ele>
      </trkpt>
      <trkpt lat="50.886329" lon="10.390616">
        <ele>523.9</ele>
      </trkpt>
      <trkpt lat="50.88629" lon="10.390789">
        <ele>525.3</ele>
      </trkpt>
      <trkpt lat="50.886193" lon="10.390926">
        <ele>526.0</ele>
      </trkpt>
      <trkpt lat="50.886055" lon="10.390985">
        <ele>527.1</ele>
      </trkpt>
      <trkpt lat="50.885642" lon="10.391037">
        <ele>530.7</ele>
      </trkpt>
      <trkpt lat="50.88523" lon="10.391089">
        <ele>533.3</ele>
      </trkpt>
      <trkpt lat="50.884817" lon="10.391141">
        <ele>535.5</ele>
      </trkpt>
      <trkpt lat="50.884765" lon="10.391144">
        <ele>535.8</ele>
      </trkpt>
      <trkpt lat="50.884546" lon="10.39123">
        <ele>537.2</ele>
      </trkpt>
      <trkpt lat="50.884367" lon="10.391565">
        <ele>538.6</ele>
      </trkpt>
      <trkpt lat="50.884114" lon="10.392092">
        <ele>538.3</ele>
      </trkpt>
      <trkpt lat="50.883861" lon="10.39262">
        <ele>537.1</ele>
      </trkpt>
      <trkpt lat="50.883823" lon="10.392726">
        <ele>536.8</ele>
      </trkpt>
      <trkpt lat="50.883642" lon="10.393234">
        <ele>535.4</ele>
      </trkpt>
      <trkpt lat="50.883462" lon="10.393742">
        <ele>534.3</ele>
      </trkpt>
      <trkpt lat="50.883302" lon="10.394068">
        <ele>533.5</ele>
      </trkpt>
      <trkpt lat="50.883076" lon="10.394426">
        <ele>532.3</ele>
      </trkpt>
      <trkpt lat="50.882868" lon="10.394817">
        <ele>531.4</ele>
      </trkpt>
      <trkpt lat="50.882711" lon="10.395193">
        <ele>531.0</ele>
      </trkpt>
      <trkpt lat="50.882648" lon="10.395588">
        <ele>530.8</ele>
      </trkpt>
      <trkpt lat="50.882624" lon="10.395954">
        <ele>531.2</ele>
      </trkpt>
      <trkpt lat="50.882625" lon="10.396017">
        <ele>531.3</ele>
      </trkpt>
      <trkpt lat="50.882631" lon="10.396467">
        <ele>532.2</ele>
      </trkpt>
      <trkpt lat="50.882686" lon="10.397022">
        <ele>533.8</ele>
      </trkpt>
      <trkpt lat="50.882742" lon="10.397578">
        <ele>536.0</ele>
      </trkpt>
      <trkpt lat="50.882798" lon="10.398134">
        <ele>538.4</ele>
      </trkpt>
      <trkpt lat="50.882838" lon="10.398779">
        <ele>540.8</ele>
      </trkpt>
      <trkpt lat="50.882878" lon="10.399425">
        <ele>543.5</ele>
      </trkpt>
      <trkpt lat="50.882871" lon="10.399593">
        <ele>544.0</ele>
        <name>Naturpark Thüringer Wald, Ruhla</name>
        <extensions>
          <oa:Extension>
            <oa:mapZoom>14</oa:mapZoom>
          </oa:Extension>
        </extensions>
      </trkpt>
      <trkpt lat="50.88286" lon="10.399824">
        <ele>544.6</ele>
      </trkpt>
      <trkpt lat="50.882734" lon="10.400483">
        <ele>546.8</ele>
      </trkpt>
      <trkpt lat="50.882597" lon="10.401116">
        <ele>549.0</ele>
      </trkpt>
      <trkpt lat="50.882512" lon="10.401456">
        <ele>550.1</ele>
      </trkpt>
      <trkpt lat="50.882427" lon="10.401797">
        <ele>551.1</ele>
      </trkpt>
      <trkpt lat="50.882315" lon="10.402143">
        <ele>552.3</ele>
      </trkpt>
      <trkpt lat="50.882203" lon="10.402489">
        <ele>553.4</ele>
      </trkpt>
      <trkpt lat="50.882061" lon="10.40283">
        <ele>554.6</ele>
      </trkpt>
      <trkpt lat="50.8819" lon="10.403152">
        <ele>555.9</ele>
      </trkpt>
      <trkpt lat="50.88175" lon="10.40337">
        <ele>556.6</ele>
      </trkpt>
      <trkpt lat="50.881477" lon="10.40362">
        <ele>558.8</ele>
      </trkpt>
      <trkpt lat="50.881203" lon="10.403869">
        <ele>560.9</ele>
      </trkpt>
      <trkpt lat="50.881023" lon="10.404203">
        <ele>562.3</ele>
      </trkpt>
      <trkpt lat="50.880842" lon="10.404537">
        <ele>563.8</ele>
      </trkpt>
      <trkpt lat="50.880664" lon="10.404821">
        <ele>565.5</ele>
      </trkpt>
      <trkpt lat="50.880485" lon="10.405105">
        <ele>567.3</ele>
      </trkpt>
      <trkpt lat="50.880249" lon="10.405548">
        <ele>569.8</ele>
      </trkpt>
      <trkpt lat="50.880134" lon="10.405903">
        <ele>571.5</ele>
      </trkpt>
      <trkpt lat="50.880046" lon="10.406072">
        <ele>572.5</ele>
      </trkpt>
      <trkpt lat="50.879827" lon="10.406387">
        <ele>575.1</ele>
      </trkpt>
      <trkpt lat="50.879607" lon="10.406702">
        <ele>577.5</ele>
      </trkpt>
      <trkpt lat="50.879401" lon="10.407158">
        <ele>580.8</ele>
      </trkpt>
      <trkpt lat="50.879271" lon="10.407562">
        <ele>583.2</ele>
      </trkpt>
      <trkpt lat="50.87914" lon="10.407965">
        <ele>585.9</ele>
      </trkpt>
      <trkpt lat="50.879077" lon="10.408224">
        <ele>587.5</ele>
      </trkpt>
      <trkpt lat="50.87905" lon="10.408473">
        <ele>589.0</ele>
      </trkpt>
      <trkpt lat="50.879043" lon="10.408921">
        <ele>591.4</ele>
      </trkpt>
      <trkpt lat="50.878949" lon="10.409516">
        <ele>594.7</ele>
      </trkpt>
      <trkpt lat="50.87892" lon="10.409763">
        <ele>596.3</ele>
      </trkpt>
      <trkpt lat="50.878916" lon="10.409993">
        <ele>597.7</ele>
      </trkpt>
      <trkpt lat="50.878947" lon="10.410447">
        <ele>600.5</ele>
      </trkpt>
      <trkpt lat="50.878992" lon="10.410783">
        <ele>602.6</ele>
      </trkpt>
      <trkpt lat="50.879035" lon="10.411115">
        <ele>604.6</ele>
      </trkpt>
      <trkpt lat="50.879094" lon="10.411431">
        <ele>606.4</ele>
      </trkpt>
      <trkpt lat="50.879175" lon="10.411795">
        <ele>608.9</ele>
      </trkpt>
      <trkpt lat="50.879315" lon="10.412283">
        <ele>612.3</ele>
      </trkpt>
      <trkpt lat="50.879424" lon="10.412627">
        <ele>614.7</ele>
      </trkpt>
      <trkpt lat="50.879532" lon="10.412971">
        <ele>617.2</ele>
      </trkpt>
      <trkpt lat="50.879554" lon="10.413171">
        <ele>618.6</ele>
      </trkpt>
      <trkpt lat="50.879534" lon="10.413301">
        <ele>619.4</ele>
      </trkpt>
      <trkpt lat="50.879492" lon="10.413498">
        <ele>620.6</ele>
      </trkpt>
      <trkpt lat="50.879347" lon="10.41377">
        <ele>622.0</ele>
      </trkpt>
      <trkpt lat="50.879295" lon="10.413868">
        <ele>622.7</ele>
      </trkpt>
      <trkpt lat="50.879029" lon="10.414144">
        <ele>625.5</ele>
      </trkpt>
      <trkpt lat="50.878763" lon="10.41442">
        <ele>626.9</ele>
      </trkpt>
      <trkpt lat="50.878572" lon="10.414659">
        <ele>629.1</ele>
      </trkpt>
      <trkpt lat="50.878381" lon="10.414897">
        <ele>629.2</ele>
      </trkpt>
      <trkpt lat="50.878292" lon="10.414858">
        <ele>629.2</ele>
        <name>Weinstraße, Winterstein, Waltershausen</name>
        <extensions>
          <oa:Extension>
            <oa:mapZoom>14</oa:mapZoom>
          </oa:Extension>
        </extensions>
      </trkpt>
      <trkpt lat="50.878195" lon="10.414815">
        <ele>629.1</ele>
      </trkpt>
      <trkpt lat="50.877885" lon="10.414609">
        <ele>628.6</ele>
      </trkpt>
      <trkpt lat="50.877575" lon="10.414402">
        <ele>628.2</ele>
      </trkpt>
      <trkpt lat="50.877242" lon="10.414201">
        <ele>628.4</ele>
      </trkpt>
      <trkpt lat="50.876908" lon="10.414001">
        <ele>629.3</ele>
      </trkpt>
      <trkpt lat="50.876624" lon="10.413795">
        <ele>630.2</ele>
      </trkpt>
      <trkpt lat="50.87634" lon="10.41359">
        <ele>631.4</ele>
      </trkpt>
      <trkpt lat="50.876027" lon="10.413361">
        <ele>633.0</ele>
      </trkpt>
      <trkpt lat="50.875714" lon="10.413133">
        <ele>634.6</ele>
      </trkpt>
      <trkpt lat="50.875379" lon="10.412875">
        <ele>636.2</ele>
      </trkpt>
      <trkpt lat="50.875043" lon="10.412618">
        <ele>637.0</ele>
      </trkpt>
      <trkpt lat="50.874735" lon="10.412326">
        <ele>637.5</ele>
      </trkpt>
      <trkpt lat="50.874537" lon="10.412106">
        <ele>638.1</ele>
      </trkpt>
      <trkpt lat="50.874404" lon="10.411983">
        <ele>638.8</ele>
      </trkpt>
      <trkpt lat="50.874146" lon="10.411691">
        <ele>639.5</ele>
      </trkpt>
      <trkpt lat="50.873889" lon="10.411399">
        <ele>639.5</ele>
      </trkpt>
      <trkpt lat="50.873544" lon="10.411102">
        <ele>638.6</ele>
      </trkpt>
      <trkpt lat="50.873197" lon="10.410858">
        <ele>636.4</ele>
      </trkpt>
      <trkpt lat="50.873067" lon="10.410777">
        <ele>635.7</ele>
      </trkpt>
      <trkpt lat="50.873001" lon="10.410735">
        <ele>635.4</ele>
      </trkpt>
      <trkpt lat="50.872895" lon="10.410654">
        <ele>635.1</ele>
      </trkpt>
      <trkpt lat="50.872773" lon="10.410512">
        <ele>635.4</ele>
      </trkpt>
      <trkpt lat="50.872585" lon="10.410369">
        <ele>638.1</ele>
      </trkpt>
      <trkpt lat="50.872275" lon="10.410174">
        <ele>641.3</ele>
      </trkpt>
      <trkpt lat="50.87222" lon="10.410131">
        <ele>641.8</ele>
      </trkpt>
      <trkpt lat="50.871996" lon="10.409855">
        <ele>644.0</ele>
      </trkpt>
      <trkpt lat="50.871774" lon="10.409548">
        <ele>646.4</ele>
      </trkpt>
      <trkpt lat="50.871623" lon="10.409235">
        <ele>648.3</ele>
      </trkpt>
      <trkpt lat="50.871471" lon="10.408921">
        <ele>650.7</ele>
      </trkpt>
      <trkpt lat="50.87131" lon="10.408594">
        <ele>653.6</ele>
      </trkpt>
      <trkpt lat="50.871147" lon="10.408266">
        <ele>656.4</ele>
      </trkpt>
      <trkpt lat="50.870967" lon="10.407947">
        <ele>659.0</ele>
      </trkpt>
      <trkpt lat="50.870785" lon="10.407751">
        <ele>660.6</ele>
      </trkpt>
      <trkpt lat="50.870575" lon="10.407831">
        <ele>660.8</ele>
      </trkpt>
      <trkpt lat="50.870423" lon="10.407897">
        <ele>660.8</ele>
      </trkpt>
      <trkpt lat="50.870106" lon="10.407951">
        <ele>661.2</ele>
      </trkpt>
      <trkpt lat="50.869741" lon="10.408173">
        <ele>662.5</ele>
      </trkpt>
      <trkpt lat="50.869375" lon="10.408395">
        <ele>662.7</ele>
      </trkpt>
      <trkpt lat="50.869197" lon="10.408421">
        <ele>662.1</ele>
      </trkpt>
      <trkpt lat="50.869055" lon="10.408501">
        <ele>661.4</ele>
      </trkpt>
      <trkpt lat="50.868948" lon="10.408575">
        <ele>660.6</ele>
      </trkpt>
      <trkpt lat="50.868807" lon="10.408779">
        <ele>659.5</ele>
      </trkpt>
      <trkpt lat="50.868668" lon="10.408693">
        <ele>659.1</ele>
      </trkpt>
      <trkpt lat="50.868272" lon="10.408525">
        <ele>659.0</ele>
      </trkpt>
      <trkpt lat="50.86815" lon="10.408471">
        <ele>659.3</ele>
      </trkpt>
      <trkpt lat="50.868101" lon="10.408453">
        <ele>659.6</ele>
      </trkpt>
      <trkpt lat="50.867793" lon="10.408362">
        <ele>660.9</ele>
      </trkpt>
      <trkpt lat="50.867742" lon="10.408353">
        <ele>661.1</ele>
      </trkpt>
      <trkpt lat="50.867529" lon="10.408492">
        <ele>662.1</ele>
      </trkpt>
      <trkpt lat="50.867506" lon="10.408789">
        <ele>662.5</ele>
      </trkpt>
      <trkpt lat="50.867376" lon="10.409115">
        <ele>664.5</ele>
      </trkpt>
      <trkpt lat="50.867322" lon="10.409178">
        <ele>664.8</ele>
      </trkpt>
      <trkpt lat="50.867291" lon="10.409041">
        <ele>665.0</ele>
      </trkpt>
      <trkpt lat="50.867278" lon="10.409001">
        <ele>665.0</ele>
        <name>L 1027, Winterstein, Waltershausen</name>
        <extensions>
          <oa:Extension>
            <oa:mapZoom>15</oa:mapZoom>
          </oa:Extension>
        </extensions>
      </trkpt>
      <trkpt lat="50.867244" lon="10.408892">
        <ele>665.1</ele>
      </trkpt>
      <trkpt lat="50.867172" lon="10.40872">
        <ele>665.2</ele>
      </trkpt>
      <trkpt lat="50.867074" lon="10.408517">
        <ele>665.2</ele>
      </trkpt>
      <trkpt lat="50.866979" lon="10.408338">
        <ele>665.2</ele>
      </trkpt>
      <trkpt lat="50.866882" lon="10.408149">
        <ele>665.1</ele>
      </trkpt>
      <trkpt lat="50.866677" lon="10.407749">
        <ele>664.6</ele>
      </trkpt>
      <trkpt lat="50.866418" lon="10.407219">
        <ele>663.5</ele>
      </trkpt>
      <trkpt lat="50.866159" lon="10.406689">
        <ele>662.5</ele>
      </trkpt>
      <trkpt lat="50.866201" lon="10.406667">
        <ele>662.4</ele>
      </trkpt>
      <trkpt lat="50.866522" lon="10.406801">
        <ele>659.9</ele>
      </trkpt>
      <trkpt lat="50.866477" lon="10.406721">
        <ele>660.0</ele>
      </trkpt>
      <trkpt lat="50.866292" lon="10.406547">
        <ele>659.9</ele>
      </trkpt>
      <trkpt lat="50.866083" lon="10.406122">
        <ele>659.4</ele>
      </trkpt>
      <trkpt lat="50.865815" lon="10.405635">
        <ele>660.1</ele>
      </trkpt>
      <trkpt lat="50.865546" lon="10.405148">
        <ele>662.4</ele>
      </trkpt>
      <trkpt lat="50.865278" lon="10.404662">
        <ele>664.9</ele>
      </trkpt>
      <trkpt lat="50.86501" lon="10.404175">
        <ele>666.5</ele>
      </trkpt>
      <trkpt lat="50.864741" lon="10.403688">
        <ele>666.9</ele>
      </trkpt>
      <trkpt lat="50.864756" lon="10.403603">
        <ele>666.8</ele>
      </trkpt>
      <trkpt lat="50.864675" lon="10.403399">
        <ele>666.1</ele>
      </trkpt>
      <trkpt lat="50.864509" lon="10.403217">
        <ele>665.6</ele>
      </trkpt>
      <trkpt lat="50.864182" lon="10.402957">
        <ele>664.0</ele>
      </trkpt>
      <trkpt lat="50.864103" lon="10.402887">
        <ele>664.0</ele>
      </trkpt>
      <trkpt lat="50.864011" lon="10.40283">
        <ele>664.4</ele>
      </trkpt>
      <trkpt lat="50.863937" lon="10.40279">
        <ele>664.4</ele>
      </trkpt>
      <trkpt lat="50.863698" lon="10.402302">
        <ele>662.9</ele>
      </trkpt>
      <trkpt lat="50.863459" lon="10.401815">
        <ele>661.9</ele>
      </trkpt>
      <trkpt lat="50.863393" lon="10.40188">
        <ele>662.4</ele>
      </trkpt>
      <trkpt lat="50.863373" lon="10.40195">
        <ele>662.8</ele>
      </trkpt>
      <trkpt lat="50.863382" lon="10.402211">
        <ele>663.5</ele>
      </trkpt>
      <trkpt lat="50.863409" lon="10.402485">
        <ele>664.7</ele>
      </trkpt>
      <trkpt lat="50.863399" lon="10.402674">
        <ele>665.5</ele>
        <name>Naturpark Thüringer Wald, Winterstein, Waltershausen</name>
        <extensions>
          <oa:Extension>
            <oa:mapZoom>15</oa:mapZoom>
          </oa:Extension>
        </extensions>
      </trkpt>
      <trkpt lat="50.863351" lon="10.402964">
        <ele>667.1</ele>
      </trkpt>
      <trkpt lat="50.863242" lon="10.403266">
        <ele>669.1</ele>
      </trkpt>
      <trkpt lat="50.863168" lon="10.403519">
        <ele>670.8</ele>
      </trkpt>
      <trkpt lat="50.863052" lon="10.403967">
        <ele>673.4</ele>
      </trkpt>
      <trkpt lat="50.862992" lon="10.404293">
        <ele>675.4</ele>
      </trkpt>
      <trkpt lat="50.86291" lon="10.40466">
        <ele>676.8</ele>
      </trkpt>
      <trkpt lat="50.862799" lon="10.405169">
        <ele>679.3</ele>
      </trkpt>
      <trkpt lat="50.862702" lon="10.405654">
        <ele>681.7</ele>
      </trkpt>
      <trkpt lat="50.862529" lon="10.405956">
        <ele>684.3</ele>
      </trkpt>
      <trkpt lat="50.862359" lon="10.406262">
        <ele>687.0</ele>
      </trkpt>
      <trkpt lat="50.862227" lon="10.406483">
        <ele>689.2</ele>
      </trkpt>
      <trkpt lat="50.862096" lon="10.406713">
        <ele>691.4</ele>
      </trkpt>
      <trkpt lat="50.861933" lon="10.406949">
        <ele>693.4</ele>
      </trkpt>
      <trkpt lat="50.861778" lon="10.407207">
        <ele>695.7</ele>
      </trkpt>
      <trkpt lat="50.861624" lon="10.407508">
        <ele>698.2</ele>
      </trkpt>
      <trkpt lat="50.861454" lon="10.407805">
        <ele>699.9</ele>
      </trkpt>
      <trkpt lat="50.861296" lon="10.408207">
        <ele>700.0</ele>
      </trkpt>
      <trkpt lat="50.861149" lon="10.408521">
        <ele>699.5</ele>
      </trkpt>
      <trkpt lat="50.860986" lon="10.408612">
        <ele>699.3</ele>
      </trkpt>
      <trkpt lat="50.860698" lon="10.408769">
        <ele>698.7</ele>
      </trkpt>
      <trkpt lat="50.860411" lon="10.408926">
        <ele>698.0</ele>
      </trkpt>
      <trkpt lat="50.860123" lon="10.409083">
        <ele>697.5</ele>
      </trkpt>
      <trkpt lat="50.859779" lon="10.409226">
        <ele>697.8</ele>
      </trkpt>
      <trkpt lat="50.859434" lon="10.409369">
        <ele>697.0</ele>
      </trkpt>
      <trkpt lat="50.85909" lon="10.409512">
        <ele>695.6</ele>
      </trkpt>
      <trkpt lat="50.858745" lon="10.409655">
        <ele>693.6</ele>
      </trkpt>
      <trkpt lat="50.858437" lon="10.409664">
        <ele>691.7</ele>
      </trkpt>
      <trkpt lat="50.858128" lon="10.409673">
        <ele>689.6</ele>
      </trkpt>
      <trkpt lat="50.85782" lon="10.409681">
        <ele>687.1</ele>
      </trkpt>
      <trkpt lat="50.857519" lon="10.409485">
        <ele>684.2</ele>
      </trkpt>
      <trkpt lat="50.857369" lon="10.409356">
        <ele>682.5</ele>
      </trkpt>
      <trkpt lat="50.85715" lon="10.409247">
        <ele>679.9</ele>
      </trkpt>
      <trkpt lat="50.856779" lon="10.409108">
        <ele>675.4</ele>
      </trkpt>
      <trkpt lat="50.85657" lon="10.409028">
        <ele>673.1</ele>
      </trkpt>
      <trkpt lat="50.856256" lon="10.408961">
        <ele>669.6</ele>
      </trkpt>
      <trkpt lat="50.85609" lon="10.408969">
        <ele>667.6</ele>
      </trkpt>
      <trkpt lat="50.855957" lon="10.409012">
        <ele>666.8</ele>
      </trkpt>
      <trkpt lat="50.85587" lon="10.40907">
        <ele>666.1</ele>
      </trkpt>
      <trkpt lat="50.855797" lon="10.409143">
        <ele>665.1</ele>
      </trkpt>
      <trkpt lat="50.855687" lon="10.409302">
        <ele>662.7</ele>
      </trkpt>
      <trkpt lat="50.855661" lon="10.40927">
        <ele>663.1</ele>
        <name>Kroatengrund, Winterstein, Waltershausen</name>
        <extensions>
          <oa:Extension>
            <oa:mapZoom>15</oa:mapZoom>
          </oa:Extension>
        </extensions>
      </trkpt>
      <trkpt lat="50.855687" lon="10.409302">
        <ele>662.7</ele>
      </trkpt>
      <trkpt lat="50.855518" lon="10.409532">
        <ele>658.6</ele>
      </trkpt>
      <trkpt lat="50.855434" lon="10.409659">
        <ele>660.0</ele>
      </trkpt>
      <trkpt lat="50.85501" lon="10.409768">
        <ele>668.0</ele>
      </trkpt>
      <trkpt lat="50.854889" lon="10.40957">
        <ele>669.6</ele>
      </trkpt>
      <trkpt lat="50.854718" lon="10.409349">
        <ele>672.0</ele>
      </trkpt>
      <trkpt lat="50.854635" lon="10.409204">
        <ele>673.2</ele>
      </trkpt>
      <trkpt lat="50.854562" lon="10.408984">
        <ele>674.0</ele>
      </trkpt>
      <trkpt lat="50.854504" lon="10.408729">
        <ele>674.2</ele>
      </trkpt>
      <trkpt lat="50.854446" lon="10.408483">
        <ele>675.1</ele>
      </trkpt>
      <trkpt lat="50.854436" lon="10.408439">
        <ele>675.8</ele>
      </trkpt>
      <trkpt lat="50.854424" lon="10.408348">
        <ele>677.0</ele>
      </trkpt>
      <trkpt lat="50.85442" lon="10.408262">
        <ele>678.0</ele>
      </trkpt>
      <trkpt lat="50.854424" lon="10.408144">
        <ele>679.1</ele>
      </trkpt>
      <trkpt lat="50.854428" lon="10.408064">
        <ele>679.8</ele>
      </trkpt>
      <trkpt lat="50.854421" lon="10.407967">
        <ele>680.3</ele>
      </trkpt>
      <trkpt lat="50.854372" lon="10.407664">
        <ele>682.7</ele>
      </trkpt>
      <trkpt lat="50.854329" lon="10.407498">
        <ele>684.2</ele>
      </trkpt>
      <trkpt lat="50.854036" lon="10.407081">
        <ele>687.1</ele>
      </trkpt>
      <trkpt lat="50.853904" lon="10.406889">
        <ele>688.6</ele>
      </trkpt>
      <trkpt lat="50.853775" lon="10.406654">
        <ele>691.1</ele>
      </trkpt>
      <trkpt lat="50.853524" lon="10.406209">
        <ele>691.2</ele>
      </trkpt>
      <trkpt lat="50.853272" lon="10.405764">
        <ele>691.2</ele>
      </trkpt>
      <trkpt lat="50.853073" lon="10.405431">
        <ele>689.9</ele>
      </trkpt>
      <trkpt lat="50.852919" lon="10.405182">
        <ele>688.4</ele>
      </trkpt>
      <trkpt lat="50.852781" lon="10.404959">
        <ele>687.4</ele>
      </trkpt>
      <trkpt lat="50.852678" lon="10.405075">
        <ele>687.4</ele>
      </trkpt>
      <trkpt lat="50.852571" lon="10.405179">
        <ele>687.4</ele>
      </trkpt>
      <trkpt lat="50.852443" lon="10.405256">
        <ele>687.3</ele>
      </trkpt>
      <trkpt lat="50.852333" lon="10.405295">
        <ele>687.3</ele>
      </trkpt>
      <trkpt lat="50.852191" lon="10.405308">
        <ele>687.1</ele>
      </trkpt>
      <trkpt lat="50.852026" lon="10.405285">
        <ele>686.7</ele>
      </trkpt>
      <trkpt lat="50.851834" lon="10.405226">
        <ele>686.6</ele>
      </trkpt>
      <trkpt lat="50.851437" lon="10.405089">
        <ele>688.1</ele>
      </trkpt>
      <trkpt lat="50.85118" lon="10.405024">
        <ele>689.3</ele>
      </trkpt>
      <trkpt lat="50.851032" lon="10.404991">
        <ele>690.0</ele>
      </trkpt>
      <trkpt lat="50.850858" lon="10.404969">
        <ele>690.8</ele>
      </trkpt>
      <trkpt lat="50.850722" lon="10.404968">
        <ele>691.4</ele>
      </trkpt>
      <trkpt lat="50.850343" lon="10.405007">
        <ele>692.8</ele>
      </trkpt>
      <trkpt lat="50.849962" lon="10.405028">
        <ele>694.5</ele>
      </trkpt>
      <trkpt lat="50.849581" lon="10.405049">
        <ele>696.1</ele>
      </trkpt>
      <trkpt lat="50.849435" lon="10.405053">
        <ele>696.8</ele>
      </trkpt>
      <trkpt lat="50.849295" lon="10.405041">
        <ele>697.6</ele>
      </trkpt>
      <trkpt lat="50.849131" lon="10.405011">
        <ele>698.5</ele>
      </trkpt>
      <trkpt lat="50.848939" lon="10.404961">
        <ele>699.3</ele>
      </trkpt>
      <trkpt lat="50.848777" lon="10.404906">
        <ele>699.8</ele>
      </trkpt>
      <trkpt lat="50.848592" lon="10.404839">
        <ele>700.3</ele>
      </trkpt>
      <trkpt lat="50.848391" lon="10.40478">
        <ele>701.0</ele>
      </trkpt>
      <trkpt lat="50.848264" lon="10.404755">
        <ele>701.2</ele>
      </trkpt>
      <trkpt lat="50.84823" lon="10.404754">
        <ele>701.2</ele>
        <name>Dreiherrenstein bei Steinbach, Steinbach, Bad Liebenstein</name>
        <extensions>
          <oa:Extension>
            <oa:mapZoom>15</oa:mapZoom>
          </oa:Extension>
        </extensions>
      </trkpt>
      <trkpt lat="50.847968" lon="10.404743">
        <ele>701.2</ele>
      </trkpt>
      <trkpt lat="50.847715" lon="10.40479">
        <ele>700.0</ele>
      </trkpt>
      <trkpt lat="50.847618" lon="10.404821">
        <ele>699.3</ele>
      </trkpt>
      <trkpt lat="50.847495" lon="10.404868">
        <ele>698.5</ele>
      </trkpt>
      <trkpt lat="50.847204" lon="10.405001">
        <ele>696.3</ele>
      </trkpt>
      <trkpt lat="50.846971" lon="10.405099">
        <ele>694.5</ele>
      </trkpt>
      <trkpt lat="50.846855" lon="10.405159">
        <ele>693.7</ele>
      </trkpt>
      <trkpt lat="50.846725" lon="10.405245">
        <ele>692.7</ele>
      </trkpt>
      <trkpt lat="50.846443" lon="10.405473">
        <ele>690.7</ele>
      </trkpt>
      <trkpt lat="50.846239" lon="10.405655">
        <ele>689.0</ele>
      </trkpt>
      <trkpt lat="50.846035" lon="10.405837">
        <ele>687.0</ele>
      </trkpt>
      <trkpt lat="50.845797" lon="10.406131">
        <ele>684.5</ele>
      </trkpt>
      <trkpt lat="50.845558" lon="10.406424">
        <ele>682.0</ele>
      </trkpt>
      <trkpt lat="50.845432" lon="10.406557">
        <ele>681.2</ele>
      </trkpt>
      <trkpt lat="50.845361" lon="10.406603">
        <ele>680.8</ele>
      </trkpt>
      <trkpt lat="50.845303" lon="10.406623">
        <ele>680.5</ele>
      </trkpt>
      <trkpt lat="50.845249" lon="10.406622">
        <ele>680.3</ele>
      </trkpt>
      <trkpt lat="50.845192" lon="10.406606">
        <ele>680.1</ele>
      </trkpt>
      <trkpt lat="50.845142" lon="10.406575">
        <ele>679.9</ele>
      </trkpt>
      <trkpt lat="50.845083" lon="10.406527">
        <ele>679.8</ele>
      </trkpt>
      <trkpt lat="50.844897" lon="10.406311">
        <ele>679.4</ele>
      </trkpt>
      <trkpt lat="50.844811" lon="10.406251">
        <ele>679.2</ele>
      </trkpt>
      <trkpt lat="50.844732" lon="10.406217">
        <ele>679.1</ele>
      </trkpt>
      <trkpt lat="50.844658" lon="10.406201">
        <ele>679.0</ele>
      </trkpt>
      <trkpt lat="50.844569" lon="10.406197">
        <ele>678.8</ele>
      </trkpt>
      <trkpt lat="50.844478" lon="10.406219">
        <ele>678.6</ele>
      </trkpt>
      <trkpt lat="50.844383" lon="10.406255">
        <ele>678.2</ele>
      </trkpt>
      <trkpt lat="50.844224" lon="10.40634">
        <ele>677.5</ele>
      </trkpt>
      <trkpt lat="50.843928" lon="10.406518">
        <ele>676.2</ele>
      </trkpt>
      <trkpt lat="50.843611" lon="10.406716">
        <ele>675.0</ele>
      </trkpt>
      <trkpt lat="50.843246" lon="10.406876">
        <ele>674.9</ele>
      </trkpt>
      <trkpt lat="50.842814" lon="10.407063">
        <ele>675.1</ele>
      </trkpt>
      <trkpt lat="50.842739" lon="10.407089">
        <ele>675.2</ele>
      </trkpt>
      <trkpt lat="50.842695" lon="10.407098">
        <ele>675.3</ele>
      </trkpt>
      <trkpt lat="50.842695" lon="10.407099">
        <ele>675.3</ele>
        <name>L 1127, Steinbach, Bad Liebenstein</name>
        <extensions>
          <oa:Extension>
            <oa:mapZoom>15</oa:mapZoom>
          </oa:Extension>
        </extensions>
      </trkpt>
      <trkpt lat="50.842605" lon="10.407118">
        <ele>675.5</ele>
      </trkpt>
      <trkpt lat="50.84249" lon="10.407126">
        <ele>675.8</ele>
      </trkpt>
      <trkpt lat="50.842374" lon="10.407108">
        <ele>676.1</ele>
      </trkpt>
      <trkpt lat="50.842273" lon="10.407081">
        <ele>676.2</ele>
      </trkpt>
      <trkpt lat="50.842153" lon="10.407017">
        <ele>676.4</ele>
      </trkpt>
      <trkpt lat="50.842029" lon="10.406935">
        <ele>676.7</ele>
      </trkpt>
      <trkpt lat="50.841911" lon="10.406822">
        <ele>676.9</ele>
      </trkpt>
      <trkpt lat="50.841806" lon="10.406688">
        <ele>677.3</ele>
      </trkpt>
      <trkpt lat="50.841711" lon="10.40653">
        <ele>677.7</ele>
      </trkpt>
      <trkpt lat="50.841575" lon="10.406276">
        <ele>678.1</ele>
      </trkpt>
      <trkpt lat="50.841455" lon="10.406105">
        <ele>678.4</ele>
      </trkpt>
      <trkpt lat="50.841353" lon="10.405995">
        <ele>678.5</ele>
      </trkpt>
      <trkpt lat="50.84124" lon="10.405901">
        <ele>678.5</ele>
      </trkpt>
      <trkpt lat="50.841092" lon="10.405808">
        <ele>678.0</ele>
      </trkpt>
      <trkpt lat="50.840939" lon="10.405747">
        <ele>677.3</ele>
      </trkpt>
      <trkpt lat="50.840809" lon="10.405707">
        <ele>676.7</ele>
      </trkpt>
      <trkpt lat="50.840643" lon="10.405687">
        <ele>675.8</ele>
      </trkpt>
      <trkpt lat="50.840519" lon="10.405687">
        <ele>675.2</ele>
      </trkpt>
      <trkpt lat="50.84041" lon="10.405698">
        <ele>674.5</ele>
      </trkpt>
      <trkpt lat="50.840318" lon="10.405727">
        <ele>673.9</ele>
      </trkpt>
      <trkpt lat="50.840234" lon="10.40576">
        <ele>673.5</ele>
      </trkpt>
      <trkpt lat="50.840131" lon="10.405811">
        <ele>673.3</ele>
      </trkpt>
      <trkpt lat="50.839874" lon="10.405973">
        <ele>673.2</ele>
      </trkpt>
      <trkpt lat="50.839616" lon="10.406136">
        <ele>673.5</ele>
      </trkpt>
      <trkpt lat="50.839541" lon="10.406201">
        <ele>673.7</ele>
        <name>L 1127, Steinbach, Bad Liebenstein</name>
        <extensions>
          <oa:Extension>
            <oa:mapZoom>15</oa:mapZoom>
          </oa:Extension>
        </extensions>
      </trkpt>
      <trkpt lat="50.839518" lon="10.406221">
        <ele>673.8</ele>
      </trkpt>
      <trkpt lat="50.839419" lon="10.406312">
        <ele>674.1</ele>
      </trkpt>
      <trkpt lat="50.839333" lon="10.406414">
        <ele>674.6</ele>
      </trkpt>
      <trkpt lat="50.839152" lon="10.406674">
        <ele>675.7</ele>
      </trkpt>
      <trkpt lat="50.83896" lon="10.406971">
        <ele>677.8</ele>
      </trkpt>
      <trkpt lat="50.838767" lon="10.407268">
        <ele>680.3</ele>
      </trkpt>
      <trkpt lat="50.838763" lon="10.40714">
        <ele>679.5</ele>
      </trkpt>
      <trkpt lat="50.83872" lon="10.407196">
        <ele>679.9</ele>
      </trkpt>
      <trkpt lat="50.838669" lon="10.407314">
        <ele>680.9</ele>
      </trkpt>
      <trkpt lat="50.838598" lon="10.407462">
        <ele>681.6</ele>
      </trkpt>
      <trkpt lat="50.838498" lon="10.407668">
        <ele>682.6</ele>
      </trkpt>
      <trkpt lat="50.838435" lon="10.407765">
        <ele>683.2</ele>
      </trkpt>
      <trkpt lat="50.83855" lon="10.407865">
        <ele>683.2</ele>
      </trkpt>
      <trkpt lat="50.838547" lon="10.407972">
        <ele>683.5</ele>
      </trkpt>
      <trkpt lat="50.838555" lon="10.408041">
        <ele>683.6</ele>
      </trkpt>
      <trkpt lat="50.838573" lon="10.408109">
        <ele>683.7</ele>
      </trkpt>
      <trkpt lat="50.838608" lon="10.408187">
        <ele>683.8</ele>
      </trkpt>
      <trkpt lat="50.838772" lon="10.408457">
        <ele>684.2</ele>
      </trkpt>
      <trkpt lat="50.838902" lon="10.408675">
        <ele>684.6</ele>
      </trkpt>
      <trkpt lat="50.83897" lon="10.40883">
        <ele>685.0</ele>
      </trkpt>
      <trkpt lat="50.839021" lon="10.408995">
        <ele>685.2</ele>
      </trkpt>
      <trkpt lat="50.83907" lon="10.409228">
        <ele>685.5</ele>
      </trkpt>
      <trkpt lat="50.839164" lon="10.40977">
        <ele>685.2</ele>
      </trkpt>
      <trkpt lat="50.839255" lon="10.410209">
        <ele>684.5</ele>
      </trkpt>
      <trkpt lat="50.839346" lon="10.410648">
        <ele>683.8</ele>
      </trkpt>
      <trkpt lat="50.839423" lon="10.41109">
        <ele>683.0</ele>
      </trkpt>
      <trkpt lat="50.839474" lon="10.411446">
        <ele>682.5</ele>
      </trkpt>
      <trkpt lat="50.839508" lon="10.411857">
        <ele>681.6</ele>
      </trkpt>
      <trkpt lat="50.839516" lon="10.412045">
        <ele>681.1</ele>
      </trkpt>
      <trkpt lat="50.839529" lon="10.412703">
        <ele>678.9</ele>
      </trkpt>
      <trkpt lat="50.83954" lon="10.413024">
        <ele>678.1</ele>
      </trkpt>
      <trkpt lat="50.839558" lon="10.413235">
        <ele>677.5</ele>
      </trkpt>
      <trkpt lat="50.839655" lon="10.413842">
        <ele>676.2</ele>
      </trkpt>
      <trkpt lat="50.839756" lon="10.414304">
        <ele>675.3</ele>
      </trkpt>
      <trkpt lat="50.839881" lon="10.414741">
        <ele>674.4</ele>
      </trkpt>
      <trkpt lat="50.839931" lon="10.414865">
        <ele>674.1</ele>
      </trkpt>
      <trkpt lat="50.839992" lon="10.414966">
        <ele>673.8</ele>
      </trkpt>
      <trkpt lat="50.84004" lon="10.415018">
        <ele>673.7</ele>
      </trkpt>
      <trkpt lat="50.840129" lon="10.415092">
        <ele>673.2</ele>
      </trkpt>
      <trkpt lat="50.840385" lon="10.415232">
        <ele>672.1</ele>
      </trkpt>
      <trkpt lat="50.840504" lon="10.415319">
        <ele>671.5</ele>
      </trkpt>
      <trkpt lat="50.840595" lon="10.415417">
        <ele>671.0</ele>
      </trkpt>
      <trkpt lat="50.840912" lon="10.415806">
        <ele>669.2</ele>
      </trkpt>
      <trkpt lat="50.841055" lon="10.416">
        <ele>668.5</ele>
      </trkpt>
      <trkpt lat="50.841121" lon="10.416109">
        <ele>668.3</ele>
      </trkpt>
      <trkpt lat="50.841166" lon="10.416229">
        <ele>668.1</ele>
      </trkpt>
      <trkpt lat="50.841176" lon="10.416308">
        <ele>668.0</ele>
      </trkpt>
      <trkpt lat="50.841179" lon="10.416396">
        <ele>667.9</ele>
      </trkpt>
      <trkpt lat="50.841166" lon="10.416497">
        <ele>667.8</ele>
      </trkpt>
      <trkpt lat="50.841136" lon="10.416579">
        <ele>667.8</ele>
      </trkpt>
      <trkpt lat="50.841098" lon="10.416671">
        <ele>667.8</ele>
      </trkpt>
      <trkpt lat="50.841035" lon="10.416754">
        <ele>667.8</ele>
      </trkpt>
      <trkpt lat="50.840928" lon="10.416822">
        <ele>667.7</ele>
      </trkpt>
      <trkpt lat="50.840535" lon="10.417025">
        <ele>667.6</ele>
      </trkpt>
      <trkpt lat="50.840135" lon="10.417213">
        <ele>667.0</ele>
      </trkpt>
      <trkpt lat="50.839758" lon="10.417383">
        <ele>665.7</ele>
      </trkpt>
      <trkpt lat="50.839562" lon="10.417472">
        <ele>665.1</ele>
      </trkpt>
      <trkpt lat="50.839159" lon="10.417676">
        <ele>663.7</ele>
      </trkpt>
      <trkpt lat="50.839025" lon="10.417745">
        <ele>663.3</ele>
      </trkpt>
      <trkpt lat="50.838944" lon="10.417811">
        <ele>663.1</ele>
      </trkpt>
      <trkpt lat="50.838882" lon="10.417886">
        <ele>662.9</ele>
      </trkpt>
      <trkpt lat="50.838827" lon="10.417973">
        <ele>662.7</ele>
      </trkpt>
      <trkpt lat="50.838736" lon="10.41813">
        <ele>662.3</ele>
      </trkpt>
      <trkpt lat="50.838562" lon="10.418494">
        <ele>661.4</ele>
      </trkpt>
      <trkpt lat="50.838327" lon="10.418978">
        <ele>660.5</ele>
      </trkpt>
      <trkpt lat="50.838201" lon="10.419232">
        <ele>660.1</ele>
      </trkpt>
      <trkpt lat="50.838138" lon="10.419395">
        <ele>659.9</ele>
      </trkpt>
      <trkpt lat="50.838096" lon="10.419536">
        <ele>659.7</ele>
      </trkpt>
      <trkpt lat="50.838075" lon="10.41968">
        <ele>659.5</ele>
      </trkpt>
      <trkpt lat="50.838079" lon="10.4198">
        <ele>659.3</ele>
      </trkpt>
      <trkpt lat="50.838094" lon="10.419912">
        <ele>659.1</ele>
      </trkpt>
      <trkpt lat="50.838128" lon="10.420058">
        <ele>658.8</ele>
      </trkpt>
      <trkpt lat="50.83823" lon="10.420397">
        <ele>658.3</ele>
      </trkpt>
      <trkpt lat="50.838333" lon="10.420736">
        <ele>658.0</ele>
      </trkpt>
      <trkpt lat="50.838363" lon="10.420892">
        <ele>657.7</ele>
      </trkpt>
      <trkpt lat="50.83843" lon="10.42142">
        <ele>655.8</ele>
      </trkpt>
      <trkpt lat="50.838486" lon="10.422005">
        <ele>653.7</ele>
      </trkpt>
      <trkpt lat="50.838523" lon="10.42228">
        <ele>652.8</ele>
      </trkpt>
      <trkpt lat="50.838595" lon="10.42264">
        <ele>651.4</ele>
      </trkpt>
      <trkpt lat="50.838674" lon="10.422906">
        <ele>650.4</ele>
      </trkpt>
      <trkpt lat="50.838735" lon="10.423059">
        <ele>649.9</ele>
      </trkpt>
      <trkpt lat="50.838778" lon="10.423146">
        <ele>649.5</ele>
      </trkpt>
      <trkpt lat="50.838783" lon="10.423152">
        <ele>649.4</ele>
        <name>L 1127, Brotterode, Brotterode-Trusetal</name>
        <extensions>
          <oa:Extension>
            <oa:mapZoom>15</oa:mapZoom>
          </oa:Extension>
        </extensions>
      </trkpt>
      <trkpt lat="50.838835" lon="10.423221">
        <ele>649.0</ele>
      </trkpt>
      <trkpt lat="50.838926" lon="10.423322">
        <ele>648.4</ele>
      </trkpt>
      <trkpt lat="50.83905" lon="10.423426">
        <ele>647.6</ele>
      </trkpt>
      <trkpt lat="50.839091" lon="10.423493">
        <ele>647.3</ele>
      </trkpt>
      <trkpt lat="50.839127" lon="10.42356">
        <ele>647.1</ele>
      </trkpt>
      <trkpt lat="50.839152" lon="10.423639">
        <ele>646.9</ele>
      </trkpt>
      <trkpt lat="50.83916" lon="10.423729">
        <ele>646.8</ele>
      </trkpt>
      <trkpt lat="50.839162" lon="10.423861">
        <ele>646.7</ele>
      </trkpt>
      <trkpt lat="50.839159" lon="10.423962">
        <ele>646.6</ele>
      </trkpt>
      <trkpt lat="50.839135" lon="10.424065">
        <ele>646.5</ele>
      </trkpt>
      <trkpt lat="50.839105" lon="10.424178">
        <ele>646.5</ele>
      </trkpt>
      <trkpt lat="50.839075" lon="10.424263">
        <ele>646.4</ele>
      </trkpt>
      <trkpt lat="50.839024" lon="10.424373">
        <ele>646.2</ele>
      </trkpt>
      <trkpt lat="50.838949" lon="10.424513">
        <ele>645.8</ele>
      </trkpt>
      <trkpt lat="50.838685" lon="10.424967">
        <ele>643.3</ele>
      </trkpt>
      <trkpt lat="50.838621" lon="10.425094">
        <ele>642.6</ele>
      </trkpt>
      <trkpt lat="50.838572" lon="10.425197">
        <ele>642.0</ele>
      </trkpt>
      <trkpt lat="50.838521" lon="10.425309">
        <ele>641.5</ele>
      </trkpt>
      <trkpt lat="50.838473" lon="10.425483">
        <ele>640.6</ele>
      </trkpt>
      <trkpt lat="50.838381" lon="10.425807">
        <ele>638.9</ele>
      </trkpt>
      <trkpt lat="50.838289" lon="10.426131">
        <ele>637.3</ele>
      </trkpt>
      <trkpt lat="50.83817" lon="10.426499">
        <ele>635.2</ele>
      </trkpt>
      <trkpt lat="50.838227" lon="10.426473">
        <ele>635.9</ele>
        <name>L 1127, Brotterode, Brotterode-Trusetal</name>
        <extensions>
          <oa:Extension>
            <oa:mapZoom>15</oa:mapZoom>
          </oa:Extension>
        </extensions>
      </trkpt>
      <trkpt lat="50.83817" lon="10.426499">
        <ele>635.2</ele>
      </trkpt>
      <trkpt lat="50.838135" lon="10.426593">
        <ele>634.7</ele>
      </trkpt>
      <trkpt lat="50.838031" lon="10.426836">
        <ele>634.2</ele>
      </trkpt>
      <trkpt lat="50.837909" lon="10.426858">
        <ele>632.3</ele>
      </trkpt>
      <trkpt lat="50.837868" lon="10.426888">
        <ele>631.9</ele>
      </trkpt>
      <trkpt lat="50.837763" lon="10.42699">
        <ele>630.8</ele>
      </trkpt>
      <trkpt lat="50.837629" lon="10.427117">
        <ele>629.4</ele>
      </trkpt>
      <trkpt lat="50.837524" lon="10.427195">
        <ele>628.4</ele>
      </trkpt>
      <trkpt lat="50.837407" lon="10.427299">
        <ele>627.2</ele>
      </trkpt>
      <trkpt lat="50.837293" lon="10.42744">
        <ele>626.0</ele>
      </trkpt>
      <trkpt lat="50.837175" lon="10.427625">
        <ele>624.6</ele>
      </trkpt>
      <trkpt lat="50.837037" lon="10.427837">
        <ele>623.0</ele>
      </trkpt>
      <trkpt lat="50.836973" lon="10.42794">
        <ele>622.3</ele>
      </trkpt>
      <trkpt lat="50.836774" lon="10.428203">
        <ele>620.5</ele>
      </trkpt>
      <trkpt lat="50.836576" lon="10.428417">
        <ele>619.3</ele>
      </trkpt>
      <trkpt lat="50.83649" lon="10.428487">
        <ele>619.1</ele>
      </trkpt>
      <trkpt lat="50.836378" lon="10.428553">
        <ele>619.0</ele>
      </trkpt>
      <trkpt lat="50.836274" lon="10.428596">
        <ele>618.9</ele>
      </trkpt>
      <trkpt lat="50.83617" lon="10.428619">
        <ele>618.9</ele>
      </trkpt>
      <trkpt lat="50.836085" lon="10.428632">
        <ele>618.9</ele>
      </trkpt>
      <trkpt lat="50.836032" lon="10.428638">
        <ele>618.9</ele>
      </trkpt>
      <trkpt lat="50.835953" lon="10.428637">
        <ele>619.0</ele>
      </trkpt>
      <trkpt lat="50.835856" lon="10.428615">
        <ele>619.3</ele>
      </trkpt>
      <trkpt lat="50.835794" lon="10.428586">
        <ele>619.6</ele>
      </trkpt>
      <trkpt lat="50.835697" lon="10.428517">
        <ele>620.1</ele>
      </trkpt>
      <trkpt lat="50.83561" lon="10.428436">
        <ele>620.8</ele>
      </trkpt>
      <trkpt lat="50.835554" lon="10.428364">
        <ele>621.3</ele>
      </trkpt>
      <trkpt lat="50.83551" lon="10.428277">
        <ele>621.8</ele>
      </trkpt>
      <trkpt lat="50.835484" lon="10.428212">
        <ele>622.2</ele>
      </trkpt>
      <trkpt lat="50.835462" lon="10.428139">
        <ele>622.6</ele>
      </trkpt>
      <trkpt lat="50.835434" lon="10.428009">
        <ele>623.2</ele>
      </trkpt>
      <trkpt lat="50.835398" lon="10.427766">
        <ele>624.4</ele>
      </trkpt>
      <trkpt lat="50.835375" lon="10.42765">
        <ele>624.9</ele>
      </trkpt>
      <trkpt lat="50.835349" lon="10.427545">
        <ele>625.4</ele>
      </trkpt>
      <trkpt lat="50.835312" lon="10.427474">
        <ele>625.8</ele>
      </trkpt>
      <trkpt lat="50.835285" lon="10.427432">
        <ele>626.0</ele>
      </trkpt>
      <trkpt lat="50.83526" lon="10.427401">
        <ele>626.3</ele>
      </trkpt>
      <trkpt lat="50.835221" lon="10.427323">
        <ele>626.9</ele>
      </trkpt>
      <trkpt lat="50.835167" lon="10.427189">
        <ele>627.3</ele>
      </trkpt>
      <trkpt lat="50.83494" lon="10.427621">
        <ele>629.2</ele>
      </trkpt>
      <trkpt lat="50.834879" lon="10.427764">
        <ele>629.9</ele>
      </trkpt>
      <trkpt lat="50.834861" lon="10.427882">
        <ele>631.0</ele>
      </trkpt>
      <trkpt lat="50.834862" lon="10.427911">
        <ele>630.8</ele>
        <name>L 1127, Brotterode, Brotterode-Trusetal</name>
        <extensions>
          <oa:Extension>
            <oa:mapZoom>15</oa:mapZoom>
          </oa:Extension>
        </extensions>
      </trkpt>
      <trkpt lat="50.834861" lon="10.427882">
        <ele>631.0</ele>
      </trkpt>
      <trkpt lat="50.834879" lon="10.427764">
        <ele>629.9</ele>
      </trkpt>
      <trkpt lat="50.83494" lon="10.427621">
        <ele>629.2</ele>
      </trkpt>
      <trkpt lat="50.835167" lon="10.427189">
        <ele>627.3</ele>
      </trkpt>
      <trkpt lat="50.835074" lon="10.426951">
        <ele>628.2</ele>
      </trkpt>
      <trkpt lat="50.834821" lon="10.427311">
        <ele>633.2</ele>
      </trkpt>
      <trkpt lat="50.834712" lon="10.427568">
        <ele>633.7</ele>
      </trkpt>
      <trkpt lat="50.834431" lon="10.427912">
        <ele>636.5</ele>
      </trkpt>
      <trkpt lat="50.834159" lon="10.428349">
        <ele>637.5</ele>
      </trkpt>
      <trkpt lat="50.833888" lon="10.428787">
        <ele>638.7</ele>
      </trkpt>
      <trkpt lat="50.833663" lon="10.429113">
        <ele>640.8</ele>
      </trkpt>
      <trkpt lat="50.833439" lon="10.429439">
        <ele>642.3</ele>
      </trkpt>
      <trkpt lat="50.83337" lon="10.42956">
        <ele>642.7</ele>
      </trkpt>
      <trkpt lat="50.833301" lon="10.429811">
        <ele>642.4</ele>
        <name>Naturpark Thüringer Wald, Brotterode, Brotterode-Trusetal</name>
        <extensions>
          <oa:Extension>
            <oa:mapZoom>15</oa:mapZoom>
          </oa:Extension>
        </extensions>
      </trkpt>
      <trkpt lat="50.833283" lon="10.429875">
        <ele>642.3</ele>
      </trkpt>
      <trkpt lat="50.833228" lon="10.429978">
        <ele>642.2</ele>
      </trkpt>
      <trkpt lat="50.833189" lon="10.43002">
        <ele>642.2</ele>
      </trkpt>
      <trkpt lat="50.833054" lon="10.430142">
        <ele>641.9</ele>
      </trkpt>
      <trkpt lat="50.832983" lon="10.430199">
        <ele>641.5</ele>
      </trkpt>
      <trkpt lat="50.832999" lon="10.430249">
        <ele>641.7</ele>
      </trkpt>
      <trkpt lat="50.83301" lon="10.430281">
        <ele>641.7</ele>
      </trkpt>
      <trkpt lat="50.833061" lon="10.430433">
        <ele>642.1</ele>
      </trkpt>
      <trkpt lat="50.833173" lon="10.430683">
        <ele>644.1</ele>
      </trkpt>
      <trkpt lat="50.833235" lon="10.430907">
        <ele>645.5</ele>
      </trkpt>
      <trkpt lat="50.833347" lon="10.431345">
        <ele>646.5</ele>
      </trkpt>
      <trkpt lat="50.833458" lon="10.431783">
        <ele>646.5</ele>
      </trkpt>
      <trkpt lat="50.833641" lon="10.43228">
        <ele>645.7</ele>
      </trkpt>
      <trkpt lat="50.833824" lon="10.432777">
        <ele>645.0</ele>
      </trkpt>
      <trkpt lat="50.834007" lon="10.433274">
        <ele>645.8</ele>
      </trkpt>
      <trkpt lat="50.834189" lon="10.433771">
        <ele>646.9</ele>
      </trkpt>
      <trkpt lat="50.834335" lon="10.434155">
        <ele>648.7</ele>
      </trkpt>
      <trkpt lat="50.834467" lon="10.434531">
        <ele>650.5</ele>
      </trkpt>
      <trkpt lat="50.834599" lon="10.434907">
        <ele>652.4</ele>
      </trkpt>
      <trkpt lat="50.834718" lon="10.435261">
        <ele>654.0</ele>
      </trkpt>
      <trkpt lat="50.834837" lon="10.435614">
        <ele>655.3</ele>
      </trkpt>
      <trkpt lat="50.834952" lon="10.435981">
        <ele>657.1</ele>
      </trkpt>
      <trkpt lat="50.835067" lon="10.436348">
        <ele>659.1</ele>
      </trkpt>
      <trkpt lat="50.835167" lon="10.43671">
        <ele>660.7</ele>
      </trkpt>
      <trkpt lat="50.835266" lon="10.437072">
        <ele>662.1</ele>
      </trkpt>
      <trkpt lat="50.835382" lon="10.437422">
        <ele>663.8</ele>
      </trkpt>
      <trkpt lat="50.835498" lon="10.437772">
        <ele>666.7</ele>
      </trkpt>
      <trkpt lat="50.835693" lon="10.438309">
        <ele>668.5</ele>
      </trkpt>
      <trkpt lat="50.835831" lon="10.438729">
        <ele>670.0</ele>
      </trkpt>
      <trkpt lat="50.836024" lon="10.439299">
        <ele>670.5</ele>
      </trkpt>
      <trkpt lat="50.836214" lon="10.439743">
        <ele>671.0</ele>
      </trkpt>
      <trkpt lat="50.836415" lon="10.440143">
        <ele>672.1</ele>
      </trkpt>
      <trkpt lat="50.836617" lon="10.440542">
        <ele>674.2</ele>
      </trkpt>
      <trkpt lat="50.836611" lon="10.440546">
        <ele>674.2</ele>
        <name>Naturpark Thüringer Wald, Brotterode, Brotterode-Trusetal</name>
        <extensions>
          <oa:Extension>
            <oa:mapZoom>15</oa:mapZoom>
          </oa:Extension>
        </extensions>
      </trkpt>
      <trkpt lat="50.836382" lon="10.440677">
        <ele>674.2</ele>
      </trkpt>
      <trkpt lat="50.836335" lon="10.440819">
        <ele>674.3</ele>
      </trkpt>
      <trkpt lat="50.836342" lon="10.440981">
        <ele>674.8</ele>
      </trkpt>
      <trkpt lat="50.836394" lon="10.44114">
        <ele>675.4</ele>
      </trkpt>
      <trkpt lat="50.836469" lon="10.441243">
        <ele>676.3</ele>
      </trkpt>
      <trkpt lat="50.836552" lon="10.441323">
        <ele>677.2</ele>
      </trkpt>
      <trkpt lat="50.836961" lon="10.441588">
        <ele>681.6</ele>
      </trkpt>
      <trkpt lat="50.837278" lon="10.441842">
        <ele>685.6</ele>
      </trkpt>
      <trkpt lat="50.837595" lon="10.442096">
        <ele>690.1</ele>
      </trkpt>
      <trkpt lat="50.837733" lon="10.44223">
        <ele>692.2</ele>
      </trkpt>
      <trkpt lat="50.83784" lon="10.442396">
        <ele>694.4</ele>
      </trkpt>
      <trkpt lat="50.837866" lon="10.442549">
        <ele>696.0</ele>
      </trkpt>
      <trkpt lat="50.837866" lon="10.442712">
        <ele>697.6</ele>
      </trkpt>
      <trkpt lat="50.8377" lon="10.44301">
        <ele>699.1</ele>
      </trkpt>
      <trkpt lat="50.837437" lon="10.443482">
        <ele>698.5</ele>
      </trkpt>
      <trkpt lat="50.837211" lon="10.44402">
        <ele>698.2</ele>
      </trkpt>
      <trkpt lat="50.837027" lon="10.444637">
        <ele>697.9</ele>
      </trkpt>
      <trkpt lat="50.836931" lon="10.445073">
        <ele>698.0</ele>
      </trkpt>
      <trkpt lat="50.836869" lon="10.445569">
        <ele>697.9</ele>
      </trkpt>
      <trkpt lat="50.836806" lon="10.446065">
        <ele>698.5</ele>
      </trkpt>
      <trkpt lat="50.836743" lon="10.446562">
        <ele>699.8</ele>
      </trkpt>
      <trkpt lat="50.836703" lon="10.447145">
        <ele>700.8</ele>
      </trkpt>
      <trkpt lat="50.836663" lon="10.447728">
        <ele>700.2</ele>
      </trkpt>
      <trkpt lat="50.836623" lon="10.448311">
        <ele>698.7</ele>
      </trkpt>
      <trkpt lat="50.836584" lon="10.44893">
        <ele>695.6</ele>
      </trkpt>
      <trkpt lat="50.836546" lon="10.449548">
        <ele>691.9</ele>
      </trkpt>
      <trkpt lat="50.836519" lon="10.45014">
        <ele>687.7</ele>
      </trkpt>
      <trkpt lat="50.836491" lon="10.450732">
        <ele>684.1</ele>
      </trkpt>
      <trkpt lat="50.836467" lon="10.451299">
        <ele>681.4</ele>
      </trkpt>
      <trkpt lat="50.836444" lon="10.451866">
        <ele>679.1</ele>
      </trkpt>
      <trkpt lat="50.83642" lon="10.452433">
        <ele>676.8</ele>
      </trkpt>
      <trkpt lat="50.836465" lon="10.452841">
        <ele>676.0</ele>
      </trkpt>
      <trkpt lat="50.83651" lon="10.453249">
        <ele>674.8</ele>
      </trkpt>
      <trkpt lat="50.836559" lon="10.453475">
        <ele>674.7</ele>
      </trkpt>
      <trkpt lat="50.836632" lon="10.453631">
        <ele>675.6</ele>
      </trkpt>
      <trkpt lat="50.83679" lon="10.454051">
        <ele>676.2</ele>
      </trkpt>
      <trkpt lat="50.836948" lon="10.454471">
        <ele>676.0</ele>
      </trkpt>
      <trkpt lat="50.837105" lon="10.454831">
        <ele>674.7</ele>
      </trkpt>
      <trkpt lat="50.837181" lon="10.455183">
        <ele>675.8</ele>
      </trkpt>
      <trkpt lat="50.837214" lon="10.455815">
        <ele>676.3</ele>
      </trkpt>
      <trkpt lat="50.837246" lon="10.456448">
        <ele>677.8</ele>
      </trkpt>
      <trkpt lat="50.837279" lon="10.45708">
        <ele>679.6</ele>
      </trkpt>
      <trkpt lat="50.837322" lon="10.457766">
        <ele>681.3</ele>
      </trkpt>
      <trkpt lat="50.837343" lon="10.458111">
        <ele>682.9</ele>
      </trkpt>
      <trkpt lat="50.837392" lon="10.458582">
        <ele>686.7</ele>
      </trkpt>
      <trkpt lat="50.837471" lon="10.459117">
        <ele>691.1</ele>
      </trkpt>
      <trkpt lat="50.837615" lon="10.459396">
        <ele>693.1</ele>
      </trkpt>
      <trkpt lat="50.837758" lon="10.459675">
        <ele>696.1</ele>
      </trkpt>
      <trkpt lat="50.838081" lon="10.460037">
        <ele>700.6</ele>
      </trkpt>
      <trkpt lat="50.838122" lon="10.460079">
        <ele>701.1</ele>
      </trkpt>
      <trkpt lat="50.838335" lon="10.460157">
        <ele>703.6</ele>
      </trkpt>
      <trkpt lat="50.838536" lon="10.460152">
        <ele>706.5</ele>
      </trkpt>
      <trkpt lat="50.838689" lon="10.460076">
        <ele>709.7</ele>
      </trkpt>
      <trkpt lat="50.838875" lon="10.459872">
        <ele>714.1</ele>
      </trkpt>
      <trkpt lat="50.839084" lon="10.459772">
        <ele>716.8</ele>
      </trkpt>
      <trkpt lat="50.839351" lon="10.45967">
        <ele>719.6</ele>
      </trkpt>
      <trkpt lat="50.839654" lon="10.459636">
        <ele>720.5</ele>
      </trkpt>
      <trkpt lat="50.839929" lon="10.459676">
        <ele>719.5</ele>
      </trkpt>
      <trkpt lat="50.840204" lon="10.459716">
        <ele>716.7</ele>
      </trkpt>
      <trkpt lat="50.840594" lon="10.459776">
        <ele>711.2</ele>
      </trkpt>
      <trkpt lat="50.840695" lon="10.459849">
        <ele>711.1</ele>
      </trkpt>
      <trkpt lat="50.840762" lon="10.459948">
        <ele>712.1</ele>
      </trkpt>
      <trkpt lat="50.840818" lon="10.460121">
        <ele>713.6</ele>
      </trkpt>
      <trkpt lat="50.840846" lon="10.46031">
        <ele>715.4</ele>
      </trkpt>
      <trkpt lat="50.840829" lon="10.460703">
        <ele>717.1</ele>
      </trkpt>
      <trkpt lat="50.840753" lon="10.461238">
        <ele>719.9</ele>
      </trkpt>
      <trkpt lat="50.840676" lon="10.461773">
        <ele>722.3</ele>
      </trkpt>
      <trkpt lat="50.8406" lon="10.462308">
        <ele>725.5</ele>
      </trkpt>
      <trkpt lat="50.840524" lon="10.462843">
        <ele>728.3</ele>
      </trkpt>
      <trkpt lat="50.840522" lon="10.463502">
        <ele>731.8</ele>
      </trkpt>
      <trkpt lat="50.840626" lon="10.464036">
        <ele>734.7</ele>
      </trkpt>
      <trkpt lat="50.840839" lon="10.46441">
        <ele>736.2</ele>
      </trkpt>
      <trkpt lat="50.841063" lon="10.464616">
        <ele>737.5</ele>
      </trkpt>
      <trkpt lat="50.841271" lon="10.464726">
        <ele>738.1</ele>
      </trkpt>
      <trkpt lat="50.841546" lon="10.464853">
        <ele>738.6</ele>
      </trkpt>
      <trkpt lat="50.841821" lon="10.464979">
        <ele>738.7</ele>
      </trkpt>
      <trkpt lat="50.842164" lon="10.465039">
        <ele>739.3</ele>
      </trkpt>
      <trkpt lat="50.842611" lon="10.46497">
        <ele>742.4</ele>
      </trkpt>
      <trkpt lat="50.843057" lon="10.464902">
        <ele>745.5</ele>
      </trkpt>
      <trkpt lat="50.843343" lon="10.464953">
        <ele>746.7</ele>
      </trkpt>
      <trkpt lat="50.843612" lon="10.465103">
        <ele>745.9</ele>
      </trkpt>
      <trkpt lat="50.843882" lon="10.465253">
        <ele>744.6</ele>
      </trkpt>
      <trkpt lat="50.844326" lon="10.465362">
        <ele>744.5</ele>
      </trkpt>
      <trkpt lat="50.84462" lon="10.465351">
        <ele>745.0</ele>
      </trkpt>
      <trkpt lat="50.844926" lon="10.465205">
        <ele>745.8</ele>
      </trkpt>
      <trkpt lat="50.845301" lon="10.464852">
        <ele>743.3</ele>
      </trkpt>
      <trkpt lat="50.845676" lon="10.4645">
        <ele>739.6</ele>
      </trkpt>
      <trkpt lat="50.84605" lon="10.464148">
        <ele>738.3</ele>
      </trkpt>
      <trkpt lat="50.846103" lon="10.46413">
        <ele>737.8</ele>
      </trkpt>
      <trkpt lat="50.846147" lon="10.464137">
        <ele>738.8</ele>
      </trkpt>
      <trkpt lat="50.846189" lon="10.464173">
        <ele>738.9</ele>
      </trkpt>
      <trkpt lat="50.846217" lon="10.464245">
        <ele>738.9</ele>
      </trkpt>
      <trkpt lat="50.846288" lon="10.464507">
        <ele>738.8</ele>
      </trkpt>
      <trkpt lat="50.846365" lon="10.464822">
        <ele>738.5</ele>
      </trkpt>
      <trkpt lat="50.846417" lon="10.465056">
        <ele>738.2</ele>
      </trkpt>
      <trkpt lat="50.846488" lon="10.465624">
        <ele>737.3</ele>
      </trkpt>
      <trkpt lat="50.846493" lon="10.465741">
        <ele>737.0</ele>
      </trkpt>
      <trkpt lat="50.846475" lon="10.465854">
        <ele>736.9</ele>
      </trkpt>
      <trkpt lat="50.846442" lon="10.465984">
        <ele>737.2</ele>
      </trkpt>
      <trkpt lat="50.846418" lon="10.466092">
        <ele>737.1</ele>
      </trkpt>
      <trkpt lat="50.846404" lon="10.466204">
        <ele>736.6</ele>
      </trkpt>
      <trkpt lat="50.846385" lon="10.466351">
        <ele>736.1</ele>
      </trkpt>
      <trkpt lat="50.846371" lon="10.466502">
        <ele>735.8</ele>
      </trkpt>
      <trkpt lat="50.846326" lon="10.466929">
        <ele>734.9</ele>
      </trkpt>
      <trkpt lat="50.846276" lon="10.46718">
        <ele>735.0</ele>
      </trkpt>
      <trkpt lat="50.846227" lon="10.467406">
        <ele>734.3</ele>
      </trkpt>
      <trkpt lat="50.846103" lon="10.467854">
        <ele>733.0</ele>
      </trkpt>
      <trkpt lat="50.845948" lon="10.468362">
        <ele>732.7</ele>
      </trkpt>
      <trkpt lat="50.845793" lon="10.468869">
        <ele>732.3</ele>
      </trkpt>
      <trkpt lat="50.845638" lon="10.469377">
        <ele>731.2</ele>
      </trkpt>
      <trkpt lat="50.845565" lon="10.469703">
        <ele>730.9</ele>
      </trkpt>
      <trkpt lat="50.845502" lon="10.470036">
        <ele>730.2</ele>
      </trkpt>
      <trkpt lat="50.845444" lon="10.470366">
        <ele>729.4</ele>
      </trkpt>
      <trkpt lat="50.845366" lon="10.470763">
        <ele>728.9</ele>
      </trkpt>
      <trkpt lat="50.845283" lon="10.471104">
        <ele>728.3</ele>
      </trkpt>
      <trkpt lat="50.8452" lon="10.471446">
        <ele>727.8</ele>
      </trkpt>
      <trkpt lat="50.8451" lon="10.471854">
        <ele>727.0</ele>
      </trkpt>
      <trkpt lat="50.845" lon="10.472263">
        <ele>726.7</ele>
      </trkpt>
      <trkpt lat="50.844963" lon="10.472416">
        <ele>726.3</ele>
      </trkpt>
      <trkpt lat="50.844947" lon="10.472547">
        <ele>726.0</ele>
      </trkpt>
      <trkpt lat="50.844931" lon="10.472798">
        <ele>725.3</ele>
      </trkpt>
      <trkpt lat="50.844902" lon="10.473099">
        <ele>725.0</ele>
      </trkpt>
      <trkpt lat="50.844861" lon="10.473421">
        <ele>724.2</ele>
      </trkpt>
      <trkpt lat="50.844809" lon="10.473689">
        <ele>724.2</ele>
      </trkpt>
      <trkpt lat="50.844702" lon="10.474136">
        <ele>724.0</ele>
      </trkpt>
      <trkpt lat="50.844595" lon="10.474583">
        <ele>723.6</ele>
      </trkpt>
      <trkpt lat="50.844558" lon="10.474822">
        <ele>723.2</ele>
      </trkpt>
      <trkpt lat="50.844534" lon="10.475015">
        <ele>722.9</ele>
      </trkpt>
      <trkpt lat="50.844533" lon="10.475266">
        <ele>722.7</ele>
      </trkpt>
      <trkpt lat="50.844531" lon="10.475554">
        <ele>722.7</ele>
      </trkpt>
      <trkpt lat="50.844481" lon="10.475963">
        <ele>722.3</ele>
      </trkpt>
      <trkpt lat="50.844466" lon="10.476167">
        <ele>721.6</ele>
      </trkpt>
      <trkpt lat="50.844392" lon="10.47664">
        <ele>721.6</ele>
      </trkpt>
      <trkpt lat="50.844364" lon="10.476897">
        <ele>721.0</ele>
      </trkpt>
      <trkpt lat="50.844341" lon="10.477261">
        <ele>720.8</ele>
      </trkpt>
      <trkpt lat="50.844339" lon="10.477662">
        <ele>720.3</ele>
      </trkpt>
      <trkpt lat="50.844323" lon="10.477868">
        <ele>720.2</ele>
      </trkpt>
      <trkpt lat="50.84429" lon="10.478059">
        <ele>720.2</ele>
      </trkpt>
      <trkpt lat="50.844232" lon="10.478391">
        <ele>719.8</ele>
      </trkpt>
      <trkpt lat="50.84417" lon="10.478791">
        <ele>719.9</ele>
      </trkpt>
      <trkpt lat="50.844153" lon="10.478985">
        <ele>719.8</ele>
      </trkpt>
      <trkpt lat="50.84413" lon="10.479194">
        <ele>719.6</ele>
      </trkpt>
      <trkpt lat="50.844113" lon="10.479386">
        <ele>719.2</ele>
      </trkpt>
      <trkpt lat="50.844123" lon="10.479498">
        <ele>719.2</ele>
      </trkpt>
      <trkpt lat="50.844158" lon="10.4798">
        <ele>719.3</ele>
      </trkpt>
      <trkpt lat="50.844209" lon="10.479959">
        <ele>719.3</ele>
      </trkpt>
      <trkpt lat="50.844227" lon="10.480043">
        <ele>719.1</ele>
      </trkpt>
      <trkpt lat="50.844238" lon="10.480133">
        <ele>719.0</ele>
      </trkpt>
      <trkpt lat="50.844237" lon="10.480209">
        <ele>718.9</ele>
      </trkpt>
      <trkpt lat="50.844223" lon="10.480284">
        <ele>718.9</ele>
      </trkpt>
      <trkpt lat="50.844202" lon="10.480349">
        <ele>718.7</ele>
      </trkpt>
      <trkpt lat="50.844169" lon="10.480428">
        <ele>718.6</ele>
      </trkpt>
      <trkpt lat="50.844111" lon="10.480542">
        <ele>718.4</ele>
      </trkpt>
      <trkpt lat="50.843999" lon="10.480742">
        <ele>718.7</ele>
        <name>L 1024, Brotterode, Brotterode-Trusetal</name>
        <extensions>
          <oa:Extension>
            <oa:mapZoom>15</oa:mapZoom>
          </oa:Extension>
        </extensions>
      </trkpt>
      <trkpt lat="50.843989" lon="10.48076">
        <ele>718.7</ele>
      </trkpt>
      <trkpt lat="50.844188" lon="10.481011">
        <ele>721.0</ele>
      </trkpt>
      <trkpt lat="50.844276" lon="10.481123">
        <ele>722.0</ele>
      </trkpt>
      <trkpt lat="50.844342" lon="10.481193">
        <ele>722.8</ele>
      </trkpt>
      <trkpt lat="50.844434" lon="10.481261">
        <ele>723.7</ele>
      </trkpt>
      <trkpt lat="50.844504" lon="10.4813">
        <ele>724.3</ele>
      </trkpt>
      <trkpt lat="50.844569" lon="10.481318">
        <ele>724.9</ele>
      </trkpt>
      <trkpt lat="50.844642" lon="10.48132">
        <ele>725.3</ele>
      </trkpt>
      <trkpt lat="50.844541" lon="10.48157">
        <ele>725.8</ele>
      </trkpt>
      <trkpt lat="50.844508" lon="10.481655">
        <ele>726.0</ele>
      </trkpt>
      <trkpt lat="50.844318" lon="10.482267">
        <ele>727.7</ele>
      </trkpt>
      <trkpt lat="50.844287" lon="10.48243">
        <ele>728.2</ele>
      </trkpt>
      <trkpt lat="50.844265" lon="10.482611">
        <ele>728.7</ele>
      </trkpt>
      <trkpt lat="50.844265" lon="10.48269">
        <ele>728.9</ele>
      </trkpt>
      <trkpt lat="50.844265" lon="10.48277">
        <ele>729.1</ele>
      </trkpt>
      <trkpt lat="50.844279" lon="10.482849">
        <ele>729.4</ele>
      </trkpt>
      <trkpt lat="50.844311" lon="10.482913">
        <ele>729.4</ele>
      </trkpt>
      <trkpt lat="50.844216" lon="10.483311">
        <ele>731.5</ele>
      </trkpt>
      <trkpt lat="50.844202" lon="10.48345">
        <ele>732.1</ele>
      </trkpt>
      <trkpt lat="50.844145" lon="10.484021">
        <ele>734.6</ele>
      </trkpt>
      <trkpt lat="50.844087" lon="10.484592">
        <ele>737.4</ele>
      </trkpt>
      <trkpt lat="50.844029" lon="10.485162">
        <ele>739.9</ele>
      </trkpt>
      <trkpt lat="50.843973" lon="10.485709">
        <ele>742.6</ele>
      </trkpt>
      <trkpt lat="50.843916" lon="10.486256">
        <ele>745.2</ele>
      </trkpt>
      <trkpt lat="50.84386" lon="10.486804">
        <ele>748.1</ele>
      </trkpt>
      <trkpt lat="50.843752" lon="10.487415">
        <ele>751.7</ele>
      </trkpt>
      <trkpt lat="50.843555" lon="10.487898">
        <ele>754.9</ele>
      </trkpt>
      <trkpt lat="50.843352" lon="10.488129">
        <ele>757.2</ele>
      </trkpt>
      <trkpt lat="50.843149" lon="10.488359">
        <ele>759.1</ele>
      </trkpt>
      <trkpt lat="50.842845" lon="10.488679">
        <ele>761.7</ele>
      </trkpt>
      <trkpt lat="50.842768" lon="10.488821">
        <ele>762.2</ele>
      </trkpt>
      <trkpt lat="50.842701" lon="10.489018">
        <ele>762.8</ele>
      </trkpt>
      <trkpt lat="50.842676" lon="10.489172">
        <ele>763.0</ele>
      </trkpt>
      <trkpt lat="50.842684" lon="10.489493">
        <ele>763.7</ele>
      </trkpt>
      <trkpt lat="50.842698" lon="10.489694">
        <ele>764.3</ele>
      </trkpt>
      <trkpt lat="50.842671" lon="10.490065">
        <ele>764.5</ele>
      </trkpt>
      <trkpt lat="50.842566" lon="10.49073">
        <ele>765.2</ele>
      </trkpt>
      <trkpt lat="50.842502" lon="10.491103">
        <ele>766.1</ele>
      </trkpt>
      <trkpt lat="50.842437" lon="10.491476">
        <ele>767.5</ele>
      </trkpt>
      <trkpt lat="50.842426" lon="10.491927">
        <ele>769.0</ele>
      </trkpt>
      <trkpt lat="50.842415" lon="10.492377">
        <ele>769.8</ele>
      </trkpt>
      <trkpt lat="50.842295" lon="10.492983">
        <ele>770.6</ele>
      </trkpt>
      <trkpt lat="50.842028" lon="10.493527">
        <ele>771.4</ele>
      </trkpt>
      <trkpt lat="50.841762" lon="10.494045">
        <ele>771.4</ele>
      </trkpt>
      <trkpt lat="50.841651" lon="10.494293">
        <ele>771.0</ele>
      </trkpt>
      <trkpt lat="50.841536" lon="10.49455">
        <ele>770.6</ele>
      </trkpt>
      <trkpt lat="50.841435" lon="10.494667">
        <ele>770.3</ele>
      </trkpt>
      <trkpt lat="50.841357" lon="10.494721">
        <ele>770.1</ele>
      </trkpt>
      <trkpt lat="50.841264" lon="10.494759">
        <ele>769.8</ele>
      </trkpt>
      <trkpt lat="50.841143" lon="10.494767">
        <ele>769.5</ele>
      </trkpt>
      <trkpt lat="50.841061" lon="10.494757">
        <ele>769.3</ele>
      </trkpt>
      <trkpt lat="50.840909" lon="10.494686">
        <ele>769.2</ele>
      </trkpt>
      <trkpt lat="50.840764" lon="10.494593">
        <ele>768.9</ele>
      </trkpt>
      <trkpt lat="50.840405" lon="10.494252">
        <ele>768.6</ele>
      </trkpt>
      <trkpt lat="50.840207" lon="10.494088">
        <ele>768.1</ele>
      </trkpt>
      <trkpt lat="50.84" lon="10.493958">
        <ele>767.7</ele>
      </trkpt>
      <trkpt lat="50.83983" lon="10.493873">
        <ele>767.3</ele>
      </trkpt>
      <trkpt lat="50.8397" lon="10.493824">
        <ele>767.0</ele>
      </trkpt>
      <trkpt lat="50.839561" lon="10.493784">
        <ele>766.6</ele>
      </trkpt>
      <trkpt lat="50.839393" lon="10.493767">
        <ele>765.8</ele>
      </trkpt>
      <trkpt lat="50.839197" lon="10.493779">
        <ele>764.8</ele>
      </trkpt>
      <trkpt lat="50.838856" lon="10.493819">
        <ele>762.9</ele>
      </trkpt>
      <trkpt lat="50.838714" lon="10.493846">
        <ele>762.3</ele>
      </trkpt>
      <trkpt lat="50.838566" lon="10.493914">
        <ele>761.4</ele>
      </trkpt>
      <trkpt lat="50.838384" lon="10.494029">
        <ele>760.7</ele>
      </trkpt>
      <trkpt lat="50.83818" lon="10.494205">
        <ele>759.6</ele>
      </trkpt>
      <trkpt lat="50.838103" lon="10.494356">
        <ele>758.8</ele>
      </trkpt>
      <trkpt lat="50.838054" lon="10.49455">
        <ele>758.0</ele>
      </trkpt>
      <trkpt lat="50.838004" lon="10.494827">
        <ele>756.9</ele>
      </trkpt>
      <trkpt lat="50.837976" lon="10.49515">
        <ele>755.6</ele>
      </trkpt>
      <trkpt lat="50.837999" lon="10.495487">
        <ele>753.6</ele>
      </trkpt>
      <trkpt lat="50.837988" lon="10.495688">
        <ele>752.4</ele>
      </trkpt>
      <trkpt lat="50.837916" lon="10.496326">
        <ele>749.6</ele>
      </trkpt>
      <trkpt lat="50.837844" lon="10.496964">
        <ele>747.8</ele>
      </trkpt>
      <trkpt lat="50.837817" lon="10.497525">
        <ele>746.7</ele>
      </trkpt>
      <trkpt lat="50.83779" lon="10.498087">
        <ele>744.7</ele>
      </trkpt>
      <trkpt lat="50.837762" lon="10.498648">
        <ele>742.4</ele>
      </trkpt>
      <trkpt lat="50.837844" lon="10.499117">
        <ele>740.6</ele>
      </trkpt>
      <trkpt lat="50.837925" lon="10.499585">
        <ele>738.9</ele>
      </trkpt>
      <trkpt lat="50.838006" lon="10.500054">
        <ele>737.9</ele>
      </trkpt>
      <trkpt lat="50.83803" lon="10.500451">
        <ele>737.5</ele>
      </trkpt>
      <trkpt lat="50.838054" lon="10.500848">
        <ele>737.1</ele>
      </trkpt>
      <trkpt lat="50.838037" lon="10.501448">
        <ele>736.6</ele>
      </trkpt>
      <trkpt lat="50.83802" lon="10.502049">
        <ele>735.3</ele>
      </trkpt>
      <trkpt lat="50.838072" lon="10.502636">
        <ele>733.6</ele>
      </trkpt>
      <trkpt lat="50.838059" lon="10.503045">
        <ele>732.5</ele>
      </trkpt>
      <trkpt lat="50.838046" lon="10.503455">
        <ele>731.4</ele>
      </trkpt>
      <trkpt lat="50.837979" lon="10.504131">
        <ele>729.8</ele>
      </trkpt>
      <trkpt lat="50.837895" lon="10.504576">
        <ele>728.8</ele>
      </trkpt>
      <trkpt lat="50.83781" lon="10.505021">
        <ele>728.4</ele>
      </trkpt>
      <trkpt lat="50.837835" lon="10.505486">
        <ele>728.3</ele>
      </trkpt>
      <trkpt lat="50.83786" lon="10.505952">
        <ele>728.3</ele>
      </trkpt>
      <trkpt lat="50.837798" lon="10.506303">
        <ele>727.8</ele>
      </trkpt>
      <trkpt lat="50.837735" lon="10.506655">
        <ele>727.2</ele>
      </trkpt>
      <trkpt lat="50.837681" lon="10.50722">
        <ele>725.6</ele>
      </trkpt>
      <trkpt lat="50.837614" lon="10.507524">
        <ele>724.5</ele>
      </trkpt>
      <trkpt lat="50.837424" lon="10.507848">
        <ele>723.0</ele>
      </trkpt>
      <trkpt lat="50.837234" lon="10.508173">
        <ele>721.9</ele>
      </trkpt>
      <trkpt lat="50.837136" lon="10.508415">
        <ele>720.8</ele>
      </trkpt>
      <trkpt lat="50.837057" lon="10.508723">
        <ele>719.5</ele>
      </trkpt>
      <trkpt lat="50.836941" lon="10.509202">
        <ele>717.6</ele>
      </trkpt>
      <trkpt lat="50.836883" lon="10.509419">
        <ele>716.9</ele>
      </trkpt>
      <trkpt lat="50.836858" lon="10.509556">
        <ele>716.3</ele>
      </trkpt>
      <trkpt lat="50.836848" lon="10.509672">
        <ele>715.9</ele>
      </trkpt>
      <trkpt lat="50.836855" lon="10.509812">
        <ele>715.3</ele>
      </trkpt>
      <trkpt lat="50.836866" lon="10.509959">
        <ele>714.9</ele>
      </trkpt>
      <trkpt lat="50.836999" lon="10.510234">
        <ele>713.5</ele>
      </trkpt>
      <trkpt lat="50.837202" lon="10.510505">
        <ele>712.4</ele>
      </trkpt>
      <trkpt lat="50.837404" lon="10.510776">
        <ele>712.1</ele>
      </trkpt>
      <trkpt lat="50.837577" lon="10.511141">
        <ele>712.3</ele>
      </trkpt>
      <trkpt lat="50.837668" lon="10.511442">
        <ele>712.7</ele>
      </trkpt>
      <trkpt lat="50.837761" lon="10.511989">
        <ele>713.6</ele>
      </trkpt>
      <trkpt lat="50.837819" lon="10.512451">
        <ele>714.2</ele>
      </trkpt>
      <trkpt lat="50.83785" lon="10.51283">
        <ele>714.7</ele>
      </trkpt>
      <trkpt lat="50.837859" lon="10.513029">
        <ele>715.0</ele>
      </trkpt>
      <trkpt lat="50.837865" lon="10.513324">
        <ele>715.4</ele>
      </trkpt>
      <trkpt lat="50.837838" lon="10.513551">
        <ele>715.8</ele>
      </trkpt>
      <trkpt lat="50.837766" lon="10.513778">
        <ele>716.1</ele>
      </trkpt>
      <trkpt lat="50.837497" lon="10.51433">
        <ele>717.5</ele>
      </trkpt>
      <trkpt lat="50.837227" lon="10.514881">
        <ele>718.9</ele>
      </trkpt>
      <trkpt lat="50.836958" lon="10.515433">
        <ele>719.9</ele>
      </trkpt>
      <trkpt lat="50.836774" lon="10.515794">
        <ele>720.7</ele>
      </trkpt>
      <trkpt lat="50.836707" lon="10.515926">
        <ele>721.1</ele>
      </trkpt>
      <trkpt lat="50.83664" lon="10.516011">
        <ele>721.2</ele>
        <name>Naturpark Thüringer Wald, Thüringen</name>
        <extensions>
          <oa:Extension>
            <oa:mapZoom>15</oa:mapZoom>
          </oa:Extension>
        </extensions>
      </trkpt>
      <trkpt lat="50.83656" lon="10.516114">
        <ele>721.3</ele>
      </trkpt>
      <trkpt lat="50.836412" lon="10.516236">
        <ele>721.4</ele>
      </trkpt>
      <trkpt lat="50.836547" lon="10.516368">
        <ele>720.8</ele>
      </trkpt>
      <trkpt lat="50.836641" lon="10.516492">
        <ele>720.7</ele>
      </trkpt>
      <trkpt lat="50.836835" lon="10.51706">
        <ele>719.7</ele>
      </trkpt>
      <trkpt lat="50.837015" lon="10.517383">
        <ele>719.1</ele>
      </trkpt>
      <trkpt lat="50.83723" lon="10.517653">
        <ele>718.8</ele>
      </trkpt>
      <trkpt lat="50.837445" lon="10.517923">
        <ele>718.5</ele>
      </trkpt>
      <trkpt lat="50.837717" lon="10.518126">
        <ele>718.1</ele>
      </trkpt>
      <trkpt lat="50.838149" lon="10.518308">
        <ele>717.3</ele>
      </trkpt>
      <trkpt lat="50.838557" lon="10.518492">
        <ele>716.3</ele>
      </trkpt>
      <trkpt lat="50.838889" lon="10.518774">
        <ele>714.3</ele>
      </trkpt>
      <trkpt lat="50.839144" lon="10.518977">
        <ele>712.8</ele>
      </trkpt>
      <trkpt lat="50.839399" lon="10.519181">
        <ele>711.5</ele>
      </trkpt>
      <trkpt lat="50.839604" lon="10.519406">
        <ele>710.7</ele>
      </trkpt>
      <trkpt lat="50.83981" lon="10.51963">
        <ele>710.2</ele>
      </trkpt>
      <trkpt lat="50.840081" lon="10.519917">
        <ele>709.8</ele>
      </trkpt>
      <trkpt lat="50.840352" lon="10.520204">
        <ele>709.4</ele>
      </trkpt>
      <trkpt lat="50.840623" lon="10.520491">
        <ele>708.9</ele>
      </trkpt>
      <trkpt lat="50.840909" lon="10.520791">
        <ele>708.9</ele>
      </trkpt>
      <trkpt lat="50.841176" lon="10.521031">
        <ele>708.9</ele>
      </trkpt>
      <trkpt lat="50.841497" lon="10.521341">
        <ele>708.3</ele>
      </trkpt>
      <trkpt lat="50.841818" lon="10.521651">
        <ele>707.9</ele>
      </trkpt>
      <trkpt lat="50.841932" lon="10.521761">
        <ele>707.7</ele>
      </trkpt>
      <trkpt lat="50.842169" lon="10.522005">
        <ele>706.9</ele>
      </trkpt>
      <trkpt lat="50.842371" lon="10.522367">
        <ele>705.7</ele>
      </trkpt>
      <trkpt lat="50.842576" lon="10.522718">
        <ele>704.6</ele>
      </trkpt>
      <trkpt lat="50.842634" lon="10.522825">
        <ele>704.2</ele>
      </trkpt>
      <trkpt lat="50.842739" lon="10.52299">
        <ele>703.6</ele>
      </trkpt>
      <trkpt lat="50.842857" lon="10.523191">
        <ele>703.1</ele>
      </trkpt>
      <trkpt lat="50.84306" lon="10.523521">
        <ele>702.7</ele>
      </trkpt>
      <trkpt lat="50.843271" lon="10.523768">
        <ele>702.1</ele>
      </trkpt>
      <trkpt lat="50.843536" lon="10.524026">
        <ele>702.0</ele>
      </trkpt>
      <trkpt lat="50.843801" lon="10.524284">
        <ele>702.2</ele>
      </trkpt>
      <trkpt lat="50.843957" lon="10.524436">
        <ele>702.3</ele>
      </trkpt>
      <trkpt lat="50.844233" lon="10.524704">
        <ele>702.6</ele>
      </trkpt>
      <trkpt lat="50.844508" lon="10.524972">
        <ele>702.7</ele>
      </trkpt>
      <trkpt lat="50.844826" lon="10.52525">
        <ele>701.7</ele>
      </trkpt>
      <trkpt lat="50.84512" lon="10.525669">
        <ele>701.5</ele>
      </trkpt>
      <trkpt lat="50.845307" lon="10.525867">
        <ele>701.6</ele>
      </trkpt>
      <trkpt lat="50.845454" lon="10.52637">
        <ele>700.8</ele>
      </trkpt>
      <trkpt lat="50.845594" lon="10.526717">
        <ele>699.7</ele>
      </trkpt>
      <trkpt lat="50.845733" lon="10.527063">
        <ele>698.6</ele>
      </trkpt>
      <trkpt lat="50.845916" lon="10.527493">
        <ele>696.9</ele>
      </trkpt>
      <trkpt lat="50.846101" lon="10.527895">
        <ele>694.8</ele>
      </trkpt>
      <trkpt lat="50.846286" lon="10.528297">
        <ele>693.1</ele>
      </trkpt>
      <trkpt lat="50.846527" lon="10.528861">
        <ele>691.1</ele>
      </trkpt>
      <trkpt lat="50.846778" lon="10.529337">
        <ele>690.7</ele>
      </trkpt>
      <trkpt lat="50.847029" lon="10.529812">
        <ele>691.2</ele>
      </trkpt>
      <trkpt lat="50.847108" lon="10.530045">
        <ele>691.7</ele>
      </trkpt>
      <trkpt lat="50.847166" lon="10.530271">
        <ele>692.3</ele>
      </trkpt>
      <trkpt lat="50.847209" lon="10.530447">
        <ele>692.9</ele>
      </trkpt>
      <trkpt lat="50.847275" lon="10.530711">
        <ele>694.0</ele>
      </trkpt>
      <trkpt lat="50.847412" lon="10.531179">
        <ele>695.3</ele>
      </trkpt>
      <trkpt lat="50.847549" lon="10.531647">
        <ele>696.7</ele>
      </trkpt>
      <trkpt lat="50.847727" lon="10.532141">
        <ele>696.7</ele>
      </trkpt>
      <trkpt lat="50.847909" lon="10.532669">
        <ele>696.1</ele>
      </trkpt>
      <trkpt lat="50.848091" lon="10.533197">
        <ele>695.5</ele>
      </trkpt>
      <trkpt lat="50.848274" lon="10.533724">
        <ele>694.3</ele>
      </trkpt>
      <trkpt lat="50.848456" lon="10.534252">
        <ele>693.2</ele>
      </trkpt>
      <trkpt lat="50.848638" lon="10.53478">
        <ele>691.5</ele>
      </trkpt>
      <trkpt lat="50.848821" lon="10.535307">
        <ele>690.2</ele>
      </trkpt>
      <trkpt lat="50.848882" lon="10.535512">
        <ele>689.8</ele>
      </trkpt>
      <trkpt lat="50.848967" lon="10.535809">
        <ele>689.1</ele>
      </trkpt>
      <trkpt lat="50.849094" lon="10.53618">
        <ele>688.0</ele>
      </trkpt>
      <trkpt lat="50.849216" lon="10.536421">
        <ele>687.2</ele>
      </trkpt>
      <trkpt lat="50.849394" lon="10.536703">
        <ele>685.4</ele>
      </trkpt>
      <trkpt lat="50.849593" lon="10.536954">
        <ele>683.9</ele>
      </trkpt>
      <trkpt lat="50.849784" lon="10.53726">
        <ele>682.3</ele>
      </trkpt>
      <trkpt lat="50.849914" lon="10.537535">
        <ele>681.1</ele>
      </trkpt>
      <trkpt lat="50.850092" lon="10.537982">
        <ele>679.7</ele>
      </trkpt>
      <trkpt lat="50.850239" lon="10.538429">
        <ele>678.8</ele>
      </trkpt>
      <trkpt lat="50.850408" lon="10.538791">
        <ele>677.5</ele>
      </trkpt>
      <trkpt lat="50.850576" lon="10.539153">
        <ele>676.3</ele>
      </trkpt>
      <trkpt lat="50.850686" lon="10.539403">
        <ele>675.4</ele>
      </trkpt>
      <trkpt lat="50.850757" lon="10.539615">
        <ele>674.3</ele>
      </trkpt>
      <trkpt lat="50.850892" lon="10.540005">
        <ele>670.9</ele>
      </trkpt>
      <trkpt lat="50.850941" lon="10.540204">
        <ele>670.1</ele>
      </trkpt>
      <trkpt lat="50.850992" lon="10.540456">
        <ele>669.5</ele>
      </trkpt>
      <trkpt lat="50.85103" lon="10.540772">
        <ele>668.5</ele>
      </trkpt>
      <trkpt lat="50.851022" lon="10.541069">
        <ele>667.6</ele>
      </trkpt>
      <trkpt lat="50.850973" lon="10.541313">
        <ele>666.7</ele>
      </trkpt>
      <trkpt lat="50.850802" lon="10.541834">
        <ele>663.3</ele>
      </trkpt>
      <trkpt lat="50.850696" lon="10.542044">
        <ele>662.3</ele>
      </trkpt>
      <trkpt lat="50.850589" lon="10.542213">
        <ele>661.4</ele>
      </trkpt>
      <trkpt lat="50.850393" lon="10.542481">
        <ele>660.3</ele>
      </trkpt>
      <trkpt lat="50.850327" lon="10.542607">
        <ele>660.0</ele>
      </trkpt>
      <trkpt lat="50.850257" lon="10.542824">
        <ele>659.3</ele>
      </trkpt>
      <trkpt lat="50.850196" lon="10.543085">
        <ele>658.2</ele>
      </trkpt>
      <trkpt lat="50.850093" lon="10.543466">
        <ele>655.4</ele>
      </trkpt>
      <trkpt lat="50.849973" lon="10.543782">
        <ele>652.2</ele>
      </trkpt>
      <trkpt lat="50.849829" lon="10.544232">
        <ele>648.0</ele>
      </trkpt>
      <trkpt lat="50.849681" lon="10.544489">
        <ele>645.7</ele>
      </trkpt>
      <trkpt lat="50.849384" lon="10.544877">
        <ele>641.2</ele>
      </trkpt>
      <trkpt lat="50.849235" lon="10.545312">
        <ele>635.6</ele>
      </trkpt>
      <trkpt lat="50.849223" lon="10.545425">
        <ele>634.5</ele>
      </trkpt>
      <trkpt lat="50.849236" lon="10.545535">
        <ele>633.5</ele>
      </trkpt>
      <trkpt lat="50.84928" lon="10.545607">
        <ele>632.6</ele>
      </trkpt>
      <trkpt lat="50.84934" lon="10.545642">
        <ele>631.2</ele>
      </trkpt>
      <trkpt lat="50.849563" lon="10.545664">
        <ele>627.3</ele>
      </trkpt>
      <trkpt lat="50.849644" lon="10.545724">
        <ele>625.8</ele>
      </trkpt>
      <trkpt lat="50.849701" lon="10.54582">
        <ele>624.6</ele>
      </trkpt>
      <trkpt lat="50.849729" lon="10.545962">
        <ele>623.2</ele>
      </trkpt>
      <trkpt lat="50.849732" lon="10.546235">
        <ele>621.0</ele>
      </trkpt>
      <trkpt lat="50.849719" lon="10.546603">
        <ele>618.0</ele>
      </trkpt>
      <trkpt lat="50.849695" lon="10.546959">
        <ele>614.9</ele>
      </trkpt>
      <trkpt lat="50.849646" lon="10.547332">
        <ele>612.0</ele>
      </trkpt>
      <trkpt lat="50.849596" lon="10.547705">
        <ele>610.3</ele>
      </trkpt>
      <trkpt lat="50.84954" lon="10.547977">
        <ele>608.7</ele>
      </trkpt>
      <trkpt lat="50.849317" lon="10.548504">
        <ele>600.0</ele>
      </trkpt>
      <trkpt lat="50.849094" lon="10.549031">
        <ele>590.7</ele>
      </trkpt>
      <trkpt lat="50.848961" lon="10.549678">
        <ele>582.9</ele>
      </trkpt>
      <trkpt lat="50.848959" lon="10.550215">
        <ele>577.3</ele>
      </trkpt>
      <trkpt lat="50.848962" lon="10.550361">
        <ele>576.1</ele>
      </trkpt>
      <trkpt lat="50.848961" lon="10.550384">
        <ele>576.0</ele>
      </trkpt>
      <trkpt lat="50.848954" lon="10.551092">
        <ele>570.0</ele>
      </trkpt>
      <trkpt lat="50.848989" lon="10.551459">
        <ele>567.1</ele>
      </trkpt>
      <trkpt lat="50.849061" lon="10.551786">
        <ele>564.3</ele>
      </trkpt>
      <trkpt lat="50.84919" lon="10.552245">
        <ele>560.6</ele>
      </trkpt>
      <trkpt lat="50.84932" lon="10.552703">
        <ele>556.9</ele>
      </trkpt>
      <trkpt lat="50.849449" lon="10.553161">
        <ele>553.9</ele>
      </trkpt>
      <trkpt lat="50.849582" lon="10.553788">
        <ele>550.5</ele>
      </trkpt>
      <trkpt lat="50.849715" lon="10.554415">
        <ele>546.5</ele>
      </trkpt>
      <trkpt lat="50.849818" lon="10.554839">
        <ele>543.1</ele>
      </trkpt>
      <trkpt lat="50.84992" lon="10.555262">
        <ele>537.9</ele>
      </trkpt>
      <trkpt lat="50.84999" lon="10.55552">
        <ele>535.0</ele>
      </trkpt>
      <trkpt lat="50.850196" lon="10.55569">
        <ele>531.4</ele>
      </trkpt>
      <trkpt lat="50.850315" lon="10.555756">
        <ele>530.4</ele>
      </trkpt>
      <trkpt lat="50.850401" lon="10.555799">
        <ele>529.7</ele>
      </trkpt>
      <trkpt lat="50.850567" lon="10.555858">
        <ele>527.6</ele>
      </trkpt>
      <trkpt lat="50.850643" lon="10.555888">
        <ele>526.4</ele>
      </trkpt>
      <trkpt lat="50.850736" lon="10.555979">
        <ele>524.5</ele>
      </trkpt>
      <trkpt lat="50.850812" lon="10.556122">
        <ele>522.6</ele>
      </trkpt>
      <trkpt lat="50.851038" lon="10.556604">
        <ele>516.8</ele>
      </trkpt>
      <trkpt lat="50.851265" lon="10.557032">
        <ele>510.9</ele>
      </trkpt>
      <trkpt lat="50.851319" lon="10.557081">
        <ele>509.9</ele>
      </trkpt>
      <trkpt lat="50.851365" lon="10.557114">
        <ele>509.2</ele>
      </trkpt>
      <trkpt lat="50.851466" lon="10.557284">
        <ele>507.5</ele>
      </trkpt>
      <trkpt lat="50.851812" lon="10.557506">
        <ele>501.5</ele>
      </trkpt>
      <trkpt lat="50.852158" lon="10.557729">
        <ele>496.2</ele>
      </trkpt>
      <trkpt lat="50.852503" lon="10.557951">
        <ele>491.4</ele>
      </trkpt>
      <trkpt lat="50.852849" lon="10.558174">
        <ele>486.8</ele>
      </trkpt>
      <trkpt lat="50.853194" lon="10.558396">
        <ele>483.1</ele>
        <name>Burgweg, Friedrichroda</name>
        <extensions>
          <oa:Extension>
            <oa:mapZoom>14</oa:mapZoom>
          </oa:Extension>
        </extensions>
      </trkpt>
      <trkpt lat="50.853418" lon="10.558598">
        <ele>479.2</ele>
      </trkpt>
      <trkpt lat="50.853501" lon="10.558719">
        <ele>477.6</ele>
      </trkpt>
      <trkpt lat="50.853234" lon="10.558581">
        <ele>478.0</ele>
      </trkpt>
      <trkpt lat="50.852904" lon="10.558454">
        <ele>478.6</ele>
      </trkpt>
      <trkpt lat="50.852542" lon="10.558348">
        <ele>479.0</ele>
      </trkpt>
      <trkpt lat="50.852181" lon="10.558242">
        <ele>479.5</ele>
      </trkpt>
      <trkpt lat="50.85184" lon="10.558163">
        <ele>479.8</ele>
      </trkpt>
      <trkpt lat="50.851532" lon="10.558102">
        <ele>480.0</ele>
      </trkpt>
      <trkpt lat="50.851302" lon="10.55808">
        <ele>480.3</ele>
      </trkpt>
      <trkpt lat="50.851072" lon="10.558058">
        <ele>480.5</ele>
      </trkpt>
      <trkpt lat="50.850913" lon="10.558055">
        <ele>480.6</ele>
      </trkpt>
      <trkpt lat="50.850738" lon="10.558061">
        <ele>480.7</ele>
      </trkpt>
      <trkpt lat="50.850623" lon="10.558082">
        <ele>480.8</ele>
      </trkpt>
      <trkpt lat="50.850464" lon="10.558135">
        <ele>481.0</ele>
      </trkpt>
      <trkpt lat="50.850365" lon="10.558196">
        <ele>481.1</ele>
      </trkpt>
      <trkpt lat="50.850229" lon="10.558359">
        <ele>481.2</ele>
      </trkpt>
      <trkpt lat="50.849964" lon="10.558734">
        <ele>480.7</ele>
      </trkpt>
      <trkpt lat="50.849699" lon="10.559108">
        <ele>479.6</ele>
      </trkpt>
      <trkpt lat="50.849546" lon="10.559215">
        <ele>479.0</ele>
      </trkpt>
      <trkpt lat="50.849471" lon="10.559233">
        <ele>478.6</ele>
      </trkpt>
      <trkpt lat="50.84937" lon="10.559224">
        <ele>478.2</ele>
      </trkpt>
      <trkpt lat="50.849286" lon="10.559194">
        <ele>477.9</ele>
      </trkpt>
      <trkpt lat="50.849192" lon="10.559081">
        <ele>477.3</ele>
      </trkpt>
      <trkpt lat="50.849151" lon="10.558939">
        <ele>476.7</ele>
      </trkpt>
      <trkpt lat="50.849136" lon="10.558747">
        <ele>476.2</ele>
      </trkpt>
      <trkpt lat="50.849141" lon="10.558513">
        <ele>475.7</ele>
      </trkpt>
      <trkpt lat="50.849139" lon="10.558369">
        <ele>475.4</ele>
      </trkpt>
      <trkpt lat="50.849113" lon="10.558303">
        <ele>475.4</ele>
      </trkpt>
      <trkpt lat="50.849072" lon="10.558266">
        <ele>475.3</ele>
      </trkpt>
      <trkpt lat="50.849013" lon="10.558236">
        <ele>475.3</ele>
      </trkpt>
      <trkpt lat="50.84894" lon="10.558232">
        <ele>475.2</ele>
      </trkpt>
      <trkpt lat="50.848865" lon="10.558278">
        <ele>475.0</ele>
      </trkpt>
      <trkpt lat="50.848793" lon="10.558377">
        <ele>474.9</ele>
      </trkpt>
      <trkpt lat="50.848725" lon="10.558515">
        <ele>474.6</ele>
      </trkpt>
      <trkpt lat="50.848542" lon="10.558828">
        <ele>473.9</ele>
      </trkpt>
      <trkpt lat="50.848479" lon="10.558884">
        <ele>473.3</ele>
      </trkpt>
      <trkpt lat="50.848406" lon="10.558905">
        <ele>472.6</ele>
      </trkpt>
      <trkpt lat="50.848312" lon="10.55888">
        <ele>473.3</ele>
      </trkpt>
      <trkpt lat="50.848073" lon="10.558785">
        <ele>472.8</ele>
      </trkpt>
      <trkpt lat="50.847897" lon="10.558722">
        <ele>472.5</ele>
      </trkpt>
      <trkpt lat="50.847787" lon="10.558683">
        <ele>472.3</ele>
      </trkpt>
      <trkpt lat="50.847424" lon="10.558647">
        <ele>471.2</ele>
      </trkpt>
      <trkpt lat="50.847295" lon="10.558644">
        <ele>470.9</ele>
      </trkpt>
      <trkpt lat="50.847079" lon="10.558693">
        <ele>470.2</ele>
      </trkpt>
      <trkpt lat="50.847022" lon="10.5587">
        <ele>470.0</ele>
      </trkpt>
      <trkpt lat="50.846795" lon="10.558726">
        <ele>469.3</ele>
      </trkpt>
      <trkpt lat="50.846559" lon="10.558737">
        <ele>468.6</ele>
      </trkpt>
      <trkpt lat="50.846279" lon="10.55872">
        <ele>467.5</ele>
      </trkpt>
      <trkpt lat="50.846227" lon="10.558717">
        <ele>467.4</ele>
      </trkpt>
      <trkpt lat="50.845974" lon="10.558667">
        <ele>466.5</ele>
      </trkpt>
      <trkpt lat="50.845768" lon="10.558666">
        <ele>466.0</ele>
      </trkpt>
      <trkpt lat="50.845768" lon="10.558769">
        <ele>465.3</ele>
      </trkpt>
      <trkpt lat="50.845768" lon="10.558859">
        <ele>465.9</ele>
      </trkpt>
      <trkpt lat="50.845767" lon="10.558953">
        <ele>465.7</ele>
      </trkpt>
      <trkpt lat="50.845636" lon="10.558921">
        <ele>466.3</ele>
        <name>L 1026, Friedrichroda</name>
        <extensions>
          <oa:Extension>
            <oa:mapZoom>14</oa:mapZoom>
          </oa:Extension>
        </extensions>
      </trkpt>
      <trkpt lat="50.845588" lon="10.558909">
        <ele>466.6</ele>
      </trkpt>
      <trkpt lat="50.845407" lon="10.558873">
        <ele>467.3</ele>
      </trkpt>
      <trkpt lat="50.84516" lon="10.558837">
        <ele>468.5</ele>
      </trkpt>
      <trkpt lat="50.845068" lon="10.558838">
        <ele>468.9</ele>
      </trkpt>
      <trkpt lat="50.844965" lon="10.558847">
        <ele>469.5</ele>
      </trkpt>
      <trkpt lat="50.844847" lon="10.558887">
        <ele>470.2</ele>
      </trkpt>
      <trkpt lat="50.844769" lon="10.558912">
        <ele>470.7</ele>
      </trkpt>
      <trkpt lat="50.844659" lon="10.559054">
        <ele>472.0</ele>
      </trkpt>
      <trkpt lat="50.844569" lon="10.559123">
        <ele>473.2</ele>
      </trkpt>
      <trkpt lat="50.844477" lon="10.559161">
        <ele>474.3</ele>
      </trkpt>
      <trkpt lat="50.844389" lon="10.559167">
        <ele>475.1</ele>
      </trkpt>
      <trkpt lat="50.844303" lon="10.559161">
        <ele>475.9</ele>
      </trkpt>
      <trkpt lat="50.844219" lon="10.559148">
        <ele>477.0</ele>
      </trkpt>
      <trkpt lat="50.843993" lon="10.559081">
        <ele>480.2</ele>
      </trkpt>
      <trkpt lat="50.843691" lon="10.55903">
        <ele>483.8</ele>
      </trkpt>
      <trkpt lat="50.843523" lon="10.558988">
        <ele>486.1</ele>
      </trkpt>
      <trkpt lat="50.843154" lon="10.558887">
        <ele>490.9</ele>
      </trkpt>
      <trkpt lat="50.842765" lon="10.558575">
        <ele>496.5</ele>
      </trkpt>
      <trkpt lat="50.842375" lon="10.558262">
        <ele>501.7</ele>
      </trkpt>
      <trkpt lat="50.84208" lon="10.558122">
        <ele>505.1</ele>
      </trkpt>
      <trkpt lat="50.841823" lon="10.558082">
        <ele>508.2</ele>
      </trkpt>
      <trkpt lat="50.841767" lon="10.55807">
        <ele>508.9</ele>
      </trkpt>
      <trkpt lat="50.841656" lon="10.558047">
        <ele>510.3</ele>
      </trkpt>
      <trkpt lat="50.841491" lon="10.557978">
        <ele>512.5</ele>
      </trkpt>
      <trkpt lat="50.841247" lon="10.557863">
        <ele>515.4</ele>
      </trkpt>
      <trkpt lat="50.84104" lon="10.557725">
        <ele>517.6</ele>
      </trkpt>
      <trkpt lat="50.84082" lon="10.557576">
        <ele>521.0</ele>
      </trkpt>
      <trkpt lat="50.840666" lon="10.557465">
        <ele>523.1</ele>
      </trkpt>
      <trkpt lat="50.840537" lon="10.557345">
        <ele>524.8</ele>
      </trkpt>
      <trkpt lat="50.840441" lon="10.557201">
        <ele>526.4</ele>
      </trkpt>
      <trkpt lat="50.840352" lon="10.557023">
        <ele>528.2</ele>
      </trkpt>
      <trkpt lat="50.840282" lon="10.556842">
        <ele>529.9</ele>
      </trkpt>
      <trkpt lat="50.840215" lon="10.556675">
        <ele>531.4</ele>
      </trkpt>
      <trkpt lat="50.840152" lon="10.556562">
        <ele>532.5</ele>
      </trkpt>
      <trkpt lat="50.840089" lon="10.556478">
        <ele>533.4</ele>
      </trkpt>
      <trkpt lat="50.840002" lon="10.556387">
        <ele>534.6</ele>
      </trkpt>
      <trkpt lat="50.83992" lon="10.556329">
        <ele>535.7</ele>
      </trkpt>
      <trkpt lat="50.839829" lon="10.556291">
        <ele>536.8</ele>
      </trkpt>
      <trkpt lat="50.839755" lon="10.556275">
        <ele>537.6</ele>
      </trkpt>
      <trkpt lat="50.839672" lon="10.556269">
        <ele>538.7</ele>
      </trkpt>
      <trkpt lat="50.839587" lon="10.556291">
        <ele>539.8</ele>
      </trkpt>
      <trkpt lat="50.839488" lon="10.55635">
        <ele>541.0</ele>
      </trkpt>
      <trkpt lat="50.839233" lon="10.556538">
        <ele>544.2</ele>
      </trkpt>
      <trkpt lat="50.838911" lon="10.55675">
        <ele>548.1</ele>
      </trkpt>
      <trkpt lat="50.838674" lon="10.556893">
        <ele>550.5</ele>
      </trkpt>
      <trkpt lat="50.8384" lon="10.556972">
        <ele>553.4</ele>
      </trkpt>
      <trkpt lat="50.838064" lon="10.557022">
        <ele>557.1</ele>
      </trkpt>
      <trkpt lat="50.837883" lon="10.557041">
        <ele>559.0</ele>
      </trkpt>
      <trkpt lat="50.837714" lon="10.557036">
        <ele>560.8</ele>
      </trkpt>
      <trkpt lat="50.837571" lon="10.556957">
        <ele>562.1</ele>
      </trkpt>
      <trkpt lat="50.837406" lon="10.556809">
        <ele>564.3</ele>
      </trkpt>
      <trkpt lat="50.837237" lon="10.556587">
        <ele>566.8</ele>
      </trkpt>
      <trkpt lat="50.836972" lon="10.556311">
        <ele>570.5</ele>
      </trkpt>
      <trkpt lat="50.836704" lon="10.556133">
        <ele>573.7</ele>
      </trkpt>
      <trkpt lat="50.836471" lon="10.55602">
        <ele>576.4</ele>
      </trkpt>
      <trkpt lat="50.836371" lon="10.55599">
        <ele>577.6</ele>
      </trkpt>
      <trkpt lat="50.836209" lon="10.555985">
        <ele>579.4</ele>
      </trkpt>
      <trkpt lat="50.835978" lon="10.55603">
        <ele>581.8</ele>
      </trkpt>
      <trkpt lat="50.835825" lon="10.556059">
        <ele>583.4</ele>
      </trkpt>
      <trkpt lat="50.835666" lon="10.556059">
        <ele>585.3</ele>
      </trkpt>
      <trkpt lat="50.835305" lon="10.55596">
        <ele>589.5</ele>
      </trkpt>
      <trkpt lat="50.835018" lon="10.555881">
        <ele>592.7</ele>
      </trkpt>
      <trkpt lat="50.834874" lon="10.555822">
        <ele>594.4</ele>
      </trkpt>
      <trkpt lat="50.83475" lon="10.555718">
        <ele>595.9</ele>
      </trkpt>
      <trkpt lat="50.83446" lon="10.555486">
        <ele>599.4</ele>
      </trkpt>
      <trkpt lat="50.834157" lon="10.555333">
        <ele>603.4</ele>
      </trkpt>
      <trkpt lat="50.833914" lon="10.55525">
        <ele>606.2</ele>
      </trkpt>
      <trkpt lat="50.833646" lon="10.555195">
        <ele>609.3</ele>
      </trkpt>
      <trkpt lat="50.833537" lon="10.555176">
        <ele>610.6</ele>
      </trkpt>
      <trkpt lat="50.833434" lon="10.555151">
        <ele>611.7</ele>
      </trkpt>
      <trkpt lat="50.833337" lon="10.555082">
        <ele>613.0</ele>
      </trkpt>
      <trkpt lat="50.833163" lon="10.554914">
        <ele>615.4</ele>
      </trkpt>
      <trkpt lat="50.832848" lon="10.554608">
        <ele>619.4</ele>
      </trkpt>
      <trkpt lat="50.832499" lon="10.554321">
        <ele>624.0</ele>
      </trkpt>
      <trkpt lat="50.8322" lon="10.554188">
        <ele>627.3</ele>
      </trkpt>
      <trkpt lat="50.831947" lon="10.554149">
        <ele>629.9</ele>
      </trkpt>
      <trkpt lat="50.831722" lon="10.554164">
        <ele>631.8</ele>
      </trkpt>
      <trkpt lat="50.831404" lon="10.554203">
        <ele>633.4</ele>
      </trkpt>
      <trkpt lat="50.831248" lon="10.554218">
        <ele>633.7</ele>
      </trkpt>
      <trkpt lat="50.831174" lon="10.55418">
        <ele>633.9</ele>
      </trkpt>
      <trkpt lat="50.831053" lon="10.554117">
        <ele>634.3</ele>
        <name>Zur Wacht, Friedrichroda</name>
        <extensions>
          <oa:Extension>
            <oa:mapZoom>14</oa:mapZoom>
          </oa:Extension>
        </extensions>
      </trkpt>
      <trkpt lat="50.830985" lon="10.554081">
        <ele>634.5</ele>
      </trkpt>
      <trkpt lat="50.83071" lon="10.553878">
        <ele>635.5</ele>
      </trkpt>
      <trkpt lat="50.830404" lon="10.553635">
        <ele>636.6</ele>
      </trkpt>
      <trkpt lat="50.830147" lon="10.553335">
        <ele>637.8</ele>
      </trkpt>
      <trkpt lat="50.829978" lon="10.552956">
        <ele>639.2</ele>
      </trkpt>
      <trkpt lat="50.829889" lon="10.552755">
        <ele>639.8</ele>
      </trkpt>
      <trkpt lat="50.8298" lon="10.552534">
        <ele>640.8</ele>
      </trkpt>
      <trkpt lat="50.829723" lon="10.552129">
        <ele>642.7</ele>
      </trkpt>
      <trkpt lat="50.829619" lon="10.552134">
        <ele>642.6</ele>
      </trkpt>
      <trkpt lat="50.829363" lon="10.551924">
        <ele>644.0</ele>
      </trkpt>
      <trkpt lat="50.829168" lon="10.551861">
        <ele>645.1</ele>
      </trkpt>
      <trkpt lat="50.828934" lon="10.551845">
        <ele>646.4</ele>
      </trkpt>
      <trkpt lat="50.8287" lon="10.551829">
        <ele>647.7</ele>
      </trkpt>
      <trkpt lat="50.828466" lon="10.55182">
        <ele>649.1</ele>
      </trkpt>
      <trkpt lat="50.828233" lon="10.55181">
        <ele>650.4</ele>
      </trkpt>
      <trkpt lat="50.827806" lon="10.551707">
        <ele>652.7</ele>
      </trkpt>
      <trkpt lat="50.82738" lon="10.551604">
        <ele>654.8</ele>
      </trkpt>
      <trkpt lat="50.827111" lon="10.55138">
        <ele>656.7</ele>
      </trkpt>
      <trkpt lat="50.826843" lon="10.551157">
        <ele>658.4</ele>
      </trkpt>
      <trkpt lat="50.826574" lon="10.550933">
        <ele>659.8</ele>
      </trkpt>
      <trkpt lat="50.826193" lon="10.550693">
        <ele>662.4</ele>
      </trkpt>
      <trkpt lat="50.826121" lon="10.550647">
        <ele>663.2</ele>
      </trkpt>
      <trkpt lat="50.825758" lon="10.550468">
        <ele>666.6</ele>
      </trkpt>
      <trkpt lat="50.825618" lon="10.550396">
        <ele>667.3</ele>
      </trkpt>
      <trkpt lat="50.825277" lon="10.550202">
        <ele>667.8</ele>
      </trkpt>
      <trkpt lat="50.825003" lon="10.549788">
        <ele>667.7</ele>
      </trkpt>
      <trkpt lat="50.824832" lon="10.549309">
        <ele>668.9</ele>
      </trkpt>
      <trkpt lat="50.824662" lon="10.54883">
        <ele>667.5</ele>
      </trkpt>
      <trkpt lat="50.824491" lon="10.548352">
        <ele>667.6</ele>
      </trkpt>
      <trkpt lat="50.824321" lon="10.547873">
        <ele>667.7</ele>
      </trkpt>
      <trkpt lat="50.824162" lon="10.547384">
        <ele>667.7</ele>
      </trkpt>
      <trkpt lat="50.824004" lon="10.546895">
        <ele>667.9</ele>
      </trkpt>
      <trkpt lat="50.823845" lon="10.546406">
        <ele>668.2</ele>
      </trkpt>
      <trkpt lat="50.823656" lon="10.545997">
        <ele>668.3</ele>
      </trkpt>
      <trkpt lat="50.823467" lon="10.545589">
        <ele>668.8</ele>
      </trkpt>
      <trkpt lat="50.823385" lon="10.545418">
        <ele>669.1</ele>
      </trkpt>
      <trkpt lat="50.823256" lon="10.54524">
        <ele>668.4</ele>
      </trkpt>
      <trkpt lat="50.822875" lon="10.544995">
        <ele>669.6</ele>
      </trkpt>
      <trkpt lat="50.82279" lon="10.545024">
        <ele>669.7</ele>
      </trkpt>
      <trkpt lat="50.822742" lon="10.545068">
        <ele>670.3</ele>
      </trkpt>
      <trkpt lat="50.822524" lon="10.545323">
        <ele>671.6</ele>
      </trkpt>
      <trkpt lat="50.822304" lon="10.545751">
        <ele>673.9</ele>
      </trkpt>
      <trkpt lat="50.822084" lon="10.54618">
        <ele>675.8</ele>
      </trkpt>
      <trkpt lat="50.821876" lon="10.546409">
        <ele>677.8</ele>
      </trkpt>
      <trkpt lat="50.821668" lon="10.546637">
        <ele>679.5</ele>
      </trkpt>
      <trkpt lat="50.821279" lon="10.54699">
        <ele>682.5</ele>
      </trkpt>
      <trkpt lat="50.82092" lon="10.54721">
        <ele>684.9</ele>
      </trkpt>
      <trkpt lat="50.820573" lon="10.547253">
        <ele>687.1</ele>
      </trkpt>
      <trkpt lat="50.820344" lon="10.547228">
        <ele>688.3</ele>
      </trkpt>
      <trkpt lat="50.820115" lon="10.547204">
        <ele>689.2</ele>
      </trkpt>
      <trkpt lat="50.819963" lon="10.547127">
        <ele>689.9</ele>
      </trkpt>
      <trkpt lat="50.819817" lon="10.546997">
        <ele>690.3</ele>
      </trkpt>
      <trkpt lat="50.819575" lon="10.546719">
        <ele>691.1</ele>
      </trkpt>
      <trkpt lat="50.819304" lon="10.546351">
        <ele>691.9</ele>
      </trkpt>
      <trkpt lat="50.819033" lon="10.545983">
        <ele>692.9</ele>
      </trkpt>
      <trkpt lat="50.818929" lon="10.545869">
        <ele>693.3</ele>
      </trkpt>
      <trkpt lat="50.818804" lon="10.545809">
        <ele>693.5</ele>
      </trkpt>
      <trkpt lat="50.818534" lon="10.545767">
        <ele>693.9</ele>
      </trkpt>
      <trkpt lat="50.818293" lon="10.545843">
        <ele>694.0</ele>
      </trkpt>
      <trkpt lat="50.818052" lon="10.54592">
        <ele>694.1</ele>
      </trkpt>
      <trkpt lat="50.817659" lon="10.545984">
        <ele>694.3</ele>
      </trkpt>
      <trkpt lat="50.817414" lon="10.545944">
        <ele>694.6</ele>
      </trkpt>
      <trkpt lat="50.81717" lon="10.545904">
        <ele>694.7</ele>
      </trkpt>
      <trkpt lat="50.816788" lon="10.545808">
        <ele>694.9</ele>
      </trkpt>
      <trkpt lat="50.816587" lon="10.545685">
        <ele>695.1</ele>
      </trkpt>
      <trkpt lat="50.816427" lon="10.545478">
        <ele>695.5</ele>
      </trkpt>
      <trkpt lat="50.816306" lon="10.545251">
        <ele>696.0</ele>
      </trkpt>
      <trkpt lat="50.816232" lon="10.544986">
        <ele>696.5</ele>
      </trkpt>
      <trkpt lat="50.816061" lon="10.544407">
        <ele>697.3</ele>
      </trkpt>
      <trkpt lat="50.815915" lon="10.544075">
        <ele>697.6</ele>
      </trkpt>
      <trkpt lat="50.815752" lon="10.543804">
        <ele>697.7</ele>
      </trkpt>
      <trkpt lat="50.815598" lon="10.543568">
        <ele>698.0</ele>
      </trkpt>
      <trkpt lat="50.81535" lon="10.54339">
        <ele>698.1</ele>
      </trkpt>
      <trkpt lat="50.814941" lon="10.543338">
        <ele>698.6</ele>
      </trkpt>
      <trkpt lat="50.814683" lon="10.543236">
        <ele>698.8</ele>
      </trkpt>
      <trkpt lat="50.81444" lon="10.543089">
        <ele>699.0</ele>
      </trkpt>
      <trkpt lat="50.814184" lon="10.542807">
        <ele>699.5</ele>
      </trkpt>
      <trkpt lat="50.813927" lon="10.542525">
        <ele>699.8</ele>
      </trkpt>
      <trkpt lat="50.813671" lon="10.542243">
        <ele>699.9</ele>
      </trkpt>
      <trkpt lat="50.813528" lon="10.542094">
        <ele>699.8</ele>
      </trkpt>
      <trkpt lat="50.813155" lon="10.5421">
        <ele>699.3</ele>
      </trkpt>
      <trkpt lat="50.813204" lon="10.541985">
        <ele>699.1</ele>
      </trkpt>
      <trkpt lat="50.813226" lon="10.541917">
        <ele>698.8</ele>
        <name>Naturpark Thüringer Wald, Kleinschmalkalden, Floh-Seligenthal</name>
        <extensions>
          <oa:Extension>
            <oa:mapZoom>14</oa:mapZoom>
          </oa:Extension>
        </extensions>
      </trkpt>
      <trkpt lat="50.813232" lon="10.541898">
        <ele>698.7</ele>
      </trkpt>
      <trkpt lat="50.813248" lon="10.541818">
        <ele>698.3</ele>
      </trkpt>
      <trkpt lat="50.813283" lon="10.541675">
        <ele>697.6</ele>
      </trkpt>
      <trkpt lat="50.813168" lon="10.541494">
        <ele>695.7</ele>
      </trkpt>
      <trkpt lat="50.812931" lon="10.541219">
        <ele>692.6</ele>
      </trkpt>
      <trkpt lat="50.812694" lon="10.540945">
        <ele>689.7</ele>
      </trkpt>
      <trkpt lat="50.812454" lon="10.540742">
        <ele>687.3</ele>
      </trkpt>
      <trkpt lat="50.812213" lon="10.54054">
        <ele>685.1</ele>
      </trkpt>
      <trkpt lat="50.812043" lon="10.54025">
        <ele>683.3</ele>
      </trkpt>
      <trkpt lat="50.8118" lon="10.539669">
        <ele>680.6</ele>
      </trkpt>
      <trkpt lat="50.811557" lon="10.539088">
        <ele>678.6</ele>
      </trkpt>
      <trkpt lat="50.811314" lon="10.538506">
        <ele>676.4</ele>
      </trkpt>
      <trkpt lat="50.811125" lon="10.537938">
        <ele>673.8</ele>
      </trkpt>
      <trkpt lat="50.810936" lon="10.537369">
        <ele>671.1</ele>
      </trkpt>
      <trkpt lat="50.810749" lon="10.536855">
        <ele>668.8</ele>
      </trkpt>
      <trkpt lat="50.810586" lon="10.536493">
        <ele>667.7</ele>
      </trkpt>
      <trkpt lat="50.810515" lon="10.536386">
        <ele>667.4</ele>
      </trkpt>
      <trkpt lat="50.810426" lon="10.53627">
        <ele>667.1</ele>
      </trkpt>
      <trkpt lat="50.810327" lon="10.536225">
        <ele>666.9</ele>
      </trkpt>
      <trkpt lat="50.810096" lon="10.536184">
        <ele>666.4</ele>
      </trkpt>
      <trkpt lat="50.809892" lon="10.536208">
        <ele>665.8</ele>
      </trkpt>
      <trkpt lat="50.80958" lon="10.536321">
        <ele>664.4</ele>
      </trkpt>
      <trkpt lat="50.809269" lon="10.536434">
        <ele>663.6</ele>
      </trkpt>
      <trkpt lat="50.808837" lon="10.536392">
        <ele>660.0</ele>
      </trkpt>
      <trkpt lat="50.808406" lon="10.536351">
        <ele>657.1</ele>
      </trkpt>
      <trkpt lat="50.807974" lon="10.536309">
        <ele>654.3</ele>
      </trkpt>
      <trkpt lat="50.807677" lon="10.536322">
        <ele>652.6</ele>
      </trkpt>
      <trkpt lat="50.807357" lon="10.536413">
        <ele>650.7</ele>
      </trkpt>
      <trkpt lat="50.807038" lon="10.536614">
        <ele>648.8</ele>
      </trkpt>
      <trkpt lat="50.806755" lon="10.536995">
        <ele>646.5</ele>
      </trkpt>
      <trkpt lat="50.806473" lon="10.537376">
        <ele>645.2</ele>
      </trkpt>
      <trkpt lat="50.806191" lon="10.537758">
        <ele>644.1</ele>
      </trkpt>
      <trkpt lat="50.806087" lon="10.537924">
        <ele>643.8</ele>
      </trkpt>
      <trkpt lat="50.806017" lon="10.537987">
        <ele>643.6</ele>
      </trkpt>
      <trkpt lat="50.805922" lon="10.537962">
        <ele>643.4</ele>
      </trkpt>
      <trkpt lat="50.805855" lon="10.537848">
        <ele>643.2</ele>
      </trkpt>
      <trkpt lat="50.805695" lon="10.537588">
        <ele>643.0</ele>
      </trkpt>
      <trkpt lat="50.805536" lon="10.537327">
        <ele>643.8</ele>
      </trkpt>
      <trkpt lat="50.805263" lon="10.536987">
        <ele>641.0</ele>
      </trkpt>
      <trkpt lat="50.804991" lon="10.536646">
        <ele>639.0</ele>
      </trkpt>
      <trkpt lat="50.804718" lon="10.536305">
        <ele>638.2</ele>
      </trkpt>
      <trkpt lat="50.804509" lon="10.535973">
        <ele>637.3</ele>
      </trkpt>
      <trkpt lat="50.804341" lon="10.535649">
        <ele>636.3</ele>
      </trkpt>
      <trkpt lat="50.804174" lon="10.535325">
        <ele>634.9</ele>
      </trkpt>
      <trkpt lat="50.804029" lon="10.535044">
        <ele>633.6</ele>
      </trkpt>
      <trkpt lat="50.803885" lon="10.534763">
        <ele>632.0</ele>
      </trkpt>
      <trkpt lat="50.803755" lon="10.534341">
        <ele>629.6</ele>
      </trkpt>
      <trkpt lat="50.803626" lon="10.53392">
        <ele>627.2</ele>
      </trkpt>
      <trkpt lat="50.803388" lon="10.533448">
        <ele>624.5</ele>
      </trkpt>
      <trkpt lat="50.803206" lon="10.533312">
        <ele>623.2</ele>
      </trkpt>
      <trkpt lat="50.803024" lon="10.533259">
        <ele>621.9</ele>
      </trkpt>
      <trkpt lat="50.802724" lon="10.533235">
        <ele>619.3</ele>
      </trkpt>
      <trkpt lat="50.802425" lon="10.533211">
        <ele>617.2</ele>
      </trkpt>
      <trkpt lat="50.802125" lon="10.533188">
        <ele>615.3</ele>
      </trkpt>
      <trkpt lat="50.801833" lon="10.533145">
        <ele>613.1</ele>
      </trkpt>
      <trkpt lat="50.801542" lon="10.533102">
        <ele>611.1</ele>
      </trkpt>
      <trkpt lat="50.801333" lon="10.533065">
        <ele>610.7</ele>
      </trkpt>
      <trkpt lat="50.801082" lon="10.533043">
        <ele>609.4</ele>
      </trkpt>
      <trkpt lat="50.800918" lon="10.533018">
        <ele>608.3</ele>
      </trkpt>
      <trkpt lat="50.800688" lon="10.533067">
        <ele>605.8</ele>
      </trkpt>
      <trkpt lat="50.800466" lon="10.533012">
        <ele>605.8</ele>
      </trkpt>
      <trkpt lat="50.80027" lon="10.53287">
        <ele>603.5</ele>
      </trkpt>
      <trkpt lat="50.800151" lon="10.53271">
        <ele>602.8</ele>
      </trkpt>
      <trkpt lat="50.800079" lon="10.53254">
        <ele>603.0</ele>
      </trkpt>
      <trkpt lat="50.80017" lon="10.532284">
        <ele>604.0</ele>
      </trkpt>
      <trkpt lat="50.800454" lon="10.531901">
        <ele>606.4</ele>
      </trkpt>
      <trkpt lat="50.800738" lon="10.531518">
        <ele>608.5</ele>
      </trkpt>
      <trkpt lat="50.801022" lon="10.531135">
        <ele>610.7</ele>
      </trkpt>
      <trkpt lat="50.801306" lon="10.530752">
        <ele>612.6</ele>
      </trkpt>
      <trkpt lat="50.801424" lon="10.53048">
        <ele>613.9</ele>
      </trkpt>
      <trkpt lat="50.801478" lon="10.530266">
        <ele>614.8</ele>
      </trkpt>
      <trkpt lat="50.801454" lon="10.530064">
        <ele>615.7</ele>
      </trkpt>
      <trkpt lat="50.801387" lon="10.529886">
        <ele>617.1</ele>
      </trkpt>
      <trkpt lat="50.8013" lon="10.529755">
        <ele>618.8</ele>
      </trkpt>
      <trkpt lat="50.801197" lon="10.529696">
        <ele>619.8</ele>
      </trkpt>
      <trkpt lat="50.801055" lon="10.52966">
        <ele>621.7</ele>
      </trkpt>
      <trkpt lat="50.800946" lon="10.529676">
        <ele>623.0</ele>
      </trkpt>
      <trkpt lat="50.800777" lon="10.529792">
        <ele>624.8</ele>
      </trkpt>
      <trkpt lat="50.800536" lon="10.529854">
        <ele>627.2</ele>
      </trkpt>
      <trkpt lat="50.800378" lon="10.529806">
        <ele>628.6</ele>
      </trkpt>
      <trkpt lat="50.800152" lon="10.529665">
        <ele>630.7</ele>
      </trkpt>
      <trkpt lat="50.799925" lon="10.529525">
        <ele>632.8</ele>
      </trkpt>
      <trkpt lat="50.799648" lon="10.529278">
        <ele>635.7</ele>
      </trkpt>
      <trkpt lat="50.799532" lon="10.529175">
        <ele>637.0</ele>
      </trkpt>
      <trkpt lat="50.799257" lon="10.528631">
        <ele>638.2</ele>
      </trkpt>
      <trkpt lat="50.798981" lon="10.528087">
        <ele>638.5</ele>
      </trkpt>
      <trkpt lat="50.798706" lon="10.527543">
        <ele>639.5</ele>
      </trkpt>
      <trkpt lat="50.798421" lon="10.527">
        <ele>641.3</ele>
      </trkpt>
      <trkpt lat="50.798136" lon="10.526456">
        <ele>642.7</ele>
      </trkpt>
      <trkpt lat="50.797962" lon="10.525938">
        <ele>641.9</ele>
      </trkpt>
      <trkpt lat="50.797788" lon="10.52542">
        <ele>642.1</ele>
      </trkpt>
      <trkpt lat="50.797614" lon="10.524902">
        <ele>643.2</ele>
      </trkpt>
      <trkpt lat="50.79744" lon="10.524383">
        <ele>644.6</ele>
      </trkpt>
      <trkpt lat="50.797395" lon="10.524318">
        <ele>644.8</ele>
      </trkpt>
      <trkpt lat="50.797311" lon="10.52431">
        <ele>645.9</ele>
      </trkpt>
      <trkpt lat="50.797253" lon="10.52443">
        <ele>646.8</ele>
      </trkpt>
      <trkpt lat="50.797206" lon="10.524916">
        <ele>648.1</ele>
      </trkpt>
      <trkpt lat="50.79716" lon="10.525401">
        <ele>649.5</ele>
      </trkpt>
      <trkpt lat="50.797198" lon="10.525933">
        <ele>651.3</ele>
      </trkpt>
      <trkpt lat="50.797237" lon="10.526465">
        <ele>652.3</ele>
      </trkpt>
      <trkpt lat="50.797275" lon="10.526997">
        <ele>654.1</ele>
      </trkpt>
      <trkpt lat="50.797282" lon="10.527629">
        <ele>656.0</ele>
      </trkpt>
      <trkpt lat="50.797288" lon="10.528262">
        <ele>657.3</ele>
      </trkpt>
      <trkpt lat="50.797199" lon="10.528863">
        <ele>659.0</ele>
      </trkpt>
      <trkpt lat="50.79711" lon="10.529464">
        <ele>661.4</ele>
      </trkpt>
      <trkpt lat="50.79701" lon="10.529973">
        <ele>664.5</ele>
      </trkpt>
      <trkpt lat="50.79691" lon="10.530482">
        <ele>666.9</ele>
      </trkpt>
      <trkpt lat="50.79681" lon="10.530991">
        <ele>669.6</ele>
      </trkpt>
      <trkpt lat="50.796697" lon="10.531337">
        <ele>671.6</ele>
      </trkpt>
      <trkpt lat="50.796584" lon="10.531683">
        <ele>674.2</ele>
      </trkpt>
      <trkpt lat="50.796289" lon="10.531975">
        <ele>678.2</ele>
      </trkpt>
      <trkpt lat="50.796028" lon="10.532155">
        <ele>681.0</ele>
      </trkpt>
      <trkpt lat="50.795766" lon="10.532334">
        <ele>683.3</ele>
      </trkpt>
      <trkpt lat="50.795464" lon="10.532608">
        <ele>685.2</ele>
      </trkpt>
      <trkpt lat="50.795302" lon="10.532865">
        <ele>685.6</ele>
      </trkpt>
      <trkpt lat="50.79514" lon="10.533123">
        <ele>685.8</ele>
      </trkpt>
      <trkpt lat="50.794847" lon="10.533554">
        <ele>686.7</ele>
      </trkpt>
      <trkpt lat="50.794554" lon="10.533984">
        <ele>689.2</ele>
      </trkpt>
      <trkpt lat="50.794361" lon="10.53421">
        <ele>691.4</ele>
      </trkpt>
      <trkpt lat="50.794169" lon="10.534435">
        <ele>693.6</ele>
      </trkpt>
      <trkpt lat="50.793911" lon="10.53475">
        <ele>696.6</ele>
      </trkpt>
      <trkpt lat="50.793653" lon="10.535065">
        <ele>701.5</ele>
      </trkpt>
      <trkpt lat="50.793515" lon="10.535411">
        <ele>704.5</ele>
      </trkpt>
      <trkpt lat="50.793377" lon="10.535757">
        <ele>707.1</ele>
      </trkpt>
      <trkpt lat="50.793073" lon="10.536198">
        <ele>712.0</ele>
      </trkpt>
      <trkpt lat="50.792816" lon="10.536477">
        <ele>714.5</ele>
      </trkpt>
      <trkpt lat="50.79256" lon="10.536756">
        <ele>715.6</ele>
      </trkpt>
      <trkpt lat="50.792219" lon="10.537066">
        <ele>717.0</ele>
      </trkpt>
      <trkpt lat="50.791879" lon="10.537376">
        <ele>718.4</ele>
      </trkpt>
      <trkpt lat="50.791678" lon="10.537662">
        <ele>719.1</ele>
      </trkpt>
      <trkpt lat="50.791476" lon="10.537948">
        <ele>720.4</ele>
      </trkpt>
      <trkpt lat="50.79127" lon="10.53817">
        <ele>722.4</ele>
      </trkpt>
      <trkpt lat="50.790952" lon="10.53838">
        <ele>724.7</ele>
      </trkpt>
      <trkpt lat="50.790553" lon="10.538547">
        <ele>727.3</ele>
      </trkpt>
      <trkpt lat="50.790262" lon="10.538646">
        <ele>728.4</ele>
      </trkpt>
      <trkpt lat="50.790003" lon="10.538713">
        <ele>729.2</ele>
      </trkpt>
      <trkpt lat="50.789885" lon="10.538749">
        <ele>729.1</ele>
      </trkpt>
      <trkpt lat="50.789483" lon="10.53893">
        <ele>727.4</ele>
      </trkpt>
      <trkpt lat="50.789173" lon="10.539019">
        <ele>725.6</ele>
      </trkpt>
      <trkpt lat="50.788768" lon="10.538987">
        <ele>722.4</ele>
      </trkpt>
      <trkpt lat="50.788622" lon="10.53889">
        <ele>722.4</ele>
      </trkpt>
      <trkpt lat="50.788465" lon="10.538797">
        <ele>723.1</ele>
      </trkpt>
      <trkpt lat="50.788367" lon="10.538768">
        <ele>723.3</ele>
      </trkpt>
      <trkpt lat="50.788257" lon="10.538751">
        <ele>723.2</ele>
      </trkpt>
      <trkpt lat="50.788114" lon="10.538747">
        <ele>723.3</ele>
      </trkpt>
      <trkpt lat="50.787847" lon="10.538727">
        <ele>723.9</ele>
      </trkpt>
      <trkpt lat="50.787728" lon="10.538704">
        <ele>724.2</ele>
      </trkpt>
      <trkpt lat="50.787482" lon="10.538639">
        <ele>726.1</ele>
      </trkpt>
      <trkpt lat="50.787268" lon="10.538532">
        <ele>728.5</ele>
      </trkpt>
      <trkpt lat="50.787058" lon="10.538374">
        <ele>730.2</ele>
      </trkpt>
      <trkpt lat="50.786652" lon="10.538077">
        <ele>732.8</ele>
      </trkpt>
      <trkpt lat="50.786467" lon="10.537947">
        <ele>734.0</ele>
      </trkpt>
      <trkpt lat="50.786297" lon="10.53789">
        <ele>735.1</ele>
      </trkpt>
      <trkpt lat="50.78612" lon="10.537868">
        <ele>735.2</ele>
      </trkpt>
      <trkpt lat="50.785992" lon="10.537866">
        <ele>734.7</ele>
      </trkpt>
      <trkpt lat="50.785755" lon="10.537825">
        <ele>733.3</ele>
      </trkpt>
      <trkpt lat="50.785526" lon="10.537675">
        <ele>732.9</ele>
      </trkpt>
      <trkpt lat="50.785296" lon="10.537525">
        <ele>733.9</ele>
      </trkpt>
      <trkpt lat="50.785168" lon="10.53747">
        <ele>733.5</ele>
      </trkpt>
      <trkpt lat="50.784763" lon="10.537386">
        <ele>731.8</ele>
      </trkpt>
      <trkpt lat="50.784723" lon="10.537371">
        <ele>731.6</ele>
      </trkpt>
      <trkpt lat="50.784646" lon="10.537339">
        <ele>731.1</ele>
      </trkpt>
      <trkpt lat="50.784575" lon="10.537382">
        <ele>729.8</ele>
      </trkpt>
      <trkpt lat="50.784223" lon="10.537499">
        <ele>725.1</ele>
      </trkpt>
      <trkpt lat="50.783982" lon="10.537607">
        <ele>722.3</ele>
      </trkpt>
      <trkpt lat="50.783864" lon="10.53767">
        <ele>720.9</ele>
      </trkpt>
      <trkpt lat="50.783581" lon="10.537823">
        <ele>717.8</ele>
      </trkpt>
      <trkpt lat="50.783293" lon="10.538014">
        <ele>715.2</ele>
      </trkpt>
      <trkpt lat="50.783038" lon="10.538184">
        <ele>714.6</ele>
      </trkpt>
      <trkpt lat="50.782986" lon="10.538201">
        <ele>714.7</ele>
      </trkpt>
      <trkpt lat="50.782922" lon="10.538211">
        <ele>714.9</ele>
      </trkpt>
      <trkpt lat="50.782855" lon="10.538209">
        <ele>715.0</ele>
      </trkpt>
      <trkpt lat="50.782778" lon="10.538186">
        <ele>715.4</ele>
      </trkpt>
      <trkpt lat="50.782599" lon="10.538045">
        <ele>716.6</ele>
      </trkpt>
      <trkpt lat="50.782555" lon="10.538021">
        <ele>716.9</ele>
      </trkpt>
      <trkpt lat="50.782515" lon="10.538022">
        <ele>717.1</ele>
      </trkpt>
      <trkpt lat="50.782484" lon="10.538033">
        <ele>717.2</ele>
      </trkpt>
      <trkpt lat="50.782482" lon="10.538036">
        <ele>717.2</ele>
        <name>Rennsteig, Floh, Floh-Seligenthal</name>
        <extensions>
          <oa:Extension>
            <oa:mapZoom>14</oa:mapZoom>
          </oa:Extension>
        </extensions>
      </trkpt>
      <trkpt lat="50.782431" lon="10.538088">
        <ele>716.5</ele>
      </trkpt>
      <trkpt lat="50.782396" lon="10.538142">
        <ele>715.8</ele>
      </trkpt>
      <trkpt lat="50.782389" lon="10.538176">
        <ele>715.7</ele>
      </trkpt>
      <trkpt lat="50.782377" lon="10.538283">
        <ele>715.7</ele>
      </trkpt>
      <trkpt lat="50.78239" lon="10.538365">
        <ele>716.5</ele>
      </trkpt>
      <trkpt lat="50.782427" lon="10.538507">
        <ele>717.5</ele>
      </trkpt>
      <trkpt lat="50.782497" lon="10.539182">
        <ele>720.8</ele>
      </trkpt>
      <trkpt lat="50.782566" lon="10.539857">
        <ele>726.0</ele>
      </trkpt>
      <trkpt lat="50.782643" lon="10.540301">
        <ele>731.0</ele>
      </trkpt>
      <trkpt lat="50.782721" lon="10.540859">
        <ele>735.1</ele>
      </trkpt>
      <trkpt lat="50.78287" lon="10.54133">
        <ele>737.9</ele>
      </trkpt>
      <trkpt lat="50.782997" lon="10.541683">
        <ele>739.5</ele>
      </trkpt>
      <trkpt lat="50.78321" lon="10.541971">
        <ele>741.4</ele>
      </trkpt>
      <trkpt lat="50.783322" lon="10.542126">
        <ele>741.8</ele>
      </trkpt>
      <trkpt lat="50.783465" lon="10.542409">
        <ele>742.4</ele>
      </trkpt>
      <trkpt lat="50.783638" lon="10.542653">
        <ele>743.4</ele>
      </trkpt>
      <trkpt lat="50.783812" lon="10.542896">
        <ele>745.2</ele>
      </trkpt>
      <trkpt lat="50.784099" lon="10.54329">
        <ele>747.0</ele>
      </trkpt>
      <trkpt lat="50.784424" lon="10.543777">
        <ele>750.0</ele>
      </trkpt>
      <trkpt lat="50.784516" lon="10.54392">
        <ele>750.5</ele>
      </trkpt>
      <trkpt lat="50.784576" lon="10.544058">
        <ele>750.5</ele>
      </trkpt>
      <trkpt lat="50.784613" lon="10.544152">
        <ele>750.5</ele>
      </trkpt>
      <trkpt lat="50.784636" lon="10.544219">
        <ele>750.6</ele>
      </trkpt>
      <trkpt lat="50.784587" lon="10.544783">
        <ele>750.7</ele>
      </trkpt>
      <trkpt lat="50.784517" lon="10.545195">
        <ele>750.3</ele>
      </trkpt>
      <trkpt lat="50.784431" lon="10.545688">
        <ele>749.6</ele>
      </trkpt>
      <trkpt lat="50.784346" lon="10.546181">
        <ele>749.5</ele>
      </trkpt>
      <trkpt lat="50.784257" lon="10.546675">
        <ele>750.4</ele>
      </trkpt>
      <trkpt lat="50.784173" lon="10.547076">
        <ele>750.5</ele>
      </trkpt>
      <trkpt lat="50.78408" lon="10.547458">
        <ele>751.5</ele>
      </trkpt>
      <trkpt lat="50.784045" lon="10.547626">
        <ele>752.3</ele>
      </trkpt>
      <trkpt lat="50.78402" lon="10.547808">
        <ele>753.0</ele>
      </trkpt>
      <trkpt lat="50.784003" lon="10.548015">
        <ele>753.4</ele>
      </trkpt>
      <trkpt lat="50.784026" lon="10.548445">
        <ele>754.6</ele>
      </trkpt>
      <trkpt lat="50.784049" lon="10.548876">
        <ele>755.7</ele>
      </trkpt>
      <trkpt lat="50.784069" lon="10.549496">
        <ele>757.8</ele>
      </trkpt>
      <trkpt lat="50.784089" lon="10.550117">
        <ele>760.0</ele>
      </trkpt>
      <trkpt lat="50.784101" lon="10.550803">
        <ele>760.1</ele>
      </trkpt>
      <trkpt lat="50.784149" lon="10.551377">
        <ele>758.9</ele>
      </trkpt>
      <trkpt lat="50.784197" lon="10.551951">
        <ele>757.8</ele>
      </trkpt>
      <trkpt lat="50.784247" lon="10.552607">
        <ele>756.6</ele>
      </trkpt>
      <trkpt lat="50.784295" lon="10.553059">
        <ele>754.9</ele>
      </trkpt>
      <trkpt lat="50.784322" lon="10.553418">
        <ele>753.5</ele>
      </trkpt>
      <trkpt lat="50.784349" lon="10.553778">
        <ele>752.3</ele>
      </trkpt>
      <trkpt lat="50.784432" lon="10.554275">
        <ele>751.3</ele>
      </trkpt>
      <trkpt lat="50.784528" lon="10.5549">
        <ele>750.3</ele>
      </trkpt>
      <trkpt lat="50.78457" lon="10.555425">
        <ele>749.1</ele>
      </trkpt>
      <trkpt lat="50.784561" lon="10.556018">
        <ele>747.4</ele>
      </trkpt>
      <trkpt lat="50.784515" lon="10.556689">
        <ele>746.2</ele>
      </trkpt>
      <trkpt lat="50.784498" lon="10.55714">
        <ele>745.7</ele>
      </trkpt>
      <trkpt lat="50.784495" lon="10.557764">
        <ele>745.0</ele>
      </trkpt>
      <trkpt lat="50.784471" lon="10.558243">
        <ele>744.2</ele>
      </trkpt>
      <trkpt lat="50.784388" lon="10.558609">
        <ele>743.8</ele>
      </trkpt>
      <trkpt lat="50.784234" lon="10.558946">
        <ele>743.1</ele>
      </trkpt>
      <trkpt lat="50.784103" lon="10.559198">
        <ele>742.6</ele>
      </trkpt>
      <trkpt lat="50.783979" lon="10.559399">
        <ele>742.1</ele>
      </trkpt>
      <trkpt lat="50.783846" lon="10.559606">
        <ele>741.7</ele>
      </trkpt>
      <trkpt lat="50.783573" lon="10.559989">
        <ele>741.4</ele>
      </trkpt>
      <trkpt lat="50.7833" lon="10.560373">
        <ele>741.9</ele>
      </trkpt>
      <trkpt lat="50.783098" lon="10.560673">
        <ele>742.9</ele>
      </trkpt>
      <trkpt lat="50.782916" lon="10.560926">
        <ele>743.3</ele>
      </trkpt>
      <trkpt lat="50.782657" lon="10.561186">
        <ele>744.5</ele>
      </trkpt>
      <trkpt lat="50.782399" lon="10.561445">
        <ele>745.8</ele>
      </trkpt>
      <trkpt lat="50.782207" lon="10.561685">
        <ele>746.8</ele>
      </trkpt>
      <trkpt lat="50.782016" lon="10.561925">
        <ele>747.6</ele>
      </trkpt>
      <trkpt lat="50.781761" lon="10.562184">
        <ele>748.0</ele>
      </trkpt>
      <trkpt lat="50.78137" lon="10.562483">
        <ele>747.9</ele>
      </trkpt>
      <trkpt lat="50.781016" lon="10.562654">
        <ele>747.6</ele>
      </trkpt>
      <trkpt lat="50.780663" lon="10.562826">
        <ele>747.5</ele>
      </trkpt>
      <trkpt lat="50.780247" lon="10.563045">
        <ele>747.6</ele>
      </trkpt>
      <trkpt lat="50.780043" lon="10.563151">
        <ele>747.7</ele>
      </trkpt>
      <trkpt lat="50.779857" lon="10.563345">
        <ele>747.7</ele>
      </trkpt>
      <trkpt lat="50.77961" lon="10.563668">
        <ele>748.0</ele>
      </trkpt>
      <trkpt lat="50.779428" lon="10.563908">
        <ele>748.1</ele>
      </trkpt>
      <trkpt lat="50.779348" lon="10.564054">
        <ele>747.9</ele>
      </trkpt>
      <trkpt lat="50.779151" lon="10.5643">
        <ele>747.5</ele>
      </trkpt>
      <trkpt lat="50.779014" lon="10.564435">
        <ele>747.3</ele>
      </trkpt>
      <trkpt lat="50.778854" lon="10.56455">
        <ele>746.8</ele>
      </trkpt>
      <trkpt lat="50.778704" lon="10.564575">
        <ele>746.0</ele>
      </trkpt>
      <trkpt lat="50.778527" lon="10.564573">
        <ele>745.5</ele>
      </trkpt>
      <trkpt lat="50.778205" lon="10.564513">
        <ele>744.1</ele>
      </trkpt>
      <trkpt lat="50.777901" lon="10.564375">
        <ele>743.5</ele>
      </trkpt>
      <trkpt lat="50.777834" lon="10.564359">
        <ele>743.4</ele>
      </trkpt>
      <trkpt lat="50.777497" lon="10.564253">
        <ele>742.5</ele>
      </trkpt>
      <trkpt lat="50.77716" lon="10.564147">
        <ele>742.9</ele>
      </trkpt>
      <trkpt lat="50.777044" lon="10.564123">
        <ele>743.0</ele>
      </trkpt>
      <trkpt lat="50.776675" lon="10.564044">
        <ele>743.3</ele>
      </trkpt>
      <trkpt lat="50.77637" lon="10.564013">
        <ele>744.0</ele>
      </trkpt>
      <trkpt lat="50.775968" lon="10.564098">
        <ele>745.1</ele>
      </trkpt>
      <trkpt lat="50.775652" lon="10.564164">
        <ele>746.1</ele>
      </trkpt>
      <trkpt lat="50.775351" lon="10.564293">
        <ele>746.7</ele>
      </trkpt>
      <trkpt lat="50.774991" lon="10.564486">
        <ele>747.1</ele>
      </trkpt>
      <trkpt lat="50.774733" lon="10.564612">
        <ele>747.2</ele>
      </trkpt>
      <trkpt lat="50.774491" lon="10.564786">
        <ele>747.0</ele>
      </trkpt>
      <trkpt lat="50.774254" lon="10.565089">
        <ele>747.2</ele>
      </trkpt>
      <trkpt lat="50.774072" lon="10.56533">
        <ele>746.8</ele>
      </trkpt>
      <trkpt lat="50.773891" lon="10.565572">
        <ele>746.6</ele>
      </trkpt>
      <trkpt lat="50.773706" lon="10.56578">
        <ele>746.1</ele>
      </trkpt>
      <trkpt lat="50.773521" lon="10.565988">
        <ele>745.6</ele>
      </trkpt>
      <trkpt lat="50.773289" lon="10.566256">
        <ele>744.6</ele>
      </trkpt>
      <trkpt lat="50.773152" lon="10.566373">
        <ele>744.0</ele>
      </trkpt>
      <trkpt lat="50.772939" lon="10.566452">
        <ele>743.1</ele>
      </trkpt>
      <trkpt lat="50.772585" lon="10.566587">
        <ele>739.7</ele>
      </trkpt>
      <trkpt lat="50.772393" lon="10.566682">
        <ele>736.9</ele>
      </trkpt>
      <trkpt lat="50.772199" lon="10.566755">
        <ele>734.1</ele>
      </trkpt>
      <trkpt lat="50.77209" lon="10.566758">
        <ele>732.7</ele>
      </trkpt>
      <trkpt lat="50.771881" lon="10.566656">
        <ele>730.3</ele>
      </trkpt>
      <trkpt lat="50.771598" lon="10.566458">
        <ele>726.2</ele>
      </trkpt>
      <trkpt lat="50.771314" lon="10.566259">
        <ele>722.1</ele>
      </trkpt>
      <trkpt lat="50.771168" lon="10.566077">
        <ele>720.3</ele>
      </trkpt>
      <trkpt lat="50.771" lon="10.565778">
        <ele>718.5</ele>
      </trkpt>
      <trkpt lat="50.770904" lon="10.565643">
        <ele>717.8</ele>
      </trkpt>
      <trkpt lat="50.770791" lon="10.565485">
        <ele>717.0</ele>
      </trkpt>
      <trkpt lat="50.770698" lon="10.565389">
        <ele>716.4</ele>
      </trkpt>
      <trkpt lat="50.770613" lon="10.56533">
        <ele>716.1</ele>
      </trkpt>
      <trkpt lat="50.770543" lon="10.565297">
        <ele>715.8</ele>
        <name>Naturpark Thüringer Wald, Tambach-Dietharz</name>
        <extensions>
          <oa:Extension>
            <oa:mapZoom>14</oa:mapZoom>
          </oa:Extension>
        </extensions>
      </trkpt>
      <trkpt lat="50.770464" lon="10.56526">
        <ele>715.4</ele>
      </trkpt>
      <trkpt lat="50.770418" lon="10.565232">
        <ele>715.1</ele>
      </trkpt>
      <trkpt lat="50.77036" lon="10.565167">
        <ele>714.9</ele>
      </trkpt>
      <trkpt lat="50.770323" lon="10.565101">
        <ele>714.8</ele>
      </trkpt>
      <trkpt lat="50.770284" lon="10.565031">
        <ele>714.5</ele>
      </trkpt>
      <trkpt lat="50.770234" lon="10.564967">
        <ele>714.6</ele>
      </trkpt>
      <trkpt lat="50.770306" lon="10.564797">
        <ele>714.5</ele>
      </trkpt>
      <trkpt lat="50.770484" lon="10.564476">
        <ele>714.0</ele>
      </trkpt>
      <trkpt lat="50.770645" lon="10.564294">
        <ele>713.2</ele>
      </trkpt>
      <trkpt lat="50.770879" lon="10.564032">
        <ele>712.0</ele>
      </trkpt>
      <trkpt lat="50.771115" lon="10.563816">
        <ele>710.6</ele>
      </trkpt>
      <trkpt lat="50.771387" lon="10.563583">
        <ele>709.0</ele>
      </trkpt>
      <trkpt lat="50.771659" lon="10.563351">
        <ele>707.4</ele>
      </trkpt>
      <trkpt lat="50.771821" lon="10.563198">
        <ele>706.4</ele>
      </trkpt>
      <trkpt lat="50.772136" lon="10.562758">
        <ele>704.1</ele>
      </trkpt>
      <trkpt lat="50.772451" lon="10.562318">
        <ele>701.8</ele>
      </trkpt>
      <trkpt lat="50.772696" lon="10.561946">
        <ele>699.9</ele>
      </trkpt>
      <trkpt lat="50.77294" lon="10.561574">
        <ele>697.9</ele>
      </trkpt>
      <trkpt lat="50.773184" lon="10.561201">
        <ele>695.8</ele>
      </trkpt>
      <trkpt lat="50.773392" lon="10.560935">
        <ele>694.1</ele>
      </trkpt>
      <trkpt lat="50.773599" lon="10.560669">
        <ele>692.6</ele>
      </trkpt>
      <trkpt lat="50.773845" lon="10.56042">
        <ele>690.7</ele>
      </trkpt>
      <trkpt lat="50.774091" lon="10.560172">
        <ele>688.9</ele>
      </trkpt>
      <trkpt lat="50.774293" lon="10.559983">
        <ele>687.4</ele>
        <name>L 1028, Schnellbach, Floh-Seligenthal</name>
        <extensions>
          <oa:Extension>
            <oa:mapZoom>14</oa:mapZoom>
          </oa:Extension>
        </extensions>
      </trkpt>
      <trkpt lat="50.774495" lon="10.559795">
        <ele>685.8</ele>
      </trkpt>
      <trkpt lat="50.774843" lon="10.559395">
        <ele>683.1</ele>
      </trkpt>
      <trkpt lat="50.775112" lon="10.559006">
        <ele>680.7</ele>
      </trkpt>
      <trkpt lat="50.775381" lon="10.558617">
        <ele>678.3</ele>
      </trkpt>
      <trkpt lat="50.775649" lon="10.558228">
        <ele>675.8</ele>
      </trkpt>
      <trkpt lat="50.775835" lon="10.557999">
        <ele>674.2</ele>
      </trkpt>
      <trkpt lat="50.776039" lon="10.557784">
        <ele>672.7</ele>
      </trkpt>
      <trkpt lat="50.776424" lon="10.557556">
        <ele>670.0</ele>
      </trkpt>
      <trkpt lat="50.776843" lon="10.557418">
        <ele>667.3</ele>
      </trkpt>
      <trkpt lat="50.777212" lon="10.55732">
        <ele>664.8</ele>
      </trkpt>
      <trkpt lat="50.777541" lon="10.55723">
        <ele>662.6</ele>
      </trkpt>
      <trkpt lat="50.777871" lon="10.55714">
        <ele>660.4</ele>
      </trkpt>
      <trkpt lat="50.77818" lon="10.557047">
        <ele>658.9</ele>
      </trkpt>
      <trkpt lat="50.778257" lon="10.556984">
        <ele>658.6</ele>
      </trkpt>
      <trkpt lat="50.778311" lon="10.556902">
        <ele>658.2</ele>
      </trkpt>
      <trkpt lat="50.778342" lon="10.556816">
        <ele>657.9</ele>
      </trkpt>
      <trkpt lat="50.778363" lon="10.556681">
        <ele>657.4</ele>
      </trkpt>
      <trkpt lat="50.778355" lon="10.556565">
        <ele>657.0</ele>
      </trkpt>
      <trkpt lat="50.778333" lon="10.556469">
        <ele>656.7</ele>
      </trkpt>
      <trkpt lat="50.778303" lon="10.556389">
        <ele>656.4</ele>
      </trkpt>
      <trkpt lat="50.778252" lon="10.556303">
        <ele>656.0</ele>
      </trkpt>
      <trkpt lat="50.777984" lon="10.555995">
        <ele>653.9</ele>
      </trkpt>
      <trkpt lat="50.777689" lon="10.555701">
        <ele>651.5</ele>
      </trkpt>
      <trkpt lat="50.777403" lon="10.555387">
        <ele>649.1</ele>
      </trkpt>
      <trkpt lat="50.777127" lon="10.555128">
        <ele>646.9</ele>
      </trkpt>
      <trkpt lat="50.776787" lon="10.554894">
        <ele>644.5</ele>
      </trkpt>
      <trkpt lat="50.7764" lon="10.554668">
        <ele>641.7</ele>
      </trkpt>
      <trkpt lat="50.776047" lon="10.554464">
        <ele>639.2</ele>
      </trkpt>
      <trkpt lat="50.775761" lon="10.554174">
        <ele>636.9</ele>
      </trkpt>
      <trkpt lat="50.775507" lon="10.553874">
        <ele>634.9</ele>
      </trkpt>
      <trkpt lat="50.775316" lon="10.553565">
        <ele>633.1</ele>
      </trkpt>
      <trkpt lat="50.775202" lon="10.553376">
        <ele>632.1</ele>
      </trkpt>
      <trkpt lat="50.774946" lon="10.552859">
        <ele>629.5</ele>
      </trkpt>
      <trkpt lat="50.77485" lon="10.552582">
        <ele>628.3</ele>
        <name>L 1028, Schnellbach, Floh-Seligenthal</name>
        <extensions>
          <oa:Extension>
            <oa:mapZoom>14</oa:mapZoom>
          </oa:Extension>
        </extensions>
      </trkpt>
      <trkpt lat="50.774801" lon="10.552441">
        <ele>627.6</ele>
      </trkpt>
      <trkpt lat="50.7747" lon="10.552022">
        <ele>625.7</ele>
      </trkpt>
      <trkpt lat="50.774631" lon="10.551631">
        <ele>623.8</ele>
      </trkpt>
      <trkpt lat="50.774601" lon="10.551288">
        <ele>622.2</ele>
      </trkpt>
      <trkpt lat="50.774592" lon="10.55119">
        <ele>621.8</ele>
      </trkpt>
      <trkpt lat="50.774586" lon="10.550742">
        <ele>619.8</ele>
      </trkpt>
      <trkpt lat="50.77458" lon="10.550293">
        <ele>617.9</ele>
      </trkpt>
      <trkpt lat="50.7746" lon="10.549862">
        <ele>616.0</ele>
      </trkpt>
      <trkpt lat="50.77462" lon="10.549431">
        <ele>614.1</ele>
      </trkpt>
      <trkpt lat="50.774644" lon="10.549035">
        <ele>612.4</ele>
      </trkpt>
      <trkpt lat="50.774669" lon="10.548662">
        <ele>610.8</ele>
      </trkpt>
      <trkpt lat="50.774686" lon="10.548296">
        <ele>609.3</ele>
      </trkpt>
      <trkpt lat="50.774704" lon="10.54793">
        <ele>607.8</ele>
      </trkpt>
      <trkpt lat="50.774718" lon="10.547244">
        <ele>604.9</ele>
      </trkpt>
      <trkpt lat="50.774718" lon="10.5469">
        <ele>603.9</ele>
      </trkpt>
      <trkpt lat="50.774684" lon="10.546665">
        <ele>603.4</ele>
      </trkpt>
      <trkpt lat="50.774629" lon="10.546529">
        <ele>603.3</ele>
      </trkpt>
      <trkpt lat="50.774544" lon="10.546452">
        <ele>603.3</ele>
      </trkpt>
      <trkpt lat="50.774447" lon="10.546432">
        <ele>603.4</ele>
      </trkpt>
      <trkpt lat="50.774344" lon="10.5465">
        <ele>603.3</ele>
      </trkpt>
      <trkpt lat="50.774284" lon="10.546618">
        <ele>603.0</ele>
      </trkpt>
      <trkpt lat="50.774203" lon="10.546906">
        <ele>601.9</ele>
      </trkpt>
      <trkpt lat="50.774101" lon="10.54729">
        <ele>600.1</ele>
      </trkpt>
      <trkpt lat="50.773976" lon="10.547635">
        <ele>598.6</ele>
      </trkpt>
      <trkpt lat="50.773829" lon="10.547941">
        <ele>597.0</ele>
      </trkpt>
      <trkpt lat="50.773734" lon="10.548043">
        <ele>596.2</ele>
      </trkpt>
      <trkpt lat="50.773625" lon="10.548102">
        <ele>595.3</ele>
      </trkpt>
      <trkpt lat="50.773516" lon="10.548127">
        <ele>594.5</ele>
      </trkpt>
      <trkpt lat="50.773392" lon="10.548114">
        <ele>593.6</ele>
      </trkpt>
      <trkpt lat="50.773225" lon="10.548049">
        <ele>592.4</ele>
      </trkpt>
      <trkpt lat="50.773048" lon="10.547883">
        <ele>590.9</ele>
      </trkpt>
      <trkpt lat="50.772839" lon="10.547654">
        <ele>589.1</ele>
      </trkpt>
      <trkpt lat="50.77263" lon="10.547425">
        <ele>587.3</ele>
      </trkpt>
      <trkpt lat="50.772265" lon="10.547054">
        <ele>584.2</ele>
      </trkpt>
      <trkpt lat="50.772037" lon="10.546761">
        <ele>582.2</ele>
      </trkpt>
      <trkpt lat="50.771809" lon="10.546467">
        <ele>580.1</ele>
      </trkpt>
      <trkpt lat="50.7718" lon="10.546455">
        <ele>580.0</ele>
        <name>L 1028, Schnellbach, Floh-Seligenthal</name>
        <extensions>
          <oa:Extension>
            <oa:mapZoom>14</oa:mapZoom>
          </oa:Extension>
        </extensions>
      </trkpt>
      <trkpt lat="50.771476" lon="10.546015">
        <ele>577.0</ele>
      </trkpt>
      <trkpt lat="50.771116" lon="10.545621">
        <ele>573.9</ele>
      </trkpt>
      <trkpt lat="50.770853" lon="10.545409">
        <ele>571.7</ele>
      </trkpt>
      <trkpt lat="50.770531" lon="10.545227">
        <ele>569.3</ele>
      </trkpt>
      <trkpt lat="50.770429" lon="10.545082">
        <ele>568.2</ele>
      </trkpt>
      <trkpt lat="50.770317" lon="10.544825">
        <ele>566.7</ele>
      </trkpt>
      <trkpt lat="50.77024" lon="10.544631">
        <ele>565.7</ele>
      </trkpt>
      <trkpt lat="50.770122" lon="10.544427">
        <ele>564.5</ele>
      </trkpt>
      <trkpt lat="50.770001" lon="10.54428">
        <ele>563.5</ele>
      </trkpt>
      <trkpt lat="50.769933" lon="10.544218">
        <ele>563.0</ele>
      </trkpt>
      <trkpt lat="50.769855" lon="10.544148">
        <ele>562.5</ele>
      </trkpt>
      <trkpt lat="50.769512" lon="10.543914">
        <ele>560.1</ele>
      </trkpt>
      <trkpt lat="50.769111" lon="10.54371">
        <ele>557.5</ele>
      </trkpt>
      <trkpt lat="50.768804" lon="10.543397">
        <ele>555.4</ele>
      </trkpt>
      <trkpt lat="50.768676" lon="10.543239">
        <ele>554.5</ele>
      </trkpt>
      <trkpt lat="50.768477" lon="10.54298">
        <ele>553.0</ele>
      </trkpt>
      <trkpt lat="50.768373" lon="10.542849">
        <ele>552.3</ele>
      </trkpt>
      <trkpt lat="50.768268" lon="10.542759">
        <ele>551.6</ele>
      </trkpt>
      <trkpt lat="50.768052" lon="10.542562">
        <ele>550.2</ele>
      </trkpt>
      <trkpt lat="50.767654" lon="10.542308">
        <ele>547.8</ele>
      </trkpt>
      <trkpt lat="50.767254" lon="10.54203">
        <ele>545.4</ele>
      </trkpt>
      <trkpt lat="50.766865" lon="10.541746">
        <ele>543.0</ele>
      </trkpt>
      <trkpt lat="50.766487" lon="10.541397">
        <ele>540.6</ele>
      </trkpt>
      <trkpt lat="50.766189" lon="10.54101">
        <ele>538.5</ele>
      </trkpt>
      <trkpt lat="50.766015" lon="10.540764">
        <ele>537.3</ele>
      </trkpt>
      <trkpt lat="50.765842" lon="10.540517">
        <ele>535.9</ele>
      </trkpt>
      <trkpt lat="50.765613" lon="10.540212">
        <ele>534.2</ele>
      </trkpt>
      <trkpt lat="50.765434" lon="10.54">
        <ele>532.9</ele>
      </trkpt>
      <trkpt lat="50.76537" lon="10.539921">
        <ele>532.4</ele>
      </trkpt>
      <trkpt lat="50.765146" lon="10.539805">
        <ele>531.2</ele>
      </trkpt>
      <trkpt lat="50.765081" lon="10.53976">
        <ele>530.9</ele>
      </trkpt>
      <trkpt lat="50.764998" lon="10.539686">
        <ele>530.5</ele>
      </trkpt>
      <trkpt lat="50.764915" lon="10.539494">
        <ele>529.7</ele>
      </trkpt>
      <trkpt lat="50.764839" lon="10.539271">
        <ele>528.9</ele>
      </trkpt>
      <trkpt lat="50.764782" lon="10.539068">
        <ele>528.3</ele>
      </trkpt>
      <trkpt lat="50.764741" lon="10.538828">
        <ele>527.6</ele>
      </trkpt>
      <trkpt lat="50.76471" lon="10.538517">
        <ele>526.9</ele>
      </trkpt>
      <trkpt lat="50.764667" lon="10.537849">
        <ele>525.3</ele>
      </trkpt>
      <trkpt lat="50.764549" lon="10.537283">
        <ele>523.6</ele>
      </trkpt>
      <trkpt lat="50.764478" lon="10.537001">
        <ele>522.7</ele>
      </trkpt>
      <trkpt lat="50.764395" lon="10.536693">
        <ele>521.7</ele>
      </trkpt>
      <trkpt lat="50.764325" lon="10.536477">
        <ele>520.9</ele>
        <name>Naturpark Thüringer Wald, Schnellbach, Floh-Seligenthal</name>
        <extensions>
          <oa:Extension>
            <oa:mapZoom>14</oa:mapZoom>
          </oa:Extension>
        </extensions>
      </trkpt>
      <trkpt lat="50.764214" lon="10.536139">
        <ele>519.8</ele>
      </trkpt>
      <trkpt lat="50.764153" lon="10.535938">
        <ele>519.2</ele>
      </trkpt>
      <trkpt lat="50.764091" lon="10.535649">
        <ele>518.4</ele>
      </trkpt>
      <trkpt lat="50.764077" lon="10.535368">
        <ele>517.6</ele>
      </trkpt>
      <trkpt lat="50.764098" lon="10.535034">
        <ele>516.6</ele>
      </trkpt>
      <trkpt lat="50.764181" lon="10.534349">
        <ele>514.6</ele>
      </trkpt>
      <trkpt lat="50.764223" lon="10.534027">
        <ele>513.7</ele>
      </trkpt>
      <trkpt lat="50.764255" lon="10.5336">
        <ele>512.5</ele>
      </trkpt>
      <trkpt lat="50.764293" lon="10.533181">
        <ele>511.4</ele>
      </trkpt>
      <trkpt lat="50.764291" lon="10.532989">
        <ele>510.7</ele>
      </trkpt>
      <trkpt lat="50.764264" lon="10.532844">
        <ele>510.2</ele>
      </trkpt>
      <trkpt lat="50.764214" lon="10.532699">
        <ele>509.5</ele>
      </trkpt>
      <trkpt lat="50.764132" lon="10.532556">
        <ele>508.7</ele>
      </trkpt>
      <trkpt lat="50.763946" lon="10.532366">
        <ele>507.3</ele>
      </trkpt>
      <trkpt lat="50.763824" lon="10.532221">
        <ele>506.3</ele>
      </trkpt>
      <trkpt lat="50.763742" lon="10.532057">
        <ele>505.4</ele>
      </trkpt>
      <trkpt lat="50.763695" lon="10.531856">
        <ele>504.6</ele>
      </trkpt>
      <trkpt lat="50.763687" lon="10.531717">
        <ele>504.0</ele>
      </trkpt>
      <trkpt lat="50.763712" lon="10.531538">
        <ele>503.3</ele>
      </trkpt>
      <trkpt lat="50.763757" lon="10.531379">
        <ele>502.6</ele>
      </trkpt>
      <trkpt lat="50.763809" lon="10.531162">
        <ele>501.5</ele>
      </trkpt>
      <trkpt lat="50.763825" lon="10.531022">
        <ele>500.9</ele>
      </trkpt>
      <trkpt lat="50.763828" lon="10.530867">
        <ele>500.1</ele>
      </trkpt>
      <trkpt lat="50.763819" lon="10.530712">
        <ele>499.3</ele>
      </trkpt>
      <trkpt lat="50.76381" lon="10.530621">
        <ele>498.8</ele>
      </trkpt>
      <trkpt lat="50.763767" lon="10.530338">
        <ele>497.4</ele>
      </trkpt>
      <trkpt lat="50.763722" lon="10.53018">
        <ele>496.7</ele>
      </trkpt>
      <trkpt lat="50.763628" lon="10.529931">
        <ele>495.4</ele>
      </trkpt>
      <trkpt lat="50.763538" lon="10.529735">
        <ele>494.4</ele>
      </trkpt>
      <trkpt lat="50.763449" lon="10.529561">
        <ele>493.4</ele>
      </trkpt>
      <trkpt lat="50.763165" lon="10.529035">
        <ele>490.2</ele>
      </trkpt>
      <trkpt lat="50.762982" lon="10.528706">
        <ele>488.1</ele>
      </trkpt>
      <trkpt lat="50.762753" lon="10.528306">
        <ele>485.7</ele>
      </trkpt>
      <trkpt lat="50.762642" lon="10.528116">
        <ele>484.7</ele>
      </trkpt>
      <trkpt lat="50.762391" lon="10.527685">
        <ele>482.9</ele>
      </trkpt>
      <trkpt lat="50.762176" lon="10.527362">
        <ele>481.6</ele>
      </trkpt>
      <trkpt lat="50.76196" lon="10.527039">
        <ele>480.1</ele>
      </trkpt>
      <trkpt lat="50.761795" lon="10.526784">
        <ele>478.8</ele>
      </trkpt>
      <trkpt lat="50.761631" lon="10.526529">
        <ele>477.6</ele>
      </trkpt>
      <trkpt lat="50.76143" lon="10.526201">
        <ele>476.1</ele>
      </trkpt>
      <trkpt lat="50.761229" lon="10.525872">
        <ele>474.7</ele>
      </trkpt>
      <trkpt lat="50.761007" lon="10.525582">
        <ele>473.2</ele>
      </trkpt>
      <trkpt lat="50.760785" lon="10.525291">
        <ele>471.2</ele>
      </trkpt>
      <trkpt lat="50.760477" lon="10.524847">
        <ele>467.7</ele>
      </trkpt>
      <trkpt lat="50.760237" lon="10.524518">
        <ele>465.4</ele>
      </trkpt>
      <trkpt lat="50.760202" lon="10.524454">
        <ele>465.0</ele>
        <name>L 1028, Schnellbach, Floh-Seligenthal</name>
        <extensions>
          <oa:Extension>
            <oa:mapZoom>14</oa:mapZoom>
          </oa:Extension>
        </extensions>
      </trkpt>
      <trkpt lat="50.76013" lon="10.524319">
        <ele>464.1</ele>
      </trkpt>
      <trkpt lat="50.760069" lon="10.524173">
        <ele>463.3</ele>
      </trkpt>
      <trkpt lat="50.760031" lon="10.524012">
        <ele>462.6</ele>
      </trkpt>
      <trkpt lat="50.760006" lon="10.523855">
        <ele>462.0</ele>
      </trkpt>
      <trkpt lat="50.76" lon="10.52369">
        <ele>461.5</ele>
      </trkpt>
      <trkpt lat="50.760018" lon="10.523442">
        <ele>460.7</ele>
      </trkpt>
      <trkpt lat="50.760025" lon="10.523169">
        <ele>460.0</ele>
      </trkpt>
      <trkpt lat="50.75999" lon="10.522806">
        <ele>459.2</ele>
      </trkpt>
      <trkpt lat="50.759927" lon="10.522471">
        <ele>458.6</ele>
      </trkpt>
      <trkpt lat="50.759802" lon="10.521999">
        <ele>457.7</ele>
      </trkpt>
      <trkpt lat="50.759716" lon="10.521683">
        <ele>457.1</ele>
      </trkpt>
      <trkpt lat="50.759598" lon="10.521276">
        <ele>456.2</ele>
      </trkpt>
      <trkpt lat="50.759454" lon="10.521449">
        <ele>456.0</ele>
      </trkpt>
      <trkpt lat="50.759393" lon="10.521521">
        <ele>456.1</ele>
      </trkpt>
      <trkpt lat="50.759269" lon="10.521679">
        <ele>456.3</ele>
      </trkpt>
      <trkpt lat="50.759111" lon="10.521344">
        <ele>455.7</ele>
      </trkpt>
      <trkpt lat="50.758952" lon="10.521008">
        <ele>454.3</ele>
      </trkpt>
      <trkpt lat="50.758593" lon="10.520826">
        <ele>453.8</ele>
      </trkpt>
      <trkpt lat="50.758233" lon="10.520643">
        <ele>455.7</ele>
      </trkpt>
      <trkpt lat="50.757962" lon="10.520332">
        <ele>451.0</ele>
      </trkpt>
      <trkpt lat="50.75769" lon="10.520021">
        <ele>452.5</ele>
      </trkpt>
      <trkpt lat="50.757419" lon="10.51971">
        <ele>451.0</ele>
      </trkpt>
      <trkpt lat="50.757215" lon="10.519501">
        <ele>451.4</ele>
      </trkpt>
      <trkpt lat="50.757011" lon="10.519291">
        <ele>451.7</ele>
      </trkpt>
      <trkpt lat="50.756896" lon="10.518916">
        <ele>449.1</ele>
      </trkpt>
      <trkpt lat="50.756735" lon="10.51851">
        <ele>448.2</ele>
      </trkpt>
      <trkpt lat="50.756573" lon="10.518103">
        <ele>442.7</ele>
      </trkpt>
      <trkpt lat="50.756374" lon="10.51773">
        <ele>440.6</ele>
      </trkpt>
      <trkpt lat="50.75617" lon="10.517188">
        <ele>437.6</ele>
      </trkpt>
      <trkpt lat="50.755932" lon="10.516724">
        <ele>437.5</ele>
      </trkpt>
      <trkpt lat="50.756276" lon="10.516462">
        <ele>436.8</ele>
      </trkpt>
      <trkpt lat="50.756334" lon="10.516419">
        <ele>436.8</ele>
      </trkpt>
      <trkpt lat="50.756437" lon="10.516371">
        <ele>436.7</ele>
      </trkpt>
      <trkpt lat="50.75632" lon="10.515864">
        <ele>436.0</ele>
      </trkpt>
      <trkpt lat="50.756203" lon="10.515358">
        <ele>435.4</ele>
      </trkpt>
      <trkpt lat="50.756066" lon="10.514797">
        <ele>434.6</ele>
      </trkpt>
      <trkpt lat="50.75593" lon="10.514237">
        <ele>433.8</ele>
      </trkpt>
      <trkpt lat="50.755777" lon="10.513628">
        <ele>433.2</ele>
      </trkpt>
      <trkpt lat="50.755624" lon="10.513018">
        <ele>432.6</ele>
      </trkpt>
      <trkpt lat="50.755565" lon="10.512784">
        <ele>432.4</ele>
      </trkpt>
      <trkpt lat="50.755475" lon="10.512421">
        <ele>432.1</ele>
      </trkpt>
      <trkpt lat="50.755385" lon="10.512057">
        <ele>431.7</ele>
      </trkpt>
      <trkpt lat="50.755308" lon="10.511668">
        <ele>430.6</ele>
      </trkpt>
      <trkpt lat="50.755271" lon="10.511399">
        <ele>429.6</ele>
        <name>L 1028, Schnellbach, Floh-Seligenthal</name>
        <extensions>
          <oa:Extension>
            <oa:mapZoom>14</oa:mapZoom>
          </oa:Extension>
        </extensions>
      </trkpt>
      <trkpt lat="50.755254" lon="10.511278">
        <ele>429.2</ele>
      </trkpt>
      <trkpt lat="50.755181" lon="10.510771">
        <ele>427.2</ele>
      </trkpt>
      <trkpt lat="50.755108" lon="10.510264">
        <ele>425.4</ele>
      </trkpt>
      <trkpt lat="50.755013" lon="10.509591">
        <ele>423.4</ele>
      </trkpt>
      <trkpt lat="50.754917" lon="10.508919">
        <ele>421.6</ele>
      </trkpt>
      <trkpt lat="50.754855" lon="10.50833">
        <ele>419.9</ele>
      </trkpt>
      <trkpt lat="50.754818" lon="10.507891">
        <ele>418.6</ele>
      </trkpt>
      <trkpt lat="50.754781" lon="10.507451">
        <ele>417.3</ele>
      </trkpt>
      <trkpt lat="50.754736" lon="10.506843">
        <ele>415.6</ele>
      </trkpt>
      <trkpt lat="50.754693" lon="10.506263">
        <ele>414.1</ele>
      </trkpt>
      <trkpt lat="50.754649" lon="10.505683">
        <ele>412.3</ele>
      </trkpt>
      <trkpt lat="50.754606" lon="10.505102">
        <ele>410.6</ele>
      </trkpt>
      <trkpt lat="50.754563" lon="10.50448">
        <ele>408.8</ele>
      </trkpt>
      <trkpt lat="50.75459" lon="10.504299">
        <ele>407.9</ele>
      </trkpt>
      <trkpt lat="50.754637" lon="10.504161">
        <ele>407.2</ele>
      </trkpt>
      <trkpt lat="50.754791" lon="10.503859">
        <ele>405.2</ele>
      </trkpt>
      <trkpt lat="50.754933" lon="10.503565">
        <ele>403.4</ele>
      </trkpt>
      <trkpt lat="50.755075" lon="10.50327">
        <ele>401.5</ele>
      </trkpt>
      <trkpt lat="50.75505" lon="10.503232">
        <ele>401.4</ele>
      </trkpt>
      <trkpt lat="50.754973" lon="10.503221">
        <ele>401.5</ele>
        <name>L 1028, Schnellbach, Floh-Seligenthal</name>
        <extensions>
          <oa:Extension>
            <oa:mapZoom>14</oa:mapZoom>
          </oa:Extension>
        </extensions>
      </trkpt>
      <trkpt lat="50.754885" lon="10.50324">
        <ele>401.6</ele>
      </trkpt>
      <trkpt lat="50.75466" lon="10.503329">
        <ele>402.1</ele>
      </trkpt>
      <trkpt lat="50.754625" lon="10.503343">
        <ele>402.2</ele>
      </trkpt>
      <trkpt lat="50.754525" lon="10.503387">
        <ele>402.3</ele>
      </trkpt>
      <trkpt lat="50.754422" lon="10.50345">
        <ele>402.4</ele>
      </trkpt>
      <trkpt lat="50.754209" lon="10.503641">
        <ele>402.9</ele>
      </trkpt>
      <trkpt lat="50.753852" lon="10.504007">
        <ele>404.2</ele>
      </trkpt>
      <trkpt lat="50.753818" lon="10.504041">
        <ele>404.3</ele>
      </trkpt>
      <trkpt lat="50.75349" lon="10.504393">
        <ele>405.4</ele>
      </trkpt>
      <trkpt lat="50.753113" lon="10.504761">
        <ele>406.8</ele>
      </trkpt>
      <trkpt lat="50.752965" lon="10.504905">
        <ele>407.4</ele>
      </trkpt>
      <trkpt lat="50.752753" lon="10.505108">
        <ele>408.5</ele>
      </trkpt>
      <trkpt lat="50.752731" lon="10.505119">
        <ele>408.6</ele>
      </trkpt>
      <trkpt lat="50.752592" lon="10.505187">
        <ele>409.2</ele>
      </trkpt>
      <trkpt lat="50.752181" lon="10.505293">
        <ele>411.2</ele>
      </trkpt>
      <trkpt lat="50.751769" lon="10.5054">
        <ele>412.8</ele>
      </trkpt>
      <trkpt lat="50.751358" lon="10.505506">
        <ele>414.7</ele>
      </trkpt>
      <trkpt lat="50.750946" lon="10.505612">
        <ele>416.6</ele>
      </trkpt>
      <trkpt lat="50.750743" lon="10.505665">
        <ele>417.6</ele>
      </trkpt>
      <trkpt lat="50.750566" lon="10.50571">
        <ele>418.4</ele>
      </trkpt>
      <trkpt lat="50.750307" lon="10.505777">
        <ele>419.7</ele>
        <name>L 1117, Landkreis Schmalkalden-Meiningen</name>
        <extensions>
          <oa:Extension>
            <oa:mapZoom>14</oa:mapZoom>
          </oa:Extension>
        </extensions>
      </trkpt>
      <trkpt lat="50.75027" lon="10.505787">
        <ele>419.9</ele>
      </trkpt>
      <trkpt lat="50.7499" lon="10.505871">
        <ele>422.0</ele>
      </trkpt>
      <trkpt lat="50.74953" lon="10.505956">
        <ele>423.4</ele>
      </trkpt>
      <trkpt lat="50.749521" lon="10.505897">
        <ele>423.4</ele>
      </trkpt>
      <trkpt lat="50.749477" lon="10.505834">
        <ele>423.5</ele>
      </trkpt>
      <trkpt lat="50.749328" lon="10.505856">
        <ele>423.7</ele>
      </trkpt>
      <trkpt lat="50.749296" lon="10.505904">
        <ele>423.8</ele>
      </trkpt>
      <trkpt lat="50.749295" lon="10.505984">
        <ele>423.7</ele>
      </trkpt>
      <trkpt lat="50.749171" lon="10.505988">
        <ele>423.8</ele>
      </trkpt>
      <trkpt lat="50.749132" lon="10.505989">
        <ele>423.8</ele>
      </trkpt>
      <trkpt lat="50.749085" lon="10.505992">
        <ele>423.9</ele>
      </trkpt>
      <trkpt lat="50.748834" lon="10.506">
        <ele>424.0</ele>
      </trkpt>
      <trkpt lat="50.748583" lon="10.506008">
        <ele>424.2</ele>
      </trkpt>
      <trkpt lat="50.748303" lon="10.506034">
        <ele>424.5</ele>
      </trkpt>
      <trkpt lat="50.748022" lon="10.50606">
        <ele>424.9</ele>
      </trkpt>
      <trkpt lat="50.747796" lon="10.506107">
        <ele>425.3</ele>
      </trkpt>
      <trkpt lat="50.747675" lon="10.506137">
        <ele>425.4</ele>
      </trkpt>
      <trkpt lat="50.747556" lon="10.506176">
        <ele>425.5</ele>
      </trkpt>
      <trkpt lat="50.747186" lon="10.506346">
        <ele>426.2</ele>
      </trkpt>
      <trkpt lat="50.746982" lon="10.506445">
        <ele>426.8</ele>
      </trkpt>
      <trkpt lat="50.746702" lon="10.506619">
        <ele>427.5</ele>
      </trkpt>
      <trkpt lat="50.746535" lon="10.506744">
        <ele>428.2</ele>
      </trkpt>
      <trkpt lat="50.746386" lon="10.50685">
        <ele>428.6</ele>
      </trkpt>
      <trkpt lat="50.746174" lon="10.506969">
        <ele>429.5</ele>
      </trkpt>
      <trkpt lat="50.74605" lon="10.50704">
        <ele>430.0</ele>
      </trkpt>
      <trkpt lat="50.7459" lon="10.507138">
        <ele>430.8</ele>
      </trkpt>
      <trkpt lat="50.74586" lon="10.507173">
        <ele>431.0</ele>
        <name>L 1117, Landkreis Schmalkalden-Meiningen</name>
        <extensions>
          <oa:Extension>
            <oa:mapZoom>14</oa:mapZoom>
          </oa:Extension>
        </extensions>
      </trkpt>
      <trkpt lat="50.745825" lon="10.507203">
        <ele>431.2</ele>
      </trkpt>
      <trkpt lat="50.745732" lon="10.5073">
        <ele>431.7</ele>
      </trkpt>
      <trkpt lat="50.745672" lon="10.507373">
        <ele>432.0</ele>
      </trkpt>
      <trkpt lat="50.745537" lon="10.507569">
        <ele>433.1</ele>
      </trkpt>
      <trkpt lat="50.745454" lon="10.507704">
        <ele>434.0</ele>
      </trkpt>
      <trkpt lat="50.745382" lon="10.507757">
        <ele>434.6</ele>
      </trkpt>
      <trkpt lat="50.745323" lon="10.508219">
        <ele>437.5</ele>
      </trkpt>
      <trkpt lat="50.745225" lon="10.508567">
        <ele>440.4</ele>
      </trkpt>
      <trkpt lat="50.745213" lon="10.50861">
        <ele>440.7</ele>
      </trkpt>
      <trkpt lat="50.745165" lon="10.508587">
        <ele>441.0</ele>
      </trkpt>
      <trkpt lat="50.744942" lon="10.50853">
        <ele>442.6</ele>
      </trkpt>
      <trkpt lat="50.744765" lon="10.508616">
        <ele>443.3</ele>
      </trkpt>
      <trkpt lat="50.744546" lon="10.508737">
        <ele>444.8</ele>
      </trkpt>
      <trkpt lat="50.744389" lon="10.508776">
        <ele>445.6</ele>
      </trkpt>
      <trkpt lat="50.744076" lon="10.508798">
        <ele>446.1</ele>
      </trkpt>
      <trkpt lat="50.743988" lon="10.508832">
        <ele>446.2</ele>
      </trkpt>
      <trkpt lat="50.743799" lon="10.508926">
        <ele>446.2</ele>
      </trkpt>
      <trkpt lat="50.743667" lon="10.509049">
        <ele>446.9</ele>
      </trkpt>
      <trkpt lat="50.74349" lon="10.509338">
        <ele>447.7</ele>
      </trkpt>
      <trkpt lat="50.743386" lon="10.509494">
        <ele>448.1</ele>
      </trkpt>
      <trkpt lat="50.743281" lon="10.509575">
        <ele>448.5</ele>
      </trkpt>
      <trkpt lat="50.74304" lon="10.509763">
        <ele>449.3</ele>
      </trkpt>
      <trkpt lat="50.742844" lon="10.509912">
        <ele>450.3</ele>
      </trkpt>
      <trkpt lat="50.742732" lon="10.510028">
        <ele>451.0</ele>
      </trkpt>
      <trkpt lat="50.742524" lon="10.510347">
        <ele>452.3</ele>
      </trkpt>
      <trkpt lat="50.7424" lon="10.510488">
        <ele>453.2</ele>
      </trkpt>
      <trkpt lat="50.74232" lon="10.510545">
        <ele>453.6</ele>
      </trkpt>
      <trkpt lat="50.742147" lon="10.510561">
        <ele>454.9</ele>
      </trkpt>
      <trkpt lat="50.741865" lon="10.510722">
        <ele>457.6</ele>
      </trkpt>
      <trkpt lat="50.741494" lon="10.510879">
        <ele>459.8</ele>
      </trkpt>
      <trkpt lat="50.74144" lon="10.511006">
        <ele>460.4</ele>
      </trkpt>
      <trkpt lat="50.741387" lon="10.511098">
        <ele>461.0</ele>
      </trkpt>
      <trkpt lat="50.741307" lon="10.511187">
        <ele>461.5</ele>
      </trkpt>
      <trkpt lat="50.741216" lon="10.511292">
        <ele>461.8</ele>
      </trkpt>
      <trkpt lat="50.741155" lon="10.511415">
        <ele>462.2</ele>
      </trkpt>
      <trkpt lat="50.741068" lon="10.511618">
        <ele>462.8</ele>
      </trkpt>
      <trkpt lat="50.740996" lon="10.511622">
        <ele>463.0</ele>
      </trkpt>
      <trkpt lat="50.740928" lon="10.511627">
        <ele>463.4</ele>
      </trkpt>
      <trkpt lat="50.740861" lon="10.511616">
        <ele>463.6</ele>
      </trkpt>
      <trkpt lat="50.740794" lon="10.511594">
        <ele>463.7</ele>
      </trkpt>
      <trkpt lat="50.740569" lon="10.5115">
        <ele>464.0</ele>
      </trkpt>
      <trkpt lat="50.740488" lon="10.511469">
        <ele>464.0</ele>
      </trkpt>
      <trkpt lat="50.740479" lon="10.511446">
        <ele>464.0</ele>
      </trkpt>
      <trkpt lat="50.740466" lon="10.511406">
        <ele>464.0</ele>
      </trkpt>
      <trkpt lat="50.740226" lon="10.511543">
        <ele>464.6</ele>
      </trkpt>
      <trkpt lat="50.739895" lon="10.511688">
        <ele>464.7</ele>
      </trkpt>
      <trkpt lat="50.739611" lon="10.511835">
        <ele>464.5</ele>
      </trkpt>
      <trkpt lat="50.739423" lon="10.511977">
        <ele>463.9</ele>
      </trkpt>
      <trkpt lat="50.739309" lon="10.512086">
        <ele>463.4</ele>
      </trkpt>
      <trkpt lat="50.739073" lon="10.512341">
        <ele>462.2</ele>
      </trkpt>
      <trkpt lat="50.738974" lon="10.512433">
        <ele>461.8</ele>
      </trkpt>
      <trkpt lat="50.738974" lon="10.512508">
        <ele>461.6</ele>
      </trkpt>
      <trkpt lat="50.73896" lon="10.512551">
        <ele>461.1</ele>
      </trkpt>
      <trkpt lat="50.738779" lon="10.512754">
        <ele>457.0</ele>
      </trkpt>
      <trkpt lat="50.738593" lon="10.512978">
        <ele>453.9</ele>
      </trkpt>
      <trkpt lat="50.738509" lon="10.513079">
        <ele>453.0</ele>
      </trkpt>
      <trkpt lat="50.738524" lon="10.513219">
        <ele>452.3</ele>
      </trkpt>
      <trkpt lat="50.738516" lon="10.51335">
        <ele>451.7</ele>
      </trkpt>
      <trkpt lat="50.738484" lon="10.513505">
        <ele>451.0</ele>
      </trkpt>
      <trkpt lat="50.738435" lon="10.513643">
        <ele>450.4</ele>
      </trkpt>
      <trkpt lat="50.738365" lon="10.513767">
        <ele>449.6</ele>
      </trkpt>
      <trkpt lat="50.738301" lon="10.51385">
        <ele>449.0</ele>
      </trkpt>
      <trkpt lat="50.738106" lon="10.514099">
        <ele>447.2</ele>
      </trkpt>
      <trkpt lat="50.737911" lon="10.514348">
        <ele>445.3</ele>
      </trkpt>
      <trkpt lat="50.737747" lon="10.514607">
        <ele>443.6</ele>
      </trkpt>
      <trkpt lat="50.737652" lon="10.514846">
        <ele>442.3</ele>
      </trkpt>
      <trkpt lat="50.73761" lon="10.515007">
        <ele>441.5</ele>
      </trkpt>
      <trkpt lat="50.737578" lon="10.515149">
        <ele>440.8</ele>
      </trkpt>
      <trkpt lat="50.737498" lon="10.515319">
        <ele>440.0</ele>
      </trkpt>
      <trkpt lat="50.737372" lon="10.515518">
        <ele>438.6</ele>
      </trkpt>
      <trkpt lat="50.737128" lon="10.515837">
        <ele>436.3</ele>
      </trkpt>
      <trkpt lat="50.736933" lon="10.516097">
        <ele>434.6</ele>
      </trkpt>
      <trkpt lat="50.736712" lon="10.516452">
        <ele>432.4</ele>
      </trkpt>
      <trkpt lat="50.736645" lon="10.516615">
        <ele>431.6</ele>
      </trkpt>
      <trkpt lat="50.736596" lon="10.516769">
        <ele>430.9</ele>
      </trkpt>
      <trkpt lat="50.736545" lon="10.516978">
        <ele>429.8</ele>
      </trkpt>
      <trkpt lat="50.736491" lon="10.517375">
        <ele>427.7</ele>
      </trkpt>
      <trkpt lat="50.736479" lon="10.517585">
        <ele>426.7</ele>
      </trkpt>
      <trkpt lat="50.736471" lon="10.517841">
        <ele>425.8</ele>
      </trkpt>
      <trkpt lat="50.736464" lon="10.517961">
        <ele>425.5</ele>
      </trkpt>
      <trkpt lat="50.736453" lon="10.518029">
        <ele>425.3</ele>
      </trkpt>
      <trkpt lat="50.736434" lon="10.518077">
        <ele>425.2</ele>
      </trkpt>
      <trkpt lat="50.736413" lon="10.518113">
        <ele>425.0</ele>
      </trkpt>
      <trkpt lat="50.736374" lon="10.518135">
        <ele>424.7</ele>
      </trkpt>
      <trkpt lat="50.736334" lon="10.518139">
        <ele>424.5</ele>
      </trkpt>
      <trkpt lat="50.736338" lon="10.518202">
        <ele>424.6</ele>
        <name>L 1117, Landkreis Schmalkalden-Meiningen</name>
        <extensions>
          <oa:Extension>
            <oa:mapZoom>14</oa:mapZoom>
          </oa:Extension>
        </extensions>
      </trkpt>
      <trkpt lat="50.73635" lon="10.518455">
        <ele>425.3</ele>
      </trkpt>
      <trkpt lat="50.736596" lon="10.518785">
        <ele>428.2</ele>
      </trkpt>
      <trkpt lat="50.736668" lon="10.51889">
        <ele>429.0</ele>
      </trkpt>
      <trkpt lat="50.736761" lon="10.518995">
        <ele>430.0</ele>
      </trkpt>
      <trkpt lat="50.736828" lon="10.519081">
        <ele>430.7</ele>
      </trkpt>
      <trkpt lat="50.736881" lon="10.519169">
        <ele>431.4</ele>
      </trkpt>
      <trkpt lat="50.73695" lon="10.519343">
        <ele>432.5</ele>
      </trkpt>
      <trkpt lat="50.737045" lon="10.519737">
        <ele>435.0</ele>
      </trkpt>
      <trkpt lat="50.737095" lon="10.520226">
        <ele>438.0</ele>
      </trkpt>
      <trkpt lat="50.737216" lon="10.520879">
        <ele>440.5</ele>
      </trkpt>
      <trkpt lat="50.737323" lon="10.521192">
        <ele>443.7</ele>
      </trkpt>
      <trkpt lat="50.737431" lon="10.521505">
        <ele>445.7</ele>
      </trkpt>
      <trkpt lat="50.737539" lon="10.521825">
        <ele>447.8</ele>
      </trkpt>
      <trkpt lat="50.737647" lon="10.522145">
        <ele>449.8</ele>
      </trkpt>
      <trkpt lat="50.73777" lon="10.522495">
        <ele>452.0</ele>
      </trkpt>
      <trkpt lat="50.737893" lon="10.522844">
        <ele>454.0</ele>
      </trkpt>
      <trkpt lat="50.738092" lon="10.5234">
        <ele>457.4</ele>
      </trkpt>
      <trkpt lat="50.738255" lon="10.523979">
        <ele>461.2</ele>
      </trkpt>
      <trkpt lat="50.738287" lon="10.524168">
        <ele>462.2</ele>
      </trkpt>
      <trkpt lat="50.738357" lon="10.52458">
        <ele>464.7</ele>
      </trkpt>
      <trkpt lat="50.73841" lon="10.525027">
        <ele>467.3</ele>
      </trkpt>
      <trkpt lat="50.738464" lon="10.525473">
        <ele>469.9</ele>
      </trkpt>
      <trkpt lat="50.738527" lon="10.526044">
        <ele>473.1</ele>
      </trkpt>
      <trkpt lat="50.738626" lon="10.526598">
        <ele>476.4</ele>
      </trkpt>
      <trkpt lat="50.73875" lon="10.527187">
        <ele>480.1</ele>
      </trkpt>
      <trkpt lat="50.738995" lon="10.527756">
        <ele>484.0</ele>
      </trkpt>
      <trkpt lat="50.739199" lon="10.528132">
        <ele>486.9</ele>
      </trkpt>
      <trkpt lat="50.739395" lon="10.528368">
        <ele>489.2</ele>
      </trkpt>
      <trkpt lat="50.739606" lon="10.528646">
        <ele>492.9</ele>
      </trkpt>
      <trkpt lat="50.739701" lon="10.528904">
        <ele>493.5</ele>
      </trkpt>
      <trkpt lat="50.739682" lon="10.529008">
        <ele>492.1</ele>
        <name>Naturpark Thüringer Wald, Struth-Helmershof, Floh-Seligenthal</name>
        <extensions>
          <oa:Extension>
            <oa:mapZoom>14</oa:mapZoom>
          </oa:Extension>
        </extensions>
      </trkpt>
      <trkpt lat="50.739674" lon="10.529054">
        <ele>491.5</ele>
      </trkpt>
      <trkpt lat="50.739586" lon="10.529129">
        <ele>495.8</ele>
      </trkpt>
      <trkpt lat="50.739382" lon="10.529108">
        <ele>497.0</ele>
      </trkpt>
      <trkpt lat="50.739124" lon="10.529076">
        <ele>500.3</ele>
      </trkpt>
      <trkpt lat="50.738842" lon="10.528915">
        <ele>501.4</ele>
      </trkpt>
      <trkpt lat="50.738468" lon="10.528615">
        <ele>504.4</ele>
      </trkpt>
      <trkpt lat="50.738253" lon="10.528416">
        <ele>506.7</ele>
      </trkpt>
      <trkpt lat="50.738038" lon="10.528217">
        <ele>508.8</ele>
      </trkpt>
      <trkpt lat="50.737746" lon="10.527788">
        <ele>512.2</ele>
      </trkpt>
      <trkpt lat="50.73745" lon="10.527263">
        <ele>516.0</ele>
      </trkpt>
      <trkpt lat="50.73727" lon="10.526758">
        <ele>517.9</ele>
      </trkpt>
      <trkpt lat="50.737121" lon="10.526533">
        <ele>520.2</ele>
      </trkpt>
      <trkpt lat="50.736883" lon="10.526565">
        <ele>522.0</ele>
      </trkpt>
      <trkpt lat="50.73672" lon="10.526715">
        <ele>523.2</ele>
      </trkpt>
      <trkpt lat="50.736449" lon="10.527048">
        <ele>525.8</ele>
      </trkpt>
      <trkpt lat="50.736197" lon="10.527313">
        <ele>528.4</ele>
      </trkpt>
      <trkpt lat="50.736023" lon="10.527946">
        <ele>533.1</ele>
      </trkpt>
      <trkpt lat="50.735849" lon="10.52858">
        <ele>536.2</ele>
      </trkpt>
      <trkpt lat="50.735675" lon="10.529214">
        <ele>540.2</ele>
      </trkpt>
      <trkpt lat="50.735501" lon="10.529848">
        <ele>544.4</ele>
      </trkpt>
      <trkpt lat="50.735328" lon="10.530482">
        <ele>546.6</ele>
      </trkpt>
      <trkpt lat="50.735192" lon="10.530986">
        <ele>549.5</ele>
      </trkpt>
      <trkpt lat="50.735056" lon="10.53149">
        <ele>553.1</ele>
      </trkpt>
      <trkpt lat="50.734999" lon="10.531661">
        <ele>554.4</ele>
      </trkpt>
      <trkpt lat="50.734812" lon="10.53222">
        <ele>556.8</ele>
      </trkpt>
      <trkpt lat="50.734683" lon="10.532767">
        <ele>560.7</ele>
      </trkpt>
      <trkpt lat="50.734554" lon="10.533314">
        <ele>563.1</ele>
      </trkpt>
      <trkpt lat="50.734499" lon="10.53398">
        <ele>566.8</ele>
      </trkpt>
      <trkpt lat="50.734506" lon="10.534334">
        <ele>569.9</ele>
      </trkpt>
      <trkpt lat="50.734513" lon="10.534688">
        <ele>572.1</ele>
      </trkpt>
      <trkpt lat="50.734426" lon="10.535271">
        <ele>573.3</ele>
      </trkpt>
      <trkpt lat="50.734339" lon="10.535855">
        <ele>576.3</ele>
      </trkpt>
      <trkpt lat="50.734252" lon="10.536439">
        <ele>579.9</ele>
      </trkpt>
      <trkpt lat="50.734165" lon="10.537022">
        <ele>583.0</ele>
      </trkpt>
      <trkpt lat="50.734078" lon="10.537606">
        <ele>586.8</ele>
      </trkpt>
      <trkpt lat="50.733994" lon="10.538035">
        <ele>588.8</ele>
      </trkpt>
      <trkpt lat="50.73391" lon="10.538464">
        <ele>591.9</ele>
      </trkpt>
      <trkpt lat="50.733795" lon="10.539055">
        <ele>594.9</ele>
      </trkpt>
      <trkpt lat="50.733679" lon="10.539647">
        <ele>597.9</ele>
      </trkpt>
      <trkpt lat="50.733563" lon="10.540239">
        <ele>601.3</ele>
      </trkpt>
      <trkpt lat="50.733448" lon="10.54083">
        <ele>604.9</ele>
      </trkpt>
      <trkpt lat="50.733332" lon="10.541422">
        <ele>608.2</ele>
      </trkpt>
      <trkpt lat="50.733216" lon="10.542014">
        <ele>613.5</ele>
      </trkpt>
      <trkpt lat="50.7331" lon="10.542606">
        <ele>617.4</ele>
      </trkpt>
      <trkpt lat="50.733072" lon="10.543082">
        <ele>618.3</ele>
      </trkpt>
      <trkpt lat="50.733013" lon="10.54318">
        <ele>617.9</ele>
      </trkpt>
      <trkpt lat="50.733003" lon="10.543262">
        <ele>617.7</ele>
        <name>Naturpark Thüringer Wald, Struth-Helmershof, Floh-Seligenthal</name>
        <extensions>
          <oa:Extension>
            <oa:mapZoom>14</oa:mapZoom>
          </oa:Extension>
        </extensions>
      </trkpt>
      <trkpt lat="50.733013" lon="10.54318">
        <ele>617.9</ele>
      </trkpt>
      <trkpt lat="50.733072" lon="10.543082">
        <ele>618.3</ele>
      </trkpt>
      <trkpt lat="50.733089" lon="10.543258">
        <ele>619.2</ele>
      </trkpt>
      <trkpt lat="50.733223" lon="10.54389">
        <ele>622.9</ele>
      </trkpt>
      <trkpt lat="50.733393" lon="10.54442">
        <ele>626.1</ele>
      </trkpt>
      <trkpt lat="50.733614" lon="10.544929">
        <ele>629.5</ele>
      </trkpt>
      <trkpt lat="50.733834" lon="10.545438">
        <ele>632.9</ele>
      </trkpt>
      <trkpt lat="50.734055" lon="10.545948">
        <ele>636.3</ele>
      </trkpt>
      <trkpt lat="50.734275" lon="10.546457">
        <ele>639.6</ele>
      </trkpt>
      <trkpt lat="50.734496" lon="10.546966">
        <ele>642.7</ele>
      </trkpt>
      <trkpt lat="50.734717" lon="10.547475">
        <ele>643.8</ele>
      </trkpt>
      <trkpt lat="50.735006" lon="10.547862">
        <ele>648.3</ele>
      </trkpt>
      <trkpt lat="50.735296" lon="10.548248">
        <ele>651.2</ele>
      </trkpt>
      <trkpt lat="50.735586" lon="10.548634">
        <ele>651.1</ele>
      </trkpt>
      <trkpt lat="50.735885" lon="10.548668">
        <ele>653.9</ele>
      </trkpt>
      <trkpt lat="50.736185" lon="10.548702">
        <ele>659.3</ele>
      </trkpt>
      <trkpt lat="50.736485" lon="10.548736">
        <ele>662.0</ele>
      </trkpt>
      <trkpt lat="50.736694" lon="10.548872">
        <ele>663.7</ele>
      </trkpt>
      <trkpt lat="50.736903" lon="10.549008">
        <ele>665.5</ele>
      </trkpt>
      <trkpt lat="50.737114" lon="10.549199">
        <ele>667.6</ele>
      </trkpt>
      <trkpt lat="50.737403" lon="10.549554">
        <ele>670.8</ele>
      </trkpt>
      <trkpt lat="50.737693" lon="10.549909">
        <ele>673.7</ele>
      </trkpt>
      <trkpt lat="50.737952" lon="10.550227">
        <ele>676.8</ele>
      </trkpt>
      <trkpt lat="50.738211" lon="10.550546">
        <ele>679.6</ele>
      </trkpt>
      <trkpt lat="50.738424" lon="10.550764">
        <ele>681.4</ele>
      </trkpt>
      <trkpt lat="50.738719" lon="10.550993">
        <ele>684.4</ele>
      </trkpt>
      <trkpt lat="50.739015" lon="10.551222">
        <ele>687.0</ele>
      </trkpt>
      <trkpt lat="50.739328" lon="10.551443">
        <ele>689.8</ele>
      </trkpt>
      <trkpt lat="50.73964" lon="10.551664">
        <ele>692.5</ele>
      </trkpt>
      <trkpt lat="50.740056" lon="10.55187">
        <ele>696.2</ele>
      </trkpt>
      <trkpt lat="50.740472" lon="10.552077">
        <ele>699.7</ele>
      </trkpt>
      <trkpt lat="50.740887" lon="10.552283">
        <ele>703.5</ele>
      </trkpt>
      <trkpt lat="50.741303" lon="10.55249">
        <ele>707.1</ele>
      </trkpt>
      <trkpt lat="50.741718" lon="10.552697">
        <ele>710.8</ele>
      </trkpt>
      <trkpt lat="50.741966" lon="10.552866">
        <ele>713.0</ele>
      </trkpt>
      <trkpt lat="50.742213" lon="10.553036">
        <ele>715.4</ele>
      </trkpt>
      <trkpt lat="50.742523" lon="10.553348">
        <ele>718.5</ele>
      </trkpt>
      <trkpt lat="50.74281" lon="10.553669">
        <ele>721.6</ele>
      </trkpt>
      <trkpt lat="50.742978" lon="10.553847">
        <ele>723.2</ele>
      </trkpt>
      <trkpt lat="50.74314" lon="10.554037">
        <ele>725.0</ele>
      </trkpt>
      <trkpt lat="50.743258" lon="10.554232">
        <ele>726.4</ele>
      </trkpt>
      <trkpt lat="50.743358" lon="10.554462">
        <ele>727.9</ele>
      </trkpt>
      <trkpt lat="50.743542" lon="10.555011">
        <ele>730.6</ele>
      </trkpt>
      <trkpt lat="50.743624" lon="10.555355">
        <ele>732.3</ele>
      </trkpt>
      <trkpt lat="50.743706" lon="10.555699">
        <ele>733.4</ele>
      </trkpt>
      <trkpt lat="50.743788" lon="10.556372">
        <ele>735.8</ele>
      </trkpt>
      <trkpt lat="50.743833" lon="10.556748">
        <ele>736.6</ele>
        <name>Naturpark Thüringer Wald, Struth-Helmershof, Floh-Seligenthal</name>
        <extensions>
          <oa:Extension>
            <oa:mapZoom>14</oa:mapZoom>
          </oa:Extension>
        </extensions>
      </trkpt>
      <trkpt lat="50.743869" lon="10.557044">
        <ele>737.2</ele>
      </trkpt>
      <trkpt lat="50.743899" lon="10.557572">
        <ele>738.2</ele>
      </trkpt>
      <trkpt lat="50.743896" lon="10.55786">
        <ele>738.4</ele>
      </trkpt>
      <trkpt lat="50.743875" lon="10.558068">
        <ele>738.4</ele>
      </trkpt>
      <trkpt lat="50.743846" lon="10.558205">
        <ele>738.6</ele>
      </trkpt>
      <trkpt lat="50.7438" lon="10.558326">
        <ele>739.0</ele>
      </trkpt>
      <trkpt lat="50.743697" lon="10.558461">
        <ele>739.3</ele>
      </trkpt>
      <trkpt lat="50.743557" lon="10.558606">
        <ele>739.4</ele>
      </trkpt>
      <trkpt lat="50.74335" lon="10.558728">
        <ele>740.7</ele>
      </trkpt>
      <trkpt lat="50.743095" lon="10.558824">
        <ele>741.7</ele>
      </trkpt>
      <trkpt lat="50.742915" lon="10.558858">
        <ele>742.3</ele>
      </trkpt>
      <trkpt lat="50.742751" lon="10.558862">
        <ele>743.3</ele>
      </trkpt>
      <trkpt lat="50.742612" lon="10.55885">
        <ele>744.2</ele>
      </trkpt>
      <trkpt lat="50.742475" lon="10.558809">
        <ele>745.4</ele>
      </trkpt>
      <trkpt lat="50.742355" lon="10.558751">
        <ele>746.3</ele>
      </trkpt>
      <trkpt lat="50.742263" lon="10.558688">
        <ele>747.0</ele>
      </trkpt>
      <trkpt lat="50.741915" lon="10.558574">
        <ele>749.2</ele>
      </trkpt>
      <trkpt lat="50.741567" lon="10.558459">
        <ele>751.6</ele>
      </trkpt>
      <trkpt lat="50.741435" lon="10.558429">
        <ele>752.6</ele>
      </trkpt>
      <trkpt lat="50.741297" lon="10.558424">
        <ele>753.4</ele>
      </trkpt>
      <trkpt lat="50.741195" lon="10.55845">
        <ele>754.0</ele>
      </trkpt>
      <trkpt lat="50.741018" lon="10.558547">
        <ele>755.4</ele>
      </trkpt>
      <trkpt lat="50.74081" lon="10.558757">
        <ele>757.9</ele>
      </trkpt>
      <trkpt lat="50.740662" lon="10.558928">
        <ele>758.3</ele>
      </trkpt>
      <trkpt lat="50.740608" lon="10.559026">
        <ele>758.7</ele>
      </trkpt>
      <trkpt lat="50.740568" lon="10.559125">
        <ele>759.5</ele>
      </trkpt>
      <trkpt lat="50.740526" lon="10.559322">
        <ele>761.7</ele>
      </trkpt>
      <trkpt lat="50.740505" lon="10.559506">
        <ele>762.8</ele>
      </trkpt>
      <trkpt lat="50.740502" lon="10.559708">
        <ele>763.3</ele>
      </trkpt>
      <trkpt lat="50.740512" lon="10.559909">
        <ele>763.0</ele>
      </trkpt>
      <trkpt lat="50.740543" lon="10.560104">
        <ele>764.0</ele>
      </trkpt>
      <trkpt lat="50.740668" lon="10.560573">
        <ele>766.0</ele>
      </trkpt>
      <trkpt lat="50.740793" lon="10.561041">
        <ele>768.2</ele>
      </trkpt>
      <trkpt lat="50.740919" lon="10.561509">
        <ele>771.8</ele>
      </trkpt>
      <trkpt lat="50.740997" lon="10.562193">
        <ele>774.3</ele>
      </trkpt>
      <trkpt lat="50.740993" lon="10.562839">
        <ele>776.1</ele>
      </trkpt>
      <trkpt lat="50.740929" lon="10.563333">
        <ele>776.8</ele>
      </trkpt>
      <trkpt lat="50.740864" lon="10.563826">
        <ele>779.4</ele>
      </trkpt>
      <trkpt lat="50.7408" lon="10.56432">
        <ele>781.7</ele>
      </trkpt>
      <trkpt lat="50.740692" lon="10.564706">
        <ele>782.5</ele>
      </trkpt>
      <trkpt lat="50.740584" lon="10.565092">
        <ele>782.3</ele>
      </trkpt>
      <trkpt lat="50.740409" lon="10.565586">
        <ele>784.3</ele>
      </trkpt>
      <trkpt lat="50.740234" lon="10.566079">
        <ele>786.4</ele>
      </trkpt>
      <trkpt lat="50.740097" lon="10.566405">
        <ele>787.7</ele>
      </trkpt>
      <trkpt lat="50.739959" lon="10.566731">
        <ele>789.0</ele>
      </trkpt>
      <trkpt lat="50.739684" lon="10.567237">
        <ele>791.4</ele>
      </trkpt>
      <trkpt lat="50.739509" lon="10.567513">
        <ele>794.0</ele>
      </trkpt>
      <trkpt lat="50.739139" lon="10.567564">
        <ele>794.8</ele>
      </trkpt>
      <trkpt lat="50.738993" lon="10.567596">
        <ele>795.5</ele>
      </trkpt>
      <trkpt lat="50.738824" lon="10.567641">
        <ele>796.3</ele>
      </trkpt>
      <trkpt lat="50.73856" lon="10.567684">
        <ele>797.9</ele>
      </trkpt>
      <trkpt lat="50.738202" lon="10.567753">
        <ele>800.0</ele>
      </trkpt>
      <trkpt lat="50.73801" lon="10.567812">
        <ele>801.6</ele>
      </trkpt>
      <trkpt lat="50.73782" lon="10.56791">
        <ele>803.0</ele>
      </trkpt>
      <trkpt lat="50.737691" lon="10.567995">
        <ele>803.6</ele>
      </trkpt>
      <trkpt lat="50.73752" lon="10.568218">
        <ele>805.3</ele>
      </trkpt>
      <trkpt lat="50.737364" lon="10.568483">
        <ele>805.7</ele>
      </trkpt>
      <trkpt lat="50.73728" lon="10.568662">
        <ele>806.5</ele>
      </trkpt>
      <trkpt lat="50.73722" lon="10.568866">
        <ele>807.2</ele>
      </trkpt>
      <trkpt lat="50.737176" lon="10.569127">
        <ele>808.1</ele>
      </trkpt>
      <trkpt lat="50.737133" lon="10.569671">
        <ele>809.8</ele>
      </trkpt>
      <trkpt lat="50.737113" lon="10.570143">
        <ele>811.7</ele>
      </trkpt>
      <trkpt lat="50.737104" lon="10.570378">
        <ele>812.5</ele>
      </trkpt>
      <trkpt lat="50.737102" lon="10.570672">
        <ele>813.3</ele>
      </trkpt>
      <trkpt lat="50.737135" lon="10.570981">
        <ele>814.3</ele>
      </trkpt>
      <trkpt lat="50.737187" lon="10.571253">
        <ele>815.1</ele>
      </trkpt>
      <trkpt lat="50.737288" lon="10.571701">
        <ele>816.4</ele>
      </trkpt>
      <trkpt lat="50.737388" lon="10.572149">
        <ele>817.6</ele>
      </trkpt>
      <trkpt lat="50.73752" lon="10.572612">
        <ele>819.1</ele>
      </trkpt>
      <trkpt lat="50.737594" lon="10.572965">
        <ele>819.8</ele>
      </trkpt>
      <trkpt lat="50.737668" lon="10.57354">
        <ele>821.3</ele>
      </trkpt>
      <trkpt lat="50.737711" lon="10.574216">
        <ele>823.3</ele>
      </trkpt>
      <trkpt lat="50.737731" lon="10.574571">
        <ele>824.0</ele>
      </trkpt>
      <trkpt lat="50.737752" lon="10.574926">
        <ele>825.6</ele>
      </trkpt>
      <trkpt lat="50.73776" lon="10.575357">
        <ele>826.6</ele>
      </trkpt>
      <trkpt lat="50.737759" lon="10.575835">
        <ele>828.0</ele>
      </trkpt>
      <trkpt lat="50.737699" lon="10.576327">
        <ele>828.4</ele>
      </trkpt>
      <trkpt lat="50.737609" lon="10.576783">
        <ele>829.1</ele>
      </trkpt>
      <trkpt lat="50.737507" lon="10.577241">
        <ele>830.3</ele>
      </trkpt>
      <trkpt lat="50.737418" lon="10.577614">
        <ele>831.3</ele>
      </trkpt>
      <trkpt lat="50.737324" lon="10.577934">
        <ele>832.2</ele>
      </trkpt>
      <trkpt lat="50.73724" lon="10.57817">
        <ele>833.0</ele>
      </trkpt>
      <trkpt lat="50.737043" lon="10.57861">
        <ele>835.3</ele>
      </trkpt>
      <trkpt lat="50.736863" lon="10.578961">
        <ele>836.2</ele>
      </trkpt>
      <trkpt lat="50.736663" lon="10.579353">
        <ele>836.8</ele>
      </trkpt>
      <trkpt lat="50.736455" lon="10.579741">
        <ele>836.7</ele>
      </trkpt>
      <trkpt lat="50.736301" lon="10.580066">
        <ele>838.1</ele>
      </trkpt>
      <trkpt lat="50.736154" lon="10.580448">
        <ele>839.5</ele>
      </trkpt>
      <trkpt lat="50.736036" lon="10.580856">
        <ele>841.1</ele>
      </trkpt>
      <trkpt lat="50.73593" lon="10.581405">
        <ele>842.8</ele>
      </trkpt>
      <trkpt lat="50.735836" lon="10.581966">
        <ele>845.3</ele>
      </trkpt>
      <trkpt lat="50.735742" lon="10.582526">
        <ele>847.4</ele>
      </trkpt>
      <trkpt lat="50.735652" lon="10.583008">
        <ele>847.4</ele>
      </trkpt>
      <trkpt lat="50.735563" lon="10.583491">
        <ele>846.4</ele>
      </trkpt>
      <trkpt lat="50.735493" lon="10.584156">
        <ele>845.8</ele>
      </trkpt>
      <trkpt lat="50.735478" lon="10.584134">
        <ele>845.6</ele>
        <name>Naturpark Thüringer Wald, Struth-Helmershof, Floh-Seligenthal</name>
        <extensions>
          <oa:Extension>
            <oa:mapZoom>14</oa:mapZoom>
          </oa:Extension>
        </extensions>
      </trkpt>
      <trkpt lat="50.735493" lon="10.584156">
        <ele>845.8</ele>
      </trkpt>
      <trkpt lat="50.73566" lon="10.584401">
        <ele>847.7</ele>
      </trkpt>
      <trkpt lat="50.735827" lon="10.584702">
        <ele>849.3</ele>
      </trkpt>
      <trkpt lat="50.735982" lon="10.584997">
        <ele>850.4</ele>
      </trkpt>
      <trkpt lat="50.736136" lon="10.585291">
        <ele>850.7</ele>
      </trkpt>
      <trkpt lat="50.736369" lon="10.585651">
        <ele>849.9</ele>
      </trkpt>
      <trkpt lat="50.736503" lon="10.585869">
        <ele>849.0</ele>
      </trkpt>
      <trkpt lat="50.736667" lon="10.586136">
        <ele>847.5</ele>
      </trkpt>
      <trkpt lat="50.736831" lon="10.586403">
        <ele>845.9</ele>
      </trkpt>
      <trkpt lat="50.737074" lon="10.586828">
        <ele>843.0</ele>
      </trkpt>
      <trkpt lat="50.737317" lon="10.587254">
        <ele>839.9</ele>
      </trkpt>
      <trkpt lat="50.73756" lon="10.587679">
        <ele>836.8</ele>
      </trkpt>
      <trkpt lat="50.737845" lon="10.588166">
        <ele>833.7</ele>
      </trkpt>
      <trkpt lat="50.738129" lon="10.588652">
        <ele>830.6</ele>
      </trkpt>
      <trkpt lat="50.738414" lon="10.589139">
        <ele>828.4</ele>
      </trkpt>
      <trkpt lat="50.738698" lon="10.589625">
        <ele>825.2</ele>
      </trkpt>
      <trkpt lat="50.738983" lon="10.590112">
        <ele>820.6</ele>
      </trkpt>
      <trkpt lat="50.739267" lon="10.590598">
        <ele>815.9</ele>
      </trkpt>
      <trkpt lat="50.739552" lon="10.591085">
        <ele>812.3</ele>
      </trkpt>
      <trkpt lat="50.739783" lon="10.591444">
        <ele>810.2</ele>
      </trkpt>
      <trkpt lat="50.740014" lon="10.591803">
        <ele>809.0</ele>
      </trkpt>
      <trkpt lat="50.740116" lon="10.591933">
        <ele>808.7</ele>
      </trkpt>
      <trkpt lat="50.740303" lon="10.592175">
        <ele>808.6</ele>
      </trkpt>
      <trkpt lat="50.74049" lon="10.592416">
        <ele>809.2</ele>
      </trkpt>
      <trkpt lat="50.740812" lon="10.592743">
        <ele>810.7</ele>
      </trkpt>
      <trkpt lat="50.741082" lon="10.59299">
        <ele>812.7</ele>
      </trkpt>
      <trkpt lat="50.741404" lon="10.593231">
        <ele>815.1</ele>
      </trkpt>
      <trkpt lat="50.741727" lon="10.593472">
        <ele>816.6</ele>
      </trkpt>
      <trkpt lat="50.742049" lon="10.593713">
        <ele>817.6</ele>
      </trkpt>
      <trkpt lat="50.74219" lon="10.593872">
        <ele>817.8</ele>
      </trkpt>
      <trkpt lat="50.742298" lon="10.594085">
        <ele>817.4</ele>
      </trkpt>
      <trkpt lat="50.742361" lon="10.594266">
        <ele>817.1</ele>
      </trkpt>
      <trkpt lat="50.742455" lon="10.594632">
        <ele>816.0</ele>
      </trkpt>
      <trkpt lat="50.742535" lon="10.594991">
        <ele>814.0</ele>
      </trkpt>
      <trkpt lat="50.742577" lon="10.595297">
        <ele>812.0</ele>
      </trkpt>
      <trkpt lat="50.742604" lon="10.595584">
        <ele>810.4</ele>
      </trkpt>
      <trkpt lat="50.742614" lon="10.595951">
        <ele>808.2</ele>
      </trkpt>
      <trkpt lat="50.742607" lon="10.596394">
        <ele>805.9</ele>
      </trkpt>
      <trkpt lat="50.742586" lon="10.596829">
        <ele>803.8</ele>
      </trkpt>
      <trkpt lat="50.74253" lon="10.59727">
        <ele>802.1</ele>
      </trkpt>
      <trkpt lat="50.742454" lon="10.597621">
        <ele>800.9</ele>
      </trkpt>
      <trkpt lat="50.742378" lon="10.597971">
        <ele>799.3</ele>
      </trkpt>
      <trkpt lat="50.742352" lon="10.598212">
        <ele>797.8</ele>
      </trkpt>
      <trkpt lat="50.742338" lon="10.598476">
        <ele>796.2</ele>
      </trkpt>
      <trkpt lat="50.742357" lon="10.598711">
        <ele>794.0</ele>
      </trkpt>
      <trkpt lat="50.742377" lon="10.598849">
        <ele>792.9</ele>
      </trkpt>
      <trkpt lat="50.742403" lon="10.59896">
        <ele>792.3</ele>
      </trkpt>
      <trkpt lat="50.742452" lon="10.59905">
        <ele>791.6</ele>
      </trkpt>
      <trkpt lat="50.742505" lon="10.599085">
        <ele>790.7</ele>
      </trkpt>
      <trkpt lat="50.742594" lon="10.599089">
        <ele>790.0</ele>
      </trkpt>
      <trkpt lat="50.742779" lon="10.599076">
        <ele>788.3</ele>
      </trkpt>
      <trkpt lat="50.74317" lon="10.599016">
        <ele>785.4</ele>
      </trkpt>
      <trkpt lat="50.74346" lon="10.598956">
        <ele>782.3</ele>
      </trkpt>
      <trkpt lat="50.743767" lon="10.598902">
        <ele>779.2</ele>
      </trkpt>
      <trkpt lat="50.74403" lon="10.598695">
        <ele>776.4</ele>
      </trkpt>
      <trkpt lat="50.744292" lon="10.598489">
        <ele>774.0</ele>
      </trkpt>
      <trkpt lat="50.744568" lon="10.598369">
        <ele>770.6</ele>
      </trkpt>
      <trkpt lat="50.744844" lon="10.59825">
        <ele>767.7</ele>
      </trkpt>
      <trkpt lat="50.745129" lon="10.598184">
        <ele>764.4</ele>
      </trkpt>
      <trkpt lat="50.745399" lon="10.598176">
        <ele>760.9</ele>
      </trkpt>
      <trkpt lat="50.74567" lon="10.598271">
        <ele>758.3</ele>
      </trkpt>
      <trkpt lat="50.745918" lon="10.59842">
        <ele>756.4</ele>
      </trkpt>
      <trkpt lat="50.746171" lon="10.59861">
        <ele>754.9</ele>
      </trkpt>
      <trkpt lat="50.746414" lon="10.598812">
        <ele>753.9</ele>
      </trkpt>
      <trkpt lat="50.746568" lon="10.599142">
        <ele>754.1</ele>
      </trkpt>
      <trkpt lat="50.746723" lon="10.599472">
        <ele>754.8</ele>
      </trkpt>
      <trkpt lat="50.746848" lon="10.599831">
        <ele>755.8</ele>
      </trkpt>
      <trkpt lat="50.746938" lon="10.600093">
        <ele>756.0</ele>
      </trkpt>
      <trkpt lat="50.746994" lon="10.600413">
        <ele>757.2</ele>
      </trkpt>
      <trkpt lat="50.747016" lon="10.600653">
        <ele>757.7</ele>
      </trkpt>
      <trkpt lat="50.747045" lon="10.601041">
        <ele>759.2</ele>
      </trkpt>
      <trkpt lat="50.747053" lon="10.601216">
        <ele>759.5</ele>
      </trkpt>
      <trkpt lat="50.747039" lon="10.601647">
        <ele>761.0</ele>
      </trkpt>
      <trkpt lat="50.746978" lon="10.602212">
        <ele>762.2</ele>
      </trkpt>
      <trkpt lat="50.746883" lon="10.602784">
        <ele>765.2</ele>
      </trkpt>
      <trkpt lat="50.746813" lon="10.603049">
        <ele>766.1</ele>
      </trkpt>
      <trkpt lat="50.746773" lon="10.603246">
        <ele>766.7</ele>
      </trkpt>
      <trkpt lat="50.746783" lon="10.603462">
        <ele>767.0</ele>
      </trkpt>
      <trkpt lat="50.746796" lon="10.603548">
        <ele>767.7</ele>
      </trkpt>
      <trkpt lat="50.746831" lon="10.603595">
        <ele>768.2</ele>
      </trkpt>
      <trkpt lat="50.74689" lon="10.604171">
        <ele>773.0</ele>
      </trkpt>
      <trkpt lat="50.746967" lon="10.604809">
        <ele>776.9</ele>
      </trkpt>
      <trkpt lat="50.746967" lon="10.605242">
        <ele>779.5</ele>
      </trkpt>
      <trkpt lat="50.746967" lon="10.605675">
        <ele>781.5</ele>
      </trkpt>
      <trkpt lat="50.746911" lon="10.606064">
        <ele>782.3</ele>
      </trkpt>
      <trkpt lat="50.746855" lon="10.606453">
        <ele>783.3</ele>
      </trkpt>
      <trkpt lat="50.746735" lon="10.607036">
        <ele>784.1</ele>
      </trkpt>
      <trkpt lat="50.746616" lon="10.607701">
        <ele>783.9</ele>
      </trkpt>
      <trkpt lat="50.746508" lon="10.60796">
        <ele>783.8</ele>
      </trkpt>
      <trkpt lat="50.746345" lon="10.608487">
        <ele>783.1</ele>
      </trkpt>
      <trkpt lat="50.746229" lon="10.609017">
        <ele>782.4</ele>
      </trkpt>
      <trkpt lat="50.746185" lon="10.609375">
        <ele>781.4</ele>
      </trkpt>
      <trkpt lat="50.746179" lon="10.609648">
        <ele>780.7</ele>
      </trkpt>
      <trkpt lat="50.746173" lon="10.609908">
        <ele>780.1</ele>
      </trkpt>
      <trkpt lat="50.746186" lon="10.61047">
        <ele>778.4</ele>
      </trkpt>
      <trkpt lat="50.746227" lon="10.610893">
        <ele>777.5</ele>
      </trkpt>
      <trkpt lat="50.746267" lon="10.611316">
        <ele>776.1</ele>
      </trkpt>
      <trkpt lat="50.746195" lon="10.611773">
        <ele>776.4</ele>
      </trkpt>
      <trkpt lat="50.746187" lon="10.612352">
        <ele>775.2</ele>
      </trkpt>
      <trkpt lat="50.746138" lon="10.612793">
        <ele>775.3</ele>
      </trkpt>
      <trkpt lat="50.746089" lon="10.613235">
        <ele>774.1</ele>
      </trkpt>
      <trkpt lat="50.746011" lon="10.613591">
        <ele>773.4</ele>
      </trkpt>
      <trkpt lat="50.745926" lon="10.613906">
        <ele>772.6</ele>
      </trkpt>
      <trkpt lat="50.745802" lon="10.614194">
        <ele>772.0</ele>
      </trkpt>
      <trkpt lat="50.745657" lon="10.61451">
        <ele>771.0</ele>
      </trkpt>
      <trkpt lat="50.745462" lon="10.614805">
        <ele>770.8</ele>
      </trkpt>
      <trkpt lat="50.745267" lon="10.615101">
        <ele>769.9</ele>
      </trkpt>
      <trkpt lat="50.745026" lon="10.615542">
        <ele>769.1</ele>
      </trkpt>
      <trkpt lat="50.744935" lon="10.615691">
        <ele>769.0</ele>
      </trkpt>
      <trkpt lat="50.744896" lon="10.615928">
        <ele>768.8</ele>
      </trkpt>
      <trkpt lat="50.744876" lon="10.616101">
        <ele>769.4</ele>
      </trkpt>
      <trkpt lat="50.744823" lon="10.616542">
        <ele>771.4</ele>
      </trkpt>
      <trkpt lat="50.744774" lon="10.616954">
        <ele>772.9</ele>
      </trkpt>
      <trkpt lat="50.744725" lon="10.617367">
        <ele>774.0</ele>
      </trkpt>
      <trkpt lat="50.744558" lon="10.617983">
        <ele>776.6</ele>
      </trkpt>
      <trkpt lat="50.744437" lon="10.618385">
        <ele>777.8</ele>
      </trkpt>
      <trkpt lat="50.744217" lon="10.618912">
        <ele>779.0</ele>
      </trkpt>
      <trkpt lat="50.743997" lon="10.619439">
        <ele>779.2</ele>
      </trkpt>
      <trkpt lat="50.743837" lon="10.619865">
        <ele>779.3</ele>
      </trkpt>
      <trkpt lat="50.743677" lon="10.620291">
        <ele>778.6</ele>
      </trkpt>
      <trkpt lat="50.743517" lon="10.620717">
        <ele>777.8</ele>
      </trkpt>
      <trkpt lat="50.743367" lon="10.621098">
        <ele>776.0</ele>
      </trkpt>
      <trkpt lat="50.743217" lon="10.62148">
        <ele>774.0</ele>
      </trkpt>
      <trkpt lat="50.743156" lon="10.621634">
        <ele>773.2</ele>
      </trkpt>
      <trkpt lat="50.743111" lon="10.621778">
        <ele>772.3</ele>
      </trkpt>
      <trkpt lat="50.743113" lon="10.621979">
        <ele>771.1</ele>
      </trkpt>
      <trkpt lat="50.743145" lon="10.622126">
        <ele>770.2</ele>
      </trkpt>
      <trkpt lat="50.742833" lon="10.622258">
        <ele>772.0</ele>
      </trkpt>
      <trkpt lat="50.742591" lon="10.622419">
        <ele>772.9</ele>
      </trkpt>
      <trkpt lat="50.74239" lon="10.622587">
        <ele>774.1</ele>
      </trkpt>
      <trkpt lat="50.742269" lon="10.622774">
        <ele>775.3</ele>
      </trkpt>
      <trkpt lat="50.742077" lon="10.623341">
        <ele>777.9</ele>
      </trkpt>
      <trkpt lat="50.741885" lon="10.623907">
        <ele>779.5</ele>
      </trkpt>
      <trkpt lat="50.741753" lon="10.624287">
        <ele>781.2</ele>
      </trkpt>
      <trkpt lat="50.741621" lon="10.624667">
        <ele>781.7</ele>
      </trkpt>
      <trkpt lat="50.741677" lon="10.624814">
        <ele>781.1</ele>
      </trkpt>
      <trkpt lat="50.74176" lon="10.625039">
        <ele>780.5</ele>
      </trkpt>
      <trkpt lat="50.741835" lon="10.625296">
        <ele>780.6</ele>
      </trkpt>
      <trkpt lat="50.741937" lon="10.625749">
        <ele>780.8</ele>
      </trkpt>
      <trkpt lat="50.742018" lon="10.626294">
        <ele>782.9</ele>
      </trkpt>
      <trkpt lat="50.742087" lon="10.62658">
        <ele>782.6</ele>
      </trkpt>
      <trkpt lat="50.742198" lon="10.626821">
        <ele>782.3</ele>
      </trkpt>
      <trkpt lat="50.742389" lon="10.627043">
        <ele>781.5</ele>
      </trkpt>
      <trkpt lat="50.742765" lon="10.627275">
        <ele>779.3</ele>
      </trkpt>
      <trkpt lat="50.742883" lon="10.627356">
        <ele>778.0</ele>
      </trkpt>
      <trkpt lat="50.74262" lon="10.627921">
        <ele>773.2</ele>
      </trkpt>
      <trkpt lat="50.742357" lon="10.628486">
        <ele>767.6</ele>
      </trkpt>
      <trkpt lat="50.742094" lon="10.62905">
        <ele>762.8</ele>
      </trkpt>
      <trkpt lat="50.741831" lon="10.629615">
        <ele>757.9</ele>
      </trkpt>
      <trkpt lat="50.741568" lon="10.63018">
        <ele>753.1</ele>
      </trkpt>
      <trkpt lat="50.741836" lon="10.630458">
        <ele>752.5</ele>
      </trkpt>
      <trkpt lat="50.742094" lon="10.630656">
        <ele>750.8</ele>
      </trkpt>
      <trkpt lat="50.742252" lon="10.630783">
        <ele>748.7</ele>
      </trkpt>
      <trkpt lat="50.742502" lon="10.63083">
        <ele>746.5</ele>
      </trkpt>
      <trkpt lat="50.742751" lon="10.630877">
        <ele>743.7</ele>
      </trkpt>
      <trkpt lat="50.742927" lon="10.630856">
        <ele>742.1</ele>
      </trkpt>
      <trkpt lat="50.743271" lon="10.630734">
        <ele>739.1</ele>
      </trkpt>
      <trkpt lat="50.743593" lon="10.630619">
        <ele>735.8</ele>
      </trkpt>
      <trkpt lat="50.743852" lon="10.630561">
        <ele>733.4</ele>
      </trkpt>
      <trkpt lat="50.744111" lon="10.630502">
        <ele>731.0</ele>
      </trkpt>
      <trkpt lat="50.74446" lon="10.630458">
        <ele>727.9</ele>
      </trkpt>
      <trkpt lat="50.744717" lon="10.630463">
        <ele>725.4</ele>
      </trkpt>
      <trkpt lat="50.744945" lon="10.630521">
        <ele>722.9</ele>
      </trkpt>
      <trkpt lat="50.745179" lon="10.630658">
        <ele>719.9</ele>
      </trkpt>
      <trkpt lat="50.745419" lon="10.630825">
        <ele>717.3</ele>
      </trkpt>
      <trkpt lat="50.745627" lon="10.630981">
        <ele>715.3</ele>
      </trkpt>
      <trkpt lat="50.745826" lon="10.631168">
        <ele>713.2</ele>
      </trkpt>
      <trkpt lat="50.745947" lon="10.631316">
        <ele>711.7</ele>
      </trkpt>
      <trkpt lat="50.746032" lon="10.631418">
        <ele>710.7</ele>
      </trkpt>
      <trkpt lat="50.746204" lon="10.631774">
        <ele>707.7</ele>
      </trkpt>
      <trkpt lat="50.746357" lon="10.632156">
        <ele>704.5</ele>
      </trkpt>
      <trkpt lat="50.746541" lon="10.632551">
        <ele>701.2</ele>
      </trkpt>
      <trkpt lat="50.746693" lon="10.632803">
        <ele>699.1</ele>
      </trkpt>
      <trkpt lat="50.74686" lon="10.633019">
        <ele>697.3</ele>
      </trkpt>
      <trkpt lat="50.747096" lon="10.633297">
        <ele>695.1</ele>
      </trkpt>
      <trkpt lat="50.747262" lon="10.633497">
        <ele>693.6</ele>
      </trkpt>
      <trkpt lat="50.747378" lon="10.63369">
        <ele>692.7</ele>
      </trkpt>
      <trkpt lat="50.747488" lon="10.633948">
        <ele>691.3</ele>
      </trkpt>
      <trkpt lat="50.747658" lon="10.634395">
        <ele>688.4</ele>
      </trkpt>
      <trkpt lat="50.747725" lon="10.634597">
        <ele>687.8</ele>
      </trkpt>
      <trkpt lat="50.747775" lon="10.634799">
        <ele>686.6</ele>
      </trkpt>
      <trkpt lat="50.747824" lon="10.635136">
        <ele>685.7</ele>
      </trkpt>
      <trkpt lat="50.747867" lon="10.635494">
        <ele>684.9</ele>
      </trkpt>
      <trkpt lat="50.747885" lon="10.63564">
        <ele>684.0</ele>
      </trkpt>
      <trkpt lat="50.747924" lon="10.636201">
        <ele>680.2</ele>
      </trkpt>
      <trkpt lat="50.747964" lon="10.636761">
        <ele>674.3</ele>
      </trkpt>
      <trkpt lat="50.748003" lon="10.637174">
        <ele>671.9</ele>
      </trkpt>
      <trkpt lat="50.748042" lon="10.637587">
        <ele>671.1</ele>
      </trkpt>
      <trkpt lat="50.748006" lon="10.638274">
        <ele>667.4</ele>
      </trkpt>
      <trkpt lat="50.748009" lon="10.638912">
        <ele>661.1</ele>
      </trkpt>
      <trkpt lat="50.748088" lon="10.639571">
        <ele>659.2</ele>
      </trkpt>
      <trkpt lat="50.74815" lon="10.640172">
        <ele>653.5</ele>
      </trkpt>
      <trkpt lat="50.7482" lon="10.640618">
        <ele>650.6</ele>
      </trkpt>
      <trkpt lat="50.748265" lon="10.641133">
        <ele>647.2</ele>
      </trkpt>
      <trkpt lat="50.748336" lon="10.641519">
        <ele>644.1</ele>
      </trkpt>
      <trkpt lat="50.748406" lon="10.641906">
        <ele>642.7</ele>
      </trkpt>
      <trkpt lat="50.748461" lon="10.642416">
        <ele>640.8</ele>
      </trkpt>
      <trkpt lat="50.748515" lon="10.642926">
        <ele>635.2</ele>
      </trkpt>
      <trkpt lat="50.748595" lon="10.643538">
        <ele>631.1</ele>
      </trkpt>
      <trkpt lat="50.748676" lon="10.643925">
        <ele>628.2</ele>
      </trkpt>
      <trkpt lat="50.748757" lon="10.644313">
        <ele>625.3</ele>
      </trkpt>
      <trkpt lat="50.748854" lon="10.644679">
        <ele>623.2</ele>
      </trkpt>
      <trkpt lat="50.748951" lon="10.645046">
        <ele>620.9</ele>
      </trkpt>
      <trkpt lat="50.749131" lon="10.6456">
        <ele>617.1</ele>
      </trkpt>
      <trkpt lat="50.748762" lon="10.645248">
        <ele>613.0</ele>
      </trkpt>
      <trkpt lat="50.748537" lon="10.644981">
        <ele>611.0</ele>
      </trkpt>
      <trkpt lat="50.748315" lon="10.644688">
        <ele>609.4</ele>
      </trkpt>
      <trkpt lat="50.748094" lon="10.644396">
        <ele>608.2</ele>
      </trkpt>
      <trkpt lat="50.74822" lon="10.644916">
        <ele>605.9</ele>
      </trkpt>
      <trkpt lat="50.748346" lon="10.645436">
        <ele>603.3</ele>
      </trkpt>
      <trkpt lat="50.748471" lon="10.645956">
        <ele>600.3</ele>
      </trkpt>
      <trkpt lat="50.748552" lon="10.646387">
        <ele>598.7</ele>
      </trkpt>
      <trkpt lat="50.748633" lon="10.646819">
        <ele>597.3</ele>
      </trkpt>
      <trkpt lat="50.748755" lon="10.647255">
        <ele>596.6</ele>
      </trkpt>
      <trkpt lat="50.748827" lon="10.647422">
        <ele>596.5</ele>
        <name>Naturpark Thüringer Wald, Gräfenhain, Ohrdruf</name>
        <extensions>
          <oa:Extension>
            <oa:mapZoom>14</oa:mapZoom>
          </oa:Extension>
        </extensions>
      </trkpt>
      <trkpt lat="50.748982" lon="10.64778">
        <ele>596.2</ele>
      </trkpt>
      <trkpt lat="50.7491" lon="10.647965">
        <ele>596.0</ele>
      </trkpt>
      <trkpt lat="50.749238" lon="10.648228">
        <ele>595.1</ele>
      </trkpt>
      <trkpt lat="50.749386" lon="10.648532">
        <ele>593.6</ele>
      </trkpt>
      <trkpt lat="50.749654" lon="10.648986">
        <ele>591.1</ele>
      </trkpt>
      <trkpt lat="50.749847" lon="10.649379">
        <ele>589.5</ele>
      </trkpt>
      <trkpt lat="50.749835" lon="10.649617">
        <ele>587.6</ele>
      </trkpt>
      <trkpt lat="50.749837" lon="10.649732">
        <ele>586.6</ele>
      </trkpt>
      <trkpt lat="50.749849" lon="10.649844">
        <ele>585.8</ele>
      </trkpt>
      <trkpt lat="50.749869" lon="10.649936">
        <ele>585.1</ele>
      </trkpt>
      <trkpt lat="50.7499" lon="10.650017">
        <ele>584.3</ele>
      </trkpt>
      <trkpt lat="50.749971" lon="10.650171">
        <ele>583.0</ele>
      </trkpt>
      <trkpt lat="50.750022" lon="10.650247">
        <ele>582.4</ele>
      </trkpt>
      <trkpt lat="50.750086" lon="10.650316">
        <ele>581.7</ele>
      </trkpt>
      <trkpt lat="50.750216" lon="10.650436">
        <ele>580.7</ele>
      </trkpt>
      <trkpt lat="50.750317" lon="10.650498">
        <ele>580.1</ele>
      </trkpt>
      <trkpt lat="50.750482" lon="10.65056">
        <ele>579.3</ele>
      </trkpt>
      <trkpt lat="50.750731" lon="10.650623">
        <ele>578.2</ele>
      </trkpt>
      <trkpt lat="50.750979" lon="10.650687">
        <ele>577.9</ele>
      </trkpt>
      <trkpt lat="50.751088" lon="10.650733">
        <ele>577.2</ele>
      </trkpt>
      <trkpt lat="50.751158" lon="10.650778">
        <ele>576.9</ele>
      </trkpt>
      <trkpt lat="50.751453" lon="10.651003">
        <ele>575.5</ele>
      </trkpt>
      <trkpt lat="50.751543" lon="10.651058">
        <ele>575.1</ele>
      </trkpt>
      <trkpt lat="50.751655" lon="10.651095">
        <ele>574.5</ele>
      </trkpt>
      <trkpt lat="50.751901" lon="10.651133">
        <ele>573.9</ele>
      </trkpt>
      <trkpt lat="50.752023" lon="10.651168">
        <ele>573.2</ele>
      </trkpt>
      <trkpt lat="50.752064" lon="10.651169">
        <ele>573.0</ele>
      </trkpt>
      <trkpt lat="50.752114" lon="10.651152">
        <ele>572.7</ele>
      </trkpt>
      <trkpt lat="50.75213" lon="10.651141">
        <ele>572.7</ele>
      </trkpt>
      <trkpt lat="50.752156" lon="10.651104">
        <ele>572.7</ele>
      </trkpt>
      <trkpt lat="50.752213" lon="10.651001">
        <ele>572.7</ele>
      </trkpt>
      <trkpt lat="50.752421" lon="10.650581">
        <ele>573.2</ele>
      </trkpt>
      <trkpt lat="50.752538" lon="10.650281">
        <ele>574.0</ele>
      </trkpt>
      <trkpt lat="50.752623" lon="10.649976">
        <ele>575.4</ele>
      </trkpt>
      <trkpt lat="50.752699" lon="10.649434">
        <ele>578.3</ele>
      </trkpt>
      <trkpt lat="50.752776" lon="10.648892">
        <ele>580.5</ele>
      </trkpt>
      <trkpt lat="50.752803" lon="10.64828">
        <ele>583.7</ele>
      </trkpt>
      <trkpt lat="50.752885" lon="10.64794">
        <ele>585.5</ele>
      </trkpt>
      <trkpt lat="50.753002" lon="10.647633">
        <ele>587.1</ele>
      </trkpt>
      <trkpt lat="50.75312" lon="10.647326">
        <ele>588.6</ele>
      </trkpt>
      <trkpt lat="50.753417" lon="10.646884">
        <ele>592.0</ele>
      </trkpt>
      <trkpt lat="50.753788" lon="10.646519">
        <ele>595.3</ele>
      </trkpt>
      <trkpt lat="50.753994" lon="10.646289">
        <ele>597.1</ele>
      </trkpt>
      <trkpt lat="50.7542" lon="10.646059">
        <ele>599.1</ele>
      </trkpt>
      <trkpt lat="50.754514" lon="10.645754">
        <ele>602.2</ele>
      </trkpt>
      <trkpt lat="50.754828" lon="10.645448">
        <ele>605.5</ele>
      </trkpt>
      <trkpt lat="50.755142" lon="10.645143">
        <ele>609.3</ele>
      </trkpt>
      <trkpt lat="50.755439" lon="10.644844">
        <ele>612.9</ele>
      </trkpt>
      <trkpt lat="50.755508" lon="10.644682">
        <ele>614.3</ele>
      </trkpt>
      <trkpt lat="50.755534" lon="10.644503">
        <ele>615.4</ele>
      </trkpt>
      <trkpt lat="50.755603" lon="10.644011">
        <ele>617.4</ele>
      </trkpt>
      <trkpt lat="50.755651" lon="10.643785">
        <ele>618.0</ele>
      </trkpt>
      <trkpt lat="50.755678" lon="10.643705">
        <ele>618.2</ele>
      </trkpt>
      <trkpt lat="50.755741" lon="10.643628">
        <ele>618.5</ele>
      </trkpt>
      <trkpt lat="50.75586" lon="10.643553">
        <ele>619.2</ele>
      </trkpt>
      <trkpt lat="50.75602" lon="10.643476">
        <ele>620.7</ele>
      </trkpt>
      <trkpt lat="50.756252" lon="10.643382">
        <ele>623.0</ele>
      </trkpt>
      <trkpt lat="50.75645" lon="10.643397">
        <ele>624.7</ele>
      </trkpt>
      <trkpt lat="50.756573" lon="10.643355">
        <ele>625.5</ele>
      </trkpt>
      <trkpt lat="50.756722" lon="10.643236">
        <ele>626.5</ele>
      </trkpt>
      <trkpt lat="50.75677" lon="10.643154">
        <ele>626.9</ele>
      </trkpt>
      <trkpt lat="50.756806" lon="10.643084">
        <ele>627.1</ele>
      </trkpt>
      <trkpt lat="50.756884" lon="10.642936">
        <ele>627.6</ele>
      </trkpt>
      <trkpt lat="50.756967" lon="10.642855">
        <ele>628.0</ele>
      </trkpt>
      <trkpt lat="50.757021" lon="10.642834">
        <ele>628.2</ele>
      </trkpt>
      <trkpt lat="50.757072" lon="10.642829">
        <ele>628.5</ele>
      </trkpt>
      <trkpt lat="50.757192" lon="10.642838">
        <ele>629.4</ele>
      </trkpt>
      <trkpt lat="50.757378" lon="10.642824">
        <ele>631.1</ele>
      </trkpt>
      <trkpt lat="50.757571" lon="10.642701">
        <ele>632.7</ele>
      </trkpt>
      <trkpt lat="50.757804" lon="10.642645">
        <ele>634.1</ele>
      </trkpt>
      <trkpt lat="50.758093" lon="10.642574">
        <ele>636.3</ele>
      </trkpt>
      <trkpt lat="50.758381" lon="10.642502">
        <ele>638.8</ele>
      </trkpt>
      <trkpt lat="50.75875" lon="10.642431">
        <ele>640.1</ele>
      </trkpt>
      <trkpt lat="50.758991" lon="10.642418">
        <ele>639.9</ele>
      </trkpt>
      <trkpt lat="50.759251" lon="10.642402">
        <ele>638.9</ele>
      </trkpt>
      <trkpt lat="50.759479" lon="10.642335">
        <ele>637.9</ele>
      </trkpt>
      <trkpt lat="50.759728" lon="10.642219">
        <ele>637.6</ele>
      </trkpt>
      <trkpt lat="50.76" lon="10.641968">
        <ele>636.9</ele>
      </trkpt>
      <trkpt lat="50.760219" lon="10.641767">
        <ele>636.3</ele>
      </trkpt>
      <trkpt lat="50.760438" lon="10.641565">
        <ele>635.8</ele>
      </trkpt>
      <trkpt lat="50.760751" lon="10.641341">
        <ele>634.9</ele>
      </trkpt>
      <trkpt lat="50.760977" lon="10.641136">
        <ele>632.9</ele>
      </trkpt>
      <trkpt lat="50.761098" lon="10.640978">
        <ele>631.4</ele>
      </trkpt>
      <trkpt lat="50.761202" lon="10.640782">
        <ele>630.4</ele>
      </trkpt>
      <trkpt lat="50.761344" lon="10.640645">
        <ele>629.7</ele>
      </trkpt>
      <trkpt lat="50.761455" lon="10.640569">
        <ele>629.4</ele>
      </trkpt>
      <trkpt lat="50.761614" lon="10.640512">
        <ele>629.2</ele>
      </trkpt>
      <trkpt lat="50.761894" lon="10.640499">
        <ele>629.5</ele>
      </trkpt>
      <trkpt lat="50.761984" lon="10.640469">
        <ele>629.8</ele>
      </trkpt>
      <trkpt lat="50.76208" lon="10.64042">
        <ele>630.4</ele>
      </trkpt>
      <trkpt lat="50.762315" lon="10.640106">
        <ele>632.1</ele>
        <name>Naturpark Thüringer Wald, Tambach-Dietharz</name>
        <extensions>
          <oa:Extension>
            <oa:mapZoom>14</oa:mapZoom>
          </oa:Extension>
        </extensions>
      </trkpt>
      <trkpt lat="50.762408" lon="10.639982">
        <ele>632.8</ele>
      </trkpt>
      <trkpt lat="50.762614" lon="10.639776">
        <ele>632.9</ele>
      </trkpt>
      <trkpt lat="50.762819" lon="10.63957">
        <ele>632.5</ele>
      </trkpt>
      <trkpt lat="50.763074" lon="10.639368">
        <ele>632.2</ele>
      </trkpt>
      <trkpt lat="50.763329" lon="10.639165">
        <ele>631.4</ele>
      </trkpt>
      <trkpt lat="50.763657" lon="10.639038">
        <ele>630.0</ele>
      </trkpt>
      <trkpt lat="50.763989" lon="10.638973">
        <ele>628.9</ele>
      </trkpt>
      <trkpt lat="50.764105" lon="10.638975">
        <ele>628.8</ele>
      </trkpt>
      <trkpt lat="50.764237" lon="10.638968">
        <ele>628.8</ele>
      </trkpt>
      <trkpt lat="50.76433" lon="10.638986">
        <ele>628.9</ele>
      </trkpt>
      <trkpt lat="50.764352" lon="10.638994">
        <ele>628.9</ele>
      </trkpt>
      <trkpt lat="50.764415" lon="10.639032">
        <ele>629.0</ele>
      </trkpt>
      <trkpt lat="50.764482" lon="10.639093">
        <ele>629.3</ele>
      </trkpt>
      <trkpt lat="50.764557" lon="10.639186">
        <ele>629.6</ele>
      </trkpt>
      <trkpt lat="50.764788" lon="10.639582">
        <ele>631.0</ele>
      </trkpt>
      <trkpt lat="50.76496" lon="10.639894">
        <ele>631.9</ele>
      </trkpt>
      <trkpt lat="50.765054" lon="10.640014">
        <ele>632.2</ele>
      </trkpt>
      <trkpt lat="50.76531" lon="10.640248">
        <ele>632.2</ele>
      </trkpt>
      <trkpt lat="50.765626" lon="10.640567">
        <ele>631.7</ele>
      </trkpt>
      <trkpt lat="50.7659" lon="10.640711">
        <ele>632.0</ele>
      </trkpt>
      <trkpt lat="50.766231" lon="10.640821">
        <ele>632.2</ele>
      </trkpt>
      <trkpt lat="50.76655" lon="10.640899">
        <ele>632.5</ele>
      </trkpt>
      <trkpt lat="50.766869" lon="10.640976">
        <ele>632.8</ele>
      </trkpt>
      <trkpt lat="50.767188" lon="10.641054">
        <ele>633.0</ele>
      </trkpt>
      <trkpt lat="50.76761" lon="10.641117">
        <ele>632.4</ele>
      </trkpt>
      <trkpt lat="50.768032" lon="10.64118">
        <ele>630.6</ele>
      </trkpt>
      <trkpt lat="50.768455" lon="10.641243">
        <ele>632.2</ele>
      </trkpt>
      <trkpt lat="50.768774" lon="10.641324">
        <ele>633.1</ele>
      </trkpt>
      <trkpt lat="50.769094" lon="10.641405">
        <ele>631.2</ele>
      </trkpt>
      <trkpt lat="50.769272" lon="10.641349">
        <ele>629.6</ele>
      </trkpt>
      <trkpt lat="50.769417" lon="10.64129">
        <ele>628.4</ele>
      </trkpt>
      <trkpt lat="50.769603" lon="10.641199">
        <ele>627.0</ele>
      </trkpt>
      <trkpt lat="50.76978" lon="10.641106">
        <ele>625.2</ele>
      </trkpt>
      <trkpt lat="50.769992" lon="10.640974">
        <ele>623.1</ele>
      </trkpt>
      <trkpt lat="50.77011" lon="10.640921">
        <ele>622.1</ele>
      </trkpt>
      <trkpt lat="50.770219" lon="10.640897">
        <ele>621.2</ele>
      </trkpt>
      <trkpt lat="50.770356" lon="10.640887">
        <ele>620.1</ele>
      </trkpt>
      <trkpt lat="50.770515" lon="10.640888">
        <ele>619.1</ele>
      </trkpt>
      <trkpt lat="50.77063" lon="10.640918">
        <ele>618.3</ele>
      </trkpt>
      <trkpt lat="50.770717" lon="10.640983">
        <ele>617.8</ele>
      </trkpt>
      <trkpt lat="50.770768" lon="10.641094">
        <ele>617.3</ele>
      </trkpt>
      <trkpt lat="50.770875" lon="10.641486">
        <ele>615.8</ele>
      </trkpt>
      <trkpt lat="50.770971" lon="10.641852">
        <ele>614.4</ele>
      </trkpt>
      <trkpt lat="50.771059" lon="10.642231">
        <ele>612.8</ele>
      </trkpt>
      <trkpt lat="50.771147" lon="10.642609">
        <ele>611.4</ele>
      </trkpt>
      <trkpt lat="50.771255" lon="10.643046">
        <ele>610.2</ele>
      </trkpt>
      <trkpt lat="50.77137" lon="10.643469">
        <ele>609.7</ele>
      </trkpt>
      <trkpt lat="50.771439" lon="10.643676">
        <ele>609.8</ele>
      </trkpt>
      <trkpt lat="50.771517" lon="10.643877">
        <ele>610.0</ele>
      </trkpt>
      <trkpt lat="50.771651" lon="10.64417">
        <ele>610.5</ele>
      </trkpt>
      <trkpt lat="50.77176" lon="10.64439">
        <ele>610.0</ele>
      </trkpt>
      <trkpt lat="50.771885" lon="10.644614">
        <ele>609.9</ele>
      </trkpt>
      <trkpt lat="50.771953" lon="10.644683">
        <ele>609.9</ele>
      </trkpt>
      <trkpt lat="50.772029" lon="10.644721">
        <ele>609.8</ele>
      </trkpt>
      <trkpt lat="50.772105" lon="10.644738">
        <ele>609.6</ele>
      </trkpt>
      <trkpt lat="50.772195" lon="10.644708">
        <ele>609.2</ele>
      </trkpt>
      <trkpt lat="50.772623" lon="10.644538">
        <ele>606.8</ele>
      </trkpt>
      <trkpt lat="50.772815" lon="10.644486">
        <ele>605.4</ele>
      </trkpt>
      <trkpt lat="50.77299" lon="10.64444">
        <ele>603.7</ele>
      </trkpt>
      <trkpt lat="50.773234" lon="10.644413">
        <ele>601.2</ele>
      </trkpt>
      <trkpt lat="50.773466" lon="10.644398">
        <ele>599.5</ele>
      </trkpt>
      <trkpt lat="50.773698" lon="10.644383">
        <ele>598.0</ele>
      </trkpt>
      <trkpt lat="50.773958" lon="10.644346">
        <ele>596.1</ele>
      </trkpt>
      <trkpt lat="50.774154" lon="10.644278">
        <ele>594.3</ele>
      </trkpt>
      <trkpt lat="50.774386" lon="10.644191">
        <ele>591.7</ele>
      </trkpt>
      <trkpt lat="50.774466" lon="10.644099">
        <ele>590.6</ele>
      </trkpt>
      <trkpt lat="50.774516" lon="10.643989">
        <ele>589.6</ele>
      </trkpt>
      <trkpt lat="50.774557" lon="10.643832">
        <ele>588.3</ele>
      </trkpt>
      <trkpt lat="50.774644" lon="10.64331">
        <ele>584.6</ele>
      </trkpt>
      <trkpt lat="50.774731" lon="10.642788">
        <ele>581.4</ele>
      </trkpt>
      <trkpt lat="50.774823" lon="10.642216">
        <ele>577.9</ele>
      </trkpt>
      <trkpt lat="50.77495" lon="10.641658">
        <ele>574.0</ele>
      </trkpt>
      <trkpt lat="50.775086" lon="10.641196">
        <ele>570.9</ele>
      </trkpt>
      <trkpt lat="50.775064" lon="10.641509">
        <ele>571.8</ele>
      </trkpt>
      <trkpt lat="50.775018" lon="10.64188">
        <ele>572.8</ele>
      </trkpt>
      <trkpt lat="50.774952" lon="10.642224">
        <ele>573.2</ele>
      </trkpt>
      <trkpt lat="50.774918" lon="10.642409">
        <ele>573.3</ele>
      </trkpt>
      <trkpt lat="50.774897" lon="10.642623">
        <ele>573.5</ele>
      </trkpt>
      <trkpt lat="50.7749" lon="10.64296">
        <ele>573.8</ele>
      </trkpt>
      <trkpt lat="50.774931" lon="10.643377">
        <ele>574.0</ele>
      </trkpt>
      <trkpt lat="50.775174" lon="10.643394">
        <ele>573.3</ele>
      </trkpt>
      <trkpt lat="50.775521" lon="10.643419">
        <ele>573.3</ele>
      </trkpt>
      <trkpt lat="50.775868" lon="10.643443">
        <ele>573.3</ele>
      </trkpt>
      <trkpt lat="50.776215" lon="10.643468">
        <ele>573.3</ele>
      </trkpt>
      <trkpt lat="50.776562" lon="10.643492">
        <ele>573.3</ele>
      </trkpt>
      <trkpt lat="50.776908" lon="10.643516">
        <ele>573.3</ele>
      </trkpt>
      <trkpt lat="50.777255" lon="10.643541">
        <ele>573.3</ele>
      </trkpt>
      <trkpt lat="50.777601" lon="10.643565">
        <ele>573.3</ele>
      </trkpt>
      <trkpt lat="50.777948" lon="10.643589">
        <ele>573.2</ele>
      </trkpt>
      <trkpt lat="50.777992" lon="10.643634">
        <ele>573.2</ele>
      </trkpt>
      <trkpt lat="50.77802" lon="10.643715">
        <ele>573.2</ele>
      </trkpt>
      <trkpt lat="50.778025" lon="10.643838">
        <ele>573.1</ele>
      </trkpt>
      <trkpt lat="50.777944" lon="10.644296">
        <ele>572.8</ele>
      </trkpt>
      <trkpt lat="50.777882" lon="10.644862">
        <ele>573.2</ele>
      </trkpt>
      <trkpt lat="50.777855" lon="10.645303">
        <ele>576.1</ele>
      </trkpt>
      <trkpt lat="50.777829" lon="10.645745">
        <ele>578.9</ele>
      </trkpt>
      <trkpt lat="50.777783" lon="10.646202">
        <ele>582.0</ele>
      </trkpt>
      <trkpt lat="50.777769" lon="10.646771">
        <ele>586.2</ele>
      </trkpt>
      <trkpt lat="50.777834" lon="10.647351">
        <ele>590.0</ele>
      </trkpt>
      <trkpt lat="50.77788" lon="10.64784">
        <ele>593.1</ele>
      </trkpt>
      <trkpt lat="50.777927" lon="10.648329">
        <ele>595.8</ele>
      </trkpt>
      <trkpt lat="50.778017" lon="10.648804">
        <ele>598.3</ele>
      </trkpt>
      <trkpt lat="50.778107" lon="10.649279">
        <ele>600.9</ele>
      </trkpt>
      <trkpt lat="50.778223" lon="10.64985">
        <ele>604.4</ele>
      </trkpt>
      <trkpt lat="50.778339" lon="10.650421">
        <ele>607.9</ele>
      </trkpt>
      <trkpt lat="50.778471" lon="10.651009">
        <ele>611.5</ele>
      </trkpt>
      <trkpt lat="50.77854" lon="10.651335">
        <ele>613.6</ele>
      </trkpt>
      <trkpt lat="50.778523" lon="10.651704">
        <ele>616.2</ele>
      </trkpt>
      <trkpt lat="50.778491" lon="10.651902">
        <ele>617.6</ele>
      </trkpt>
      <trkpt lat="50.778496" lon="10.652103">
        <ele>618.6</ele>
      </trkpt>
      <trkpt lat="50.778554" lon="10.652516">
        <ele>620.3</ele>
      </trkpt>
      <trkpt lat="50.778656" lon="10.653087">
        <ele>622.9</ele>
      </trkpt>
      <trkpt lat="50.778685" lon="10.65329">
        <ele>624.1</ele>
      </trkpt>
      <trkpt lat="50.778698" lon="10.653499">
        <ele>625.3</ele>
      </trkpt>
      <trkpt lat="50.778626" lon="10.653754">
        <ele>626.9</ele>
      </trkpt>
      <trkpt lat="50.778541" lon="10.654135">
        <ele>629.2</ele>
      </trkpt>
      <trkpt lat="50.778463" lon="10.654571">
        <ele>631.5</ele>
      </trkpt>
      <trkpt lat="50.778378" lon="10.654843">
        <ele>632.9</ele>
      </trkpt>
      <trkpt lat="50.77828" lon="10.655119">
        <ele>634.2</ele>
      </trkpt>
      <trkpt lat="50.778027" lon="10.6556">
        <ele>636.0</ele>
      </trkpt>
      <trkpt lat="50.777923" lon="10.65575">
        <ele>635.8</ele>
      </trkpt>
      <trkpt lat="50.777839" lon="10.655956">
        <ele>635.2</ele>
      </trkpt>
      <trkpt lat="50.777765" lon="10.656311">
        <ele>634.1</ele>
      </trkpt>
      <trkpt lat="50.777768" lon="10.656458">
        <ele>633.7</ele>
      </trkpt>
      <trkpt lat="50.777714" lon="10.656806">
        <ele>631.4</ele>
      </trkpt>
      <trkpt lat="50.777597" lon="10.657242">
        <ele>628.1</ele>
      </trkpt>
      <trkpt lat="50.777481" lon="10.657679">
        <ele>627.2</ele>
      </trkpt>
      <trkpt lat="50.777319" lon="10.658005">
        <ele>623.6</ele>
      </trkpt>
      <trkpt lat="50.777158" lon="10.65833">
        <ele>621.7</ele>
      </trkpt>
      <trkpt lat="50.776993" lon="10.658671">
        <ele>619.6</ele>
      </trkpt>
      <trkpt lat="50.776944" lon="10.65879">
        <ele>618.9</ele>
      </trkpt>
      <trkpt lat="50.776909" lon="10.65892">
        <ele>618.2</ele>
      </trkpt>
      <trkpt lat="50.77687" lon="10.659324">
        <ele>616.5</ele>
      </trkpt>
      <trkpt lat="50.776735" lon="10.659949">
        <ele>613.1</ele>
      </trkpt>
      <trkpt lat="50.776642" lon="10.660231">
        <ele>611.7</ele>
      </trkpt>
      <trkpt lat="50.776455" lon="10.660664">
        <ele>609.2</ele>
      </trkpt>
      <trkpt lat="50.776267" lon="10.661098">
        <ele>606.7</ele>
      </trkpt>
      <trkpt lat="50.776079" lon="10.661532">
        <ele>604.1</ele>
      </trkpt>
      <trkpt lat="50.775857" lon="10.66207">
        <ele>601.4</ele>
      </trkpt>
      <trkpt lat="50.775844" lon="10.662083">
        <ele>601.3</ele>
      </trkpt>
      <trkpt lat="50.775762" lon="10.662164">
        <ele>601.2</ele>
      </trkpt>
      <trkpt lat="50.7757" lon="10.662227">
        <ele>601.5</ele>
      </trkpt>
      <trkpt lat="50.77569" lon="10.662395">
        <ele>602.6</ele>
      </trkpt>
      <trkpt lat="50.775677" lon="10.662586">
        <ele>604.2</ele>
      </trkpt>
      <trkpt lat="50.775649" lon="10.662782">
        <ele>606.0</ele>
      </trkpt>
      <trkpt lat="50.775621" lon="10.662917">
        <ele>607.0</ele>
      </trkpt>
      <trkpt lat="50.775565" lon="10.662999">
        <ele>607.7</ele>
      </trkpt>
      <trkpt lat="50.775439" lon="10.663124">
        <ele>609.6</ele>
      </trkpt>
      <trkpt lat="50.77504" lon="10.663416">
        <ele>615.7</ele>
      </trkpt>
      <trkpt lat="50.77482" lon="10.663466">
        <ele>618.8</ele>
      </trkpt>
      <trkpt lat="50.774509" lon="10.663483">
        <ele>623.6</ele>
      </trkpt>
      <trkpt lat="50.774247" lon="10.663569">
        <ele>627.4</ele>
      </trkpt>
      <trkpt lat="50.774015" lon="10.66368">
        <ele>630.4</ele>
      </trkpt>
      <trkpt lat="50.773853" lon="10.663795">
        <ele>631.9</ele>
      </trkpt>
      <trkpt lat="50.773705" lon="10.663938">
        <ele>633.2</ele>
      </trkpt>
      <trkpt lat="50.773545" lon="10.664092">
        <ele>634.9</ele>
      </trkpt>
      <trkpt lat="50.773498" lon="10.664136">
        <ele>635.4</ele>
      </trkpt>
      <trkpt lat="50.773191" lon="10.664556">
        <ele>638.3</ele>
      </trkpt>
      <trkpt lat="50.772884" lon="10.664976">
        <ele>641.4</ele>
      </trkpt>
      <trkpt lat="50.772681" lon="10.665403">
        <ele>643.9</ele>
      </trkpt>
      <trkpt lat="50.772479" lon="10.66583">
        <ele>647.3</ele>
      </trkpt>
      <trkpt lat="50.772375" lon="10.66625">
        <ele>650.7</ele>
      </trkpt>
      <trkpt lat="50.772271" lon="10.666669">
        <ele>653.0</ele>
      </trkpt>
      <trkpt lat="50.772223" lon="10.667074">
        <ele>654.4</ele>
      </trkpt>
      <trkpt lat="50.772175" lon="10.667479">
        <ele>658.0</ele>
      </trkpt>
      <trkpt lat="50.772134" lon="10.66774">
        <ele>660.5</ele>
      </trkpt>
      <trkpt lat="50.772076" lon="10.667739">
        <ele>661.5</ele>
        <name>Naturpark Thüringer Wald, Gräfenhain, Ohrdruf</name>
        <extensions>
          <oa:Extension>
            <oa:mapZoom>14</oa:mapZoom>
          </oa:Extension>
        </extensions>
      </trkpt>
      <trkpt lat="50.772134" lon="10.66774">
        <ele>660.5</ele>
      </trkpt>
      <trkpt lat="50.772179" lon="10.667801">
        <ele>660.6</ele>
      </trkpt>
      <trkpt lat="50.772088" lon="10.668123">
        <ele>665.1</ele>
      </trkpt>
      <trkpt lat="50.77187" lon="10.668468">
        <ele>676.9</ele>
      </trkpt>
      <trkpt lat="50.771591" lon="10.668615">
        <ele>685.5</ele>
      </trkpt>
      <trkpt lat="50.771313" lon="10.668761">
        <ele>692.1</ele>
      </trkpt>
      <trkpt lat="50.771025" lon="10.668918">
        <ele>695.6</ele>
      </trkpt>
      <trkpt lat="50.770737" lon="10.669075">
        <ele>698.6</ele>
      </trkpt>
      <trkpt lat="50.770489" lon="10.669176">
        <ele>700.2</ele>
      </trkpt>
      <trkpt lat="50.770242" lon="10.669276">
        <ele>703.6</ele>
      </trkpt>
      <trkpt lat="50.769918" lon="10.669458">
        <ele>708.4</ele>
      </trkpt>
      <trkpt lat="50.769767" lon="10.669522">
        <ele>710.8</ele>
      </trkpt>
      <trkpt lat="50.769449" lon="10.669361">
        <ele>708.7</ele>
      </trkpt>
      <trkpt lat="50.769328" lon="10.668889">
        <ele>708.1</ele>
      </trkpt>
      <trkpt lat="50.76941" lon="10.668352">
        <ele>712.0</ele>
      </trkpt>
      <trkpt lat="50.769657" lon="10.667961">
        <ele>712.7</ele>
      </trkpt>
      <trkpt lat="50.76972" lon="10.66769">
        <ele>713.6</ele>
      </trkpt>
      <trkpt lat="50.769596" lon="10.667796">
        <ele>714.4</ele>
      </trkpt>
      <trkpt lat="50.769449" lon="10.667918">
        <ele>715.3</ele>
      </trkpt>
      <trkpt lat="50.769254" lon="10.668061">
        <ele>716.6</ele>
      </trkpt>
      <trkpt lat="50.769056" lon="10.668224">
        <ele>717.9</ele>
      </trkpt>
      <trkpt lat="50.768957" lon="10.668337">
        <ele>718.6</ele>
      </trkpt>
      <trkpt lat="50.768858" lon="10.668489">
        <ele>719.3</ele>
      </trkpt>
      <trkpt lat="50.768665" lon="10.66881">
        <ele>721.3</ele>
      </trkpt>
      <trkpt lat="50.768487" lon="10.668979">
        <ele>722.7</ele>
      </trkpt>
      <trkpt lat="50.768344" lon="10.669125">
        <ele>723.3</ele>
      </trkpt>
      <trkpt lat="50.768243" lon="10.669319">
        <ele>723.9</ele>
      </trkpt>
      <trkpt lat="50.768225" lon="10.669402">
        <ele>724.2</ele>
      </trkpt>
      <trkpt lat="50.768221" lon="10.669476">
        <ele>724.3</ele>
      </trkpt>
      <trkpt lat="50.768264" lon="10.669734">
        <ele>724.9</ele>
      </trkpt>
      <trkpt lat="50.768358" lon="10.670115">
        <ele>726.1</ele>
      </trkpt>
      <trkpt lat="50.768183" lon="10.670309">
        <ele>726.9</ele>
      </trkpt>
      <trkpt lat="50.76802" lon="10.670458">
        <ele>727.8</ele>
      </trkpt>
      <trkpt lat="50.767728" lon="10.670415">
        <ele>727.3</ele>
      </trkpt>
      <trkpt lat="50.767436" lon="10.670372">
        <ele>727.1</ele>
      </trkpt>
      <trkpt lat="50.767071" lon="10.670346">
        <ele>727.4</ele>
      </trkpt>
      <trkpt lat="50.766929" lon="10.670365">
        <ele>727.7</ele>
      </trkpt>
      <trkpt lat="50.766793" lon="10.670418">
        <ele>728.0</ele>
      </trkpt>
      <trkpt lat="50.766627" lon="10.670525">
        <ele>728.9</ele>
      </trkpt>
      <trkpt lat="50.766468" lon="10.670687">
        <ele>729.5</ele>
      </trkpt>
      <trkpt lat="50.766299" lon="10.670809">
        <ele>730.0</ele>
      </trkpt>
      <trkpt lat="50.766249" lon="10.670832">
        <ele>730.1</ele>
      </trkpt>
      <trkpt lat="50.766122" lon="10.670893">
        <ele>730.6</ele>
      </trkpt>
      <trkpt lat="50.765864" lon="10.67092">
        <ele>731.7</ele>
      </trkpt>
      <trkpt lat="50.765491" lon="10.670959">
        <ele>733.2</ele>
      </trkpt>
      <trkpt lat="50.765314" lon="10.671005">
        <ele>733.9</ele>
      </trkpt>
      <trkpt lat="50.764977" lon="10.671195">
        <ele>734.5</ele>
      </trkpt>
      <trkpt lat="50.764674" lon="10.671272">
        <ele>735.0</ele>
      </trkpt>
      <trkpt lat="50.76429" lon="10.671285">
        <ele>735.4</ele>
      </trkpt>
      <trkpt lat="50.763907" lon="10.671298">
        <ele>735.2</ele>
      </trkpt>
      <trkpt lat="50.763552" lon="10.671175">
        <ele>735.0</ele>
      </trkpt>
      <trkpt lat="50.763156" lon="10.671064">
        <ele>736.2</ele>
      </trkpt>
      <trkpt lat="50.762759" lon="10.670954">
        <ele>737.4</ele>
      </trkpt>
      <trkpt lat="50.762358" lon="10.670748">
        <ele>739.4</ele>
      </trkpt>
      <trkpt lat="50.762063" lon="10.670538">
        <ele>741.0</ele>
      </trkpt>
      <trkpt lat="50.76191" lon="10.670429">
        <ele>741.3</ele>
      </trkpt>
      <trkpt lat="50.761682" lon="10.670256">
        <ele>741.5</ele>
      </trkpt>
      <trkpt lat="50.761453" lon="10.670084">
        <ele>740.7</ele>
      </trkpt>
      <trkpt lat="50.761255" lon="10.66988">
        <ele>740.1</ele>
      </trkpt>
      <trkpt lat="50.761085" lon="10.669653">
        <ele>739.5</ele>
      </trkpt>
      <trkpt lat="50.760854" lon="10.669407">
        <ele>738.6</ele>
      </trkpt>
      <trkpt lat="50.760753" lon="10.66931">
        <ele>738.3</ele>
      </trkpt>
      <trkpt lat="50.76066" lon="10.66925">
        <ele>738.1</ele>
      </trkpt>
      <trkpt lat="50.760369" lon="10.669086">
        <ele>737.3</ele>
      </trkpt>
      <trkpt lat="50.760079" lon="10.668921">
        <ele>736.8</ele>
      </trkpt>
      <trkpt lat="50.75984" lon="10.668742">
        <ele>736.6</ele>
      </trkpt>
      <trkpt lat="50.759602" lon="10.668563">
        <ele>737.0</ele>
      </trkpt>
      <trkpt lat="50.759367" lon="10.668395">
        <ele>737.6</ele>
      </trkpt>
      <trkpt lat="50.759132" lon="10.668227">
        <ele>738.3</ele>
      </trkpt>
      <trkpt lat="50.759083" lon="10.668213">
        <ele>738.4</ele>
      </trkpt>
      <trkpt lat="50.758736" lon="10.668118">
        <ele>739.5</ele>
      </trkpt>
      <trkpt lat="50.758499" lon="10.668026">
        <ele>740.2</ele>
      </trkpt>
      <trkpt lat="50.758262" lon="10.667934">
        <ele>740.5</ele>
      </trkpt>
      <trkpt lat="50.757957" lon="10.667834">
        <ele>740.1</ele>
      </trkpt>
      <trkpt lat="50.757733" lon="10.667764">
        <ele>739.9</ele>
      </trkpt>
      <trkpt lat="50.757686" lon="10.667778">
        <ele>739.8</ele>
        <name>Gräfenhainer Straße, Gräfenhain, Ohrdruf</name>
        <extensions>
          <oa:Extension>
            <oa:mapZoom>14</oa:mapZoom>
          </oa:Extension>
        </extensions>
      </trkpt>
      <trkpt lat="50.757537" lon="10.667821">
        <ele>739.6</ele>
      </trkpt>
      <trkpt lat="50.75745" lon="10.66787">
        <ele>739.4</ele>
      </trkpt>
      <trkpt lat="50.757321" lon="10.667921">
        <ele>739.7</ele>
      </trkpt>
      <trkpt lat="50.757237" lon="10.668071">
        <ele>739.7</ele>
      </trkpt>
      <trkpt lat="50.757117" lon="10.668239">
        <ele>741.4</ele>
      </trkpt>
      <trkpt lat="50.756972" lon="10.668331">
        <ele>742.4</ele>
      </trkpt>
      <trkpt lat="50.756781" lon="10.668406">
        <ele>743.5</ele>
      </trkpt>
      <trkpt lat="50.75669" lon="10.668457">
        <ele>743.6</ele>
      </trkpt>
      <trkpt lat="50.7566" lon="10.668559">
        <ele>743.4</ele>
      </trkpt>
      <trkpt lat="50.756505" lon="10.66876">
        <ele>742.8</ele>
      </trkpt>
      <trkpt lat="50.75638" lon="10.669055">
        <ele>741.9</ele>
      </trkpt>
      <trkpt lat="50.756176" lon="10.669395">
        <ele>741.3</ele>
      </trkpt>
      <trkpt lat="50.756079" lon="10.669629">
        <ele>741.2</ele>
      </trkpt>
      <trkpt lat="50.755941" lon="10.66997">
        <ele>741.0</ele>
      </trkpt>
      <trkpt lat="50.755875" lon="10.670182">
        <ele>741.3</ele>
      </trkpt>
      <trkpt lat="50.755827" lon="10.670421">
        <ele>741.4</ele>
      </trkpt>
      <trkpt lat="50.755778" lon="10.670734">
        <ele>741.3</ele>
      </trkpt>
      <trkpt lat="50.755724" lon="10.671167">
        <ele>740.7</ele>
      </trkpt>
      <trkpt lat="50.75569" lon="10.671372">
        <ele>740.7</ele>
      </trkpt>
      <trkpt lat="50.755559" lon="10.671827">
        <ele>741.9</ele>
      </trkpt>
      <trkpt lat="50.755418" lon="10.672247">
        <ele>741.2</ele>
      </trkpt>
      <trkpt lat="50.755301" lon="10.672624">
        <ele>739.6</ele>
      </trkpt>
      <trkpt lat="50.755172" lon="10.6729">
        <ele>738.0</ele>
      </trkpt>
      <trkpt lat="50.755114" lon="10.673061">
        <ele>736.7</ele>
      </trkpt>
      <trkpt lat="50.755118" lon="10.673367">
        <ele>733.7</ele>
      </trkpt>
      <trkpt lat="50.755218" lon="10.673673">
        <ele>730.8</ele>
      </trkpt>
      <trkpt lat="50.755396" lon="10.673992">
        <ele>727.5</ele>
      </trkpt>
      <trkpt lat="50.755564" lon="10.674295">
        <ele>724.4</ele>
      </trkpt>
      <trkpt lat="50.755732" lon="10.674598">
        <ele>720.7</ele>
      </trkpt>
      <trkpt lat="50.755849" lon="10.674822">
        <ele>718.3</ele>
      </trkpt>
      <trkpt lat="50.755868" lon="10.674913">
        <ele>717.5</ele>
      </trkpt>
      <trkpt lat="50.755903" lon="10.675079">
        <ele>716.3</ele>
      </trkpt>
      <trkpt lat="50.755922" lon="10.675337">
        <ele>714.4</ele>
      </trkpt>
      <trkpt lat="50.75601" lon="10.675772">
        <ele>711.2</ele>
      </trkpt>
      <trkpt lat="50.756143" lon="10.676255">
        <ele>707.8</ele>
      </trkpt>
      <trkpt lat="50.756242" lon="10.6765">
        <ele>706.0</ele>
      </trkpt>
      <trkpt lat="50.756498" lon="10.676994">
        <ele>703.5</ele>
      </trkpt>
      <trkpt lat="50.756713" lon="10.677514">
        <ele>701.1</ele>
      </trkpt>
      <trkpt lat="50.756714" lon="10.677692">
        <ele>700.6</ele>
      </trkpt>
      <trkpt lat="50.75674" lon="10.677912">
        <ele>700.1</ele>
      </trkpt>
      <trkpt lat="50.756825" lon="10.677875">
        <ele>700.0</ele>
        <name>Naturpark Thüringer Wald, Luisenthal, Ohrdruf</name>
        <extensions>
          <oa:Extension>
            <oa:mapZoom>14</oa:mapZoom>
          </oa:Extension>
        </extensions>
      </trkpt>
      <trkpt lat="50.75674" lon="10.677912">
        <ele>700.1</ele>
      </trkpt>
      <trkpt lat="50.756489" lon="10.678019">
        <ele>699.8</ele>
      </trkpt>
      <trkpt lat="50.756238" lon="10.678126">
        <ele>698.1</ele>
      </trkpt>
      <trkpt lat="50.756049" lon="10.678206">
        <ele>695.4</ele>
      </trkpt>
      <trkpt lat="50.75584" lon="10.678284">
        <ele>691.4</ele>
      </trkpt>
      <trkpt lat="50.755713" lon="10.678502">
        <ele>688.2</ele>
      </trkpt>
      <trkpt lat="50.755641" lon="10.678598">
        <ele>686.9</ele>
      </trkpt>
      <trkpt lat="50.755555" lon="10.678593">
        <ele>685.8</ele>
      </trkpt>
      <trkpt lat="50.755393" lon="10.678336">
        <ele>684.3</ele>
      </trkpt>
      <trkpt lat="50.75516" lon="10.677991">
        <ele>681.9</ele>
      </trkpt>
      <trkpt lat="50.755065" lon="10.677924">
        <ele>680.8</ele>
      </trkpt>
      <trkpt lat="50.755012" lon="10.677938">
        <ele>680.1</ele>
      </trkpt>
      <trkpt lat="50.754961" lon="10.678044">
        <ele>678.8</ele>
      </trkpt>
      <trkpt lat="50.754958" lon="10.678133">
        <ele>678.0</ele>
      </trkpt>
      <trkpt lat="50.754985" lon="10.678331">
        <ele>676.8</ele>
      </trkpt>
      <trkpt lat="50.755062" lon="10.678715">
        <ele>674.2</ele>
      </trkpt>
      <trkpt lat="50.755123" lon="10.679308">
        <ele>670.8</ele>
      </trkpt>
      <trkpt lat="50.755206" lon="10.679915">
        <ele>666.3</ele>
      </trkpt>
      <trkpt lat="50.755241" lon="10.680277">
        <ele>663.8</ele>
      </trkpt>
      <trkpt lat="50.755293" lon="10.680799">
        <ele>660.1</ele>
      </trkpt>
      <trkpt lat="50.755403" lon="10.681327">
        <ele>656.1</ele>
      </trkpt>
      <trkpt lat="50.755522" lon="10.681699">
        <ele>652.9</ele>
      </trkpt>
      <trkpt lat="50.755642" lon="10.682072">
        <ele>649.7</ele>
      </trkpt>
      <trkpt lat="50.75581" lon="10.682549">
        <ele>645.5</ele>
      </trkpt>
      <trkpt lat="50.755998" lon="10.683129">
        <ele>640.3</ele>
      </trkpt>
      <trkpt lat="50.756195" lon="10.683711">
        <ele>635.1</ele>
      </trkpt>
      <trkpt lat="50.756249" lon="10.683851">
        <ele>634.0</ele>
      </trkpt>
      <trkpt lat="50.756391" lon="10.684418">
        <ele>632.1</ele>
      </trkpt>
      <trkpt lat="50.756523" lon="10.68509">
        <ele>633.4</ele>
      </trkpt>
      <trkpt lat="50.756567" lon="10.685368">
        <ele>632.2</ele>
      </trkpt>
      <trkpt lat="50.756585" lon="10.68565">
        <ele>632.1</ele>
      </trkpt>
      <trkpt lat="50.75656" lon="10.685851">
        <ele>632.2</ele>
      </trkpt>
      <trkpt lat="50.756501" lon="10.686225">
        <ele>632.0</ele>
      </trkpt>
      <trkpt lat="50.756488" lon="10.686285">
        <ele>632.0</ele>
      </trkpt>
      <trkpt lat="50.756412" lon="10.686651">
        <ele>632.2</ele>
      </trkpt>
      <trkpt lat="50.756271" lon="10.687015">
        <ele>632.0</ele>
      </trkpt>
      <trkpt lat="50.756046" lon="10.687412">
        <ele>632.3</ele>
      </trkpt>
      <trkpt lat="50.755922" lon="10.68762">
        <ele>632.6</ele>
      </trkpt>
      <trkpt lat="50.755823" lon="10.687787">
        <ele>632.6</ele>
      </trkpt>
      <trkpt lat="50.755798" lon="10.687913">
        <ele>632.4</ele>
      </trkpt>
      <trkpt lat="50.755794" lon="10.688042">
        <ele>632.6</ele>
      </trkpt>
      <trkpt lat="50.755834" lon="10.68819">
        <ele>632.5</ele>
      </trkpt>
      <trkpt lat="50.755921" lon="10.688331">
        <ele>632.3</ele>
      </trkpt>
      <trkpt lat="50.756185" lon="10.688539">
        <ele>631.4</ele>
      </trkpt>
      <trkpt lat="50.756448" lon="10.688747">
        <ele>629.7</ele>
      </trkpt>
      <trkpt lat="50.756692" lon="10.688944">
        <ele>627.2</ele>
      </trkpt>
      <trkpt lat="50.756935" lon="10.68914">
        <ele>624.7</ele>
      </trkpt>
      <trkpt lat="50.757267" lon="10.689421">
        <ele>620.5</ele>
      </trkpt>
      <trkpt lat="50.7576" lon="10.689702">
        <ele>615.7</ele>
      </trkpt>
      <trkpt lat="50.757932" lon="10.689982">
        <ele>610.7</ele>
      </trkpt>
      <trkpt lat="50.758264" lon="10.690263">
        <ele>606.1</ele>
      </trkpt>
      <trkpt lat="50.758613" lon="10.690514">
        <ele>601.8</ele>
      </trkpt>
      <trkpt lat="50.758961" lon="10.690765">
        <ele>596.7</ele>
      </trkpt>
      <trkpt lat="50.759265" lon="10.691019">
        <ele>592.5</ele>
      </trkpt>
      <trkpt lat="50.75949" lon="10.691297">
        <ele>589.0</ele>
      </trkpt>
      <trkpt lat="50.759639" lon="10.691638">
        <ele>585.8</ele>
      </trkpt>
      <trkpt lat="50.759845" lon="10.692183">
        <ele>580.0</ele>
      </trkpt>
      <trkpt lat="50.760051" lon="10.6927">
        <ele>575.4</ele>
      </trkpt>
      <trkpt lat="50.760258" lon="10.693217">
        <ele>570.5</ele>
      </trkpt>
      <trkpt lat="50.760428" lon="10.693601">
        <ele>566.5</ele>
      </trkpt>
      <trkpt lat="50.760598" lon="10.693985">
        <ele>562.5</ele>
      </trkpt>
      <trkpt lat="50.760774" lon="10.694342">
        <ele>559.3</ele>
      </trkpt>
      <trkpt lat="50.76095" lon="10.694699">
        <ele>555.7</ele>
      </trkpt>
      <trkpt lat="50.761088" lon="10.695072">
        <ele>552.7</ele>
      </trkpt>
      <trkpt lat="50.761123" lon="10.695255">
        <ele>550.8</ele>
      </trkpt>
      <trkpt lat="50.761158" lon="10.695412">
        <ele>549.3</ele>
      </trkpt>
      <trkpt lat="50.761283" lon="10.695556">
        <ele>547.2</ele>
      </trkpt>
      <trkpt lat="50.761342" lon="10.695602">
        <ele>546.4</ele>
      </trkpt>
      <trkpt lat="50.761446" lon="10.69561">
        <ele>544.9</ele>
      </trkpt>
      <trkpt lat="50.761536" lon="10.695606">
        <ele>543.8</ele>
      </trkpt>
      <trkpt lat="50.761484" lon="10.695682">
        <ele>544.0</ele>
      </trkpt>
      <trkpt lat="50.761476" lon="10.695688">
        <ele>544.0</ele>
        <name>Naturpark Thüringer Wald, Luisenthal, Ohrdruf</name>
        <extensions>
          <oa:Extension>
            <oa:mapZoom>14</oa:mapZoom>
          </oa:Extension>
        </extensions>
      </trkpt>
      <trkpt lat="50.761484" lon="10.695682">
        <ele>544.0</ele>
      </trkpt>
      <trkpt lat="50.761536" lon="10.695606">
        <ele>543.8</ele>
      </trkpt>
      <trkpt lat="50.761446" lon="10.69561">
        <ele>544.9</ele>
      </trkpt>
      <trkpt lat="50.761342" lon="10.695602">
        <ele>546.4</ele>
      </trkpt>
      <trkpt lat="50.761283" lon="10.695556">
        <ele>547.2</ele>
      </trkpt>
      <trkpt lat="50.761158" lon="10.695412">
        <ele>549.3</ele>
      </trkpt>
      <trkpt lat="50.761123" lon="10.695255">
        <ele>550.8</ele>
      </trkpt>
      <trkpt lat="50.761088" lon="10.695072">
        <ele>552.7</ele>
      </trkpt>
      <trkpt lat="50.760734" lon="10.694855">
        <ele>547.2</ele>
      </trkpt>
      <trkpt lat="50.760418" lon="10.694565">
        <ele>545.3</ele>
      </trkpt>
      <trkpt lat="50.760274" lon="10.694372">
        <ele>545.5</ele>
      </trkpt>
      <trkpt lat="50.760133" lon="10.694136">
        <ele>545.7</ele>
      </trkpt>
      <trkpt lat="50.759961" lon="10.693776">
        <ele>546.1</ele>
      </trkpt>
      <trkpt lat="50.759839" lon="10.693559">
        <ele>546.3</ele>
      </trkpt>
      <trkpt lat="50.759677" lon="10.693305">
        <ele>546.6</ele>
      </trkpt>
      <trkpt lat="50.759562" lon="10.693148">
        <ele>546.6</ele>
      </trkpt>
      <trkpt lat="50.759366" lon="10.692905">
        <ele>546.9</ele>
      </trkpt>
      <trkpt lat="50.759171" lon="10.692662">
        <ele>547.2</ele>
      </trkpt>
      <trkpt lat="50.758979" lon="10.692444">
        <ele>547.4</ele>
      </trkpt>
      <trkpt lat="50.758695" lon="10.692202">
        <ele>547.5</ele>
      </trkpt>
      <trkpt lat="50.75831" lon="10.691945">
        <ele>548.1</ele>
      </trkpt>
      <trkpt lat="50.75818" lon="10.691891">
        <ele>548.5</ele>
      </trkpt>
      <trkpt lat="50.758055" lon="10.691855">
        <ele>549.0</ele>
      </trkpt>
      <trkpt lat="50.757872" lon="10.691845">
        <ele>549.7</ele>
      </trkpt>
      <trkpt lat="50.757706" lon="10.691854">
        <ele>550.3</ele>
      </trkpt>
      <trkpt lat="50.757432" lon="10.69182">
        <ele>550.5</ele>
      </trkpt>
      <trkpt lat="50.757409" lon="10.691813">
        <ele>550.5</ele>
      </trkpt>
      <trkpt lat="50.757225" lon="10.691756">
        <ele>550.8</ele>
      </trkpt>
      <trkpt lat="50.75712" lon="10.691716">
        <ele>551.1</ele>
      </trkpt>
      <trkpt lat="50.757065" lon="10.691682">
        <ele>551.3</ele>
      </trkpt>
      <trkpt lat="50.757004" lon="10.69162">
        <ele>551.5</ele>
      </trkpt>
      <trkpt lat="50.756955" lon="10.691527">
        <ele>551.4</ele>
      </trkpt>
      <trkpt lat="50.756876" lon="10.691318">
        <ele>551.2</ele>
      </trkpt>
      <trkpt lat="50.756794" lon="10.691121">
        <ele>551.2</ele>
      </trkpt>
      <trkpt lat="50.756703" lon="10.690963">
        <ele>551.2</ele>
      </trkpt>
      <trkpt lat="50.756642" lon="10.690865">
        <ele>551.2</ele>
      </trkpt>
      <trkpt lat="50.756567" lon="10.690794">
        <ele>551.2</ele>
      </trkpt>
      <trkpt lat="50.756467" lon="10.690723">
        <ele>550.9</ele>
      </trkpt>
      <trkpt lat="50.75633" lon="10.690659">
        <ele>550.3</ele>
      </trkpt>
      <trkpt lat="50.756083" lon="10.690566">
        <ele>549.5</ele>
      </trkpt>
      <trkpt lat="50.755904" lon="10.690539">
        <ele>549.3</ele>
      </trkpt>
      <trkpt lat="50.75577" lon="10.690535">
        <ele>549.3</ele>
      </trkpt>
      <trkpt lat="50.755683" lon="10.690521">
        <ele>549.3</ele>
      </trkpt>
      <trkpt lat="50.755613" lon="10.690486">
        <ele>549.2</ele>
      </trkpt>
      <trkpt lat="50.755529" lon="10.690421">
        <ele>549.1</ele>
      </trkpt>
      <trkpt lat="50.755372" lon="10.690204">
        <ele>548.9</ele>
      </trkpt>
      <trkpt lat="50.755249" lon="10.69001">
        <ele>548.6</ele>
      </trkpt>
      <trkpt lat="50.755168" lon="10.689891">
        <ele>548.5</ele>
      </trkpt>
      <trkpt lat="50.755079" lon="10.689808">
        <ele>548.4</ele>
      </trkpt>
      <trkpt lat="50.754955" lon="10.689751">
        <ele>548.3</ele>
      </trkpt>
      <trkpt lat="50.754816" lon="10.689677">
        <ele>548.1</ele>
      </trkpt>
      <trkpt lat="50.754734" lon="10.689617">
        <ele>547.9</ele>
      </trkpt>
      <trkpt lat="50.754656" lon="10.68952">
        <ele>547.7</ele>
      </trkpt>
      <trkpt lat="50.754529" lon="10.689304">
        <ele>547.2</ele>
      </trkpt>
      <trkpt lat="50.754455" lon="10.689062">
        <ele>546.6</ele>
      </trkpt>
      <trkpt lat="50.7544" lon="10.688886">
        <ele>546.4</ele>
      </trkpt>
      <trkpt lat="50.754379" lon="10.68874">
        <ele>546.3</ele>
      </trkpt>
      <trkpt lat="50.754368" lon="10.688568">
        <ele>546.6</ele>
      </trkpt>
      <trkpt lat="50.754368" lon="10.68817">
        <ele>545.2</ele>
      </trkpt>
      <trkpt lat="50.754369" lon="10.687772">
        <ele>544.6</ele>
      </trkpt>
      <trkpt lat="50.754329" lon="10.687657">
        <ele>544.4</ele>
      </trkpt>
      <trkpt lat="50.754287" lon="10.687597">
        <ele>544.4</ele>
      </trkpt>
      <trkpt lat="50.754241" lon="10.687543">
        <ele>544.4</ele>
      </trkpt>
      <trkpt lat="50.754171" lon="10.687497">
        <ele>544.1</ele>
      </trkpt>
      <trkpt lat="50.754093" lon="10.687481">
        <ele>543.9</ele>
      </trkpt>
      <trkpt lat="50.754011" lon="10.687499">
        <ele>543.9</ele>
      </trkpt>
      <trkpt lat="50.753956" lon="10.68753">
        <ele>543.8</ele>
      </trkpt>
      <trkpt lat="50.753904" lon="10.687588">
        <ele>543.7</ele>
      </trkpt>
      <trkpt lat="50.753756" lon="10.687925">
        <ele>543.2</ele>
      </trkpt>
      <trkpt lat="50.753608" lon="10.688261">
        <ele>542.7</ele>
      </trkpt>
      <trkpt lat="50.753534" lon="10.688407">
        <ele>542.2</ele>
      </trkpt>
      <trkpt lat="50.753479" lon="10.688483">
        <ele>542.0</ele>
      </trkpt>
      <trkpt lat="50.753424" lon="10.688534">
        <ele>541.9</ele>
      </trkpt>
      <trkpt lat="50.753327" lon="10.688581">
        <ele>541.4</ele>
      </trkpt>
      <trkpt lat="50.752988" lon="10.688664">
        <ele>540.3</ele>
      </trkpt>
      <trkpt lat="50.752649" lon="10.688747">
        <ele>539.4</ele>
      </trkpt>
      <trkpt lat="50.75231" lon="10.68883">
        <ele>538.4</ele>
      </trkpt>
      <trkpt lat="50.751971" lon="10.688913">
        <ele>537.5</ele>
      </trkpt>
      <trkpt lat="50.751865" lon="10.68897">
        <ele>537.1</ele>
      </trkpt>
      <trkpt lat="50.75178" lon="10.689057">
        <ele>536.7</ele>
      </trkpt>
      <trkpt lat="50.751721" lon="10.68915">
        <ele>536.6</ele>
      </trkpt>
      <trkpt lat="50.751674" lon="10.689261">
        <ele>536.5</ele>
      </trkpt>
      <trkpt lat="50.751638" lon="10.689396">
        <ele>536.5</ele>
      </trkpt>
      <trkpt lat="50.751609" lon="10.689563">
        <ele>536.6</ele>
      </trkpt>
      <trkpt lat="50.751607" lon="10.689833">
        <ele>536.7</ele>
      </trkpt>
      <trkpt lat="50.751643" lon="10.69007">
        <ele>536.4</ele>
      </trkpt>
      <trkpt lat="50.751527" lon="10.690192">
        <ele>535.7</ele>
        <name>Naturpark Thüringer Wald, Luisenthal, Ohrdruf</name>
        <extensions>
          <oa:locType>routingNode</oa:locType>
          <oa:Extension>
            <oa:mapZoom>13</oa:mapZoom>
          </oa:Extension>
        </extensions>
      </trkpt>
      <trkpt lat="50.751479" lon="10.690242">
        <ele>535.4</ele>
      </trkpt>
      <trkpt lat="50.75126" lon="10.690442">
        <ele>536.3</ele>
      </trkpt>
      <trkpt lat="50.750988" lon="10.690744">
        <ele>537.7</ele>
      </trkpt>
      <trkpt lat="50.75075" lon="10.691">
        <ele>539.8</ele>
      </trkpt>
      <trkpt lat="50.750518" lon="10.69122">
        <ele>541.3</ele>
      </trkpt>
      <trkpt lat="50.750343" lon="10.691461">
        <ele>542.6</ele>
      </trkpt>
      <trkpt lat="50.750066" lon="10.691814">
        <ele>544.3</ele>
      </trkpt>
      <trkpt lat="50.749789" lon="10.692168">
        <ele>545.7</ele>
      </trkpt>
      <trkpt lat="50.749526" lon="10.692619">
        <ele>548.6</ele>
      </trkpt>
      <trkpt lat="50.749263" lon="10.693069">
        <ele>550.9</ele>
      </trkpt>
      <trkpt lat="50.749021" lon="10.693468">
        <ele>552.5</ele>
      </trkpt>
      <trkpt lat="50.748864" lon="10.69376">
        <ele>554.1</ele>
      </trkpt>
      <trkpt lat="50.748707" lon="10.694052">
        <ele>555.9</ele>
      </trkpt>
      <trkpt lat="50.748439" lon="10.694555">
        <ele>558.9</ele>
      </trkpt>
      <trkpt lat="50.748184" lon="10.694836">
        <ele>561.2</ele>
      </trkpt>
      <trkpt lat="50.747949" lon="10.694945">
        <ele>563.1</ele>
      </trkpt>
      <trkpt lat="50.747644" lon="10.695061">
        <ele>565.8</ele>
      </trkpt>
      <trkpt lat="50.747373" lon="10.695018">
        <ele>567.5</ele>
      </trkpt>
      <trkpt lat="50.747101" lon="10.694975">
        <ele>569.2</ele>
      </trkpt>
      <trkpt lat="50.746737" lon="10.694786">
        <ele>572.5</ele>
      </trkpt>
      <trkpt lat="50.746395" lon="10.694717">
        <ele>574.2</ele>
      </trkpt>
      <trkpt lat="50.746105" lon="10.694803">
        <ele>576.6</ele>
      </trkpt>
      <trkpt lat="50.745814" lon="10.694889">
        <ele>579.6</ele>
      </trkpt>
      <trkpt lat="50.745542" lon="10.694859">
        <ele>582.0</ele>
      </trkpt>
      <trkpt lat="50.745271" lon="10.694829">
        <ele>584.6</ele>
      </trkpt>
      <trkpt lat="50.745026" lon="10.694756">
        <ele>587.4</ele>
      </trkpt>
      <trkpt lat="50.744782" lon="10.694683">
        <ele>590.2</ele>
      </trkpt>
      <trkpt lat="50.744369" lon="10.694743">
        <ele>594.0</ele>
      </trkpt>
      <trkpt lat="50.744147" lon="10.694893">
        <ele>597.1</ele>
      </trkpt>
      <trkpt lat="50.743924" lon="10.695044">
        <ele>599.6</ele>
      </trkpt>
      <trkpt lat="50.743625" lon="10.695224">
        <ele>603.0</ele>
      </trkpt>
      <trkpt lat="50.743327" lon="10.695404">
        <ele>606.0</ele>
      </trkpt>
      <trkpt lat="50.74302" lon="10.695516">
        <ele>609.8</ele>
      </trkpt>
      <trkpt lat="50.742713" lon="10.695627">
        <ele>613.7</ele>
      </trkpt>
      <trkpt lat="50.742455" lon="10.695807">
        <ele>615.8</ele>
      </trkpt>
      <trkpt lat="50.742197" lon="10.695988">
        <ele>618.8</ele>
      </trkpt>
      <trkpt lat="50.741947" lon="10.696224">
        <ele>622.4</ele>
      </trkpt>
      <trkpt lat="50.741697" lon="10.69646">
        <ele>624.3</ele>
      </trkpt>
      <trkpt lat="50.741431" lon="10.696516">
        <ele>627.2</ele>
      </trkpt>
      <trkpt lat="50.741165" lon="10.696571">
        <ele>628.2</ele>
      </trkpt>
      <trkpt lat="50.740926" lon="10.696601">
        <ele>628.1</ele>
      </trkpt>
      <trkpt lat="50.740687" lon="10.696631">
        <ele>633.7</ele>
      </trkpt>
      <trkpt lat="50.740532" lon="10.696667">
        <ele>634.5</ele>
      </trkpt>
      <trkpt lat="50.740369" lon="10.696701">
        <ele>635.4</ele>
      </trkpt>
      <trkpt lat="50.740097" lon="10.696563">
        <ele>637.2</ele>
      </trkpt>
      <trkpt lat="50.73983" lon="10.696654">
        <ele>640.0</ele>
      </trkpt>
      <trkpt lat="50.739568" lon="10.696733">
        <ele>642.8</ele>
      </trkpt>
      <trkpt lat="50.739307" lon="10.696812">
        <ele>644.4</ele>
      </trkpt>
      <trkpt lat="50.739206" lon="10.696799">
        <ele>645.3</ele>
      </trkpt>
      <trkpt lat="50.738909" lon="10.696951">
        <ele>647.1</ele>
      </trkpt>
      <trkpt lat="50.738612" lon="10.697104">
        <ele>650.3</ele>
      </trkpt>
      <trkpt lat="50.738329" lon="10.697292">
        <ele>655.2</ele>
      </trkpt>
      <trkpt lat="50.738047" lon="10.697481">
        <ele>658.2</ele>
      </trkpt>
      <trkpt lat="50.73765" lon="10.697756">
        <ele>662.9</ele>
      </trkpt>
      <trkpt lat="50.737398" lon="10.697833">
        <ele>664.2</ele>
      </trkpt>
      <trkpt lat="50.737145" lon="10.69791">
        <ele>666.3</ele>
      </trkpt>
      <trkpt lat="50.736814" lon="10.698026">
        <ele>669.1</ele>
      </trkpt>
      <trkpt lat="50.736483" lon="10.698142">
        <ele>670.5</ele>
      </trkpt>
      <trkpt lat="50.736244" lon="10.698228">
        <ele>672.4</ele>
      </trkpt>
      <trkpt lat="50.736004" lon="10.698314">
        <ele>673.8</ele>
      </trkpt>
      <trkpt lat="50.735679" lon="10.698378">
        <ele>675.8</ele>
      </trkpt>
      <trkpt lat="50.735353" lon="10.698442">
        <ele>678.3</ele>
      </trkpt>
      <trkpt lat="50.735016" lon="10.69858">
        <ele>682.2</ele>
      </trkpt>
      <trkpt lat="50.734679" lon="10.698717">
        <ele>686.0</ele>
      </trkpt>
      <trkpt lat="50.734321" lon="10.698794">
        <ele>688.2</ele>
      </trkpt>
      <trkpt lat="50.733962" lon="10.698872">
        <ele>690.5</ele>
      </trkpt>
      <trkpt lat="50.733614" lon="10.698906">
        <ele>694.0</ele>
      </trkpt>
      <trkpt lat="50.733267" lon="10.69894">
        <ele>696.3</ele>
      </trkpt>
      <trkpt lat="50.732968" lon="10.698897">
        <ele>698.9</ele>
      </trkpt>
      <trkpt lat="50.732669" lon="10.698854">
        <ele>702.2</ele>
      </trkpt>
      <trkpt lat="50.732316" lon="10.698631">
        <ele>705.5</ele>
      </trkpt>
      <trkpt lat="50.73199" lon="10.698254">
        <ele>710.4</ele>
      </trkpt>
      <trkpt lat="50.731626" lon="10.698168">
        <ele>714.1</ele>
      </trkpt>
      <trkpt lat="50.731256" lon="10.698202">
        <ele>717.2</ele>
      </trkpt>
      <trkpt lat="50.730903" lon="10.697996">
        <ele>720.6</ele>
      </trkpt>
      <trkpt lat="50.730673" lon="10.697812">
        <ele>723.3</ele>
      </trkpt>
      <trkpt lat="50.730442" lon="10.697627">
        <ele>726.6</ele>
      </trkpt>
      <trkpt lat="50.730216" lon="10.697382">
        <ele>729.7</ele>
      </trkpt>
      <trkpt lat="50.729991" lon="10.697138">
        <ele>732.2</ele>
      </trkpt>
      <trkpt lat="50.729719" lon="10.696683">
        <ele>735.3</ele>
      </trkpt>
      <trkpt lat="50.729537" lon="10.696395">
        <ele>737.0</ele>
      </trkpt>
      <trkpt lat="50.729355" lon="10.696108">
        <ele>738.8</ele>
      </trkpt>
      <trkpt lat="50.728986" lon="10.695765">
        <ele>742.3</ele>
      </trkpt>
      <trkpt lat="50.728605" lon="10.695438">
        <ele>746.2</ele>
      </trkpt>
      <trkpt lat="50.728372" lon="10.695211">
        <ele>748.4</ele>
      </trkpt>
      <trkpt lat="50.728138" lon="10.694983">
        <ele>750.6</ele>
      </trkpt>
      <trkpt lat="50.72779" lon="10.694872">
        <ele>753.2</ele>
      </trkpt>
      <trkpt lat="50.727564" lon="10.694795">
        <ele>755.3</ele>
      </trkpt>
      <trkpt lat="50.727337" lon="10.694719">
        <ele>758.3</ele>
      </trkpt>
      <trkpt lat="50.72708" lon="10.695104">
        <ele>764.3</ele>
      </trkpt>
      <trkpt lat="50.727023" lon="10.695425">
        <ele>766.1</ele>
      </trkpt>
      <trkpt lat="50.727018" lon="10.695537">
        <ele>766.7</ele>
      </trkpt>
      <trkpt lat="50.727081" lon="10.695956">
        <ele>767.8</ele>
      </trkpt>
      <trkpt lat="50.727149" lon="10.696335">
        <ele>769.0</ele>
      </trkpt>
      <trkpt lat="50.727217" lon="10.696714">
        <ele>770.3</ele>
      </trkpt>
      <trkpt lat="50.727201" lon="10.696795">
        <ele>770.6</ele>
      </trkpt>
      <trkpt lat="50.727153" lon="10.696721">
        <ele>770.5</ele>
      </trkpt>
      <trkpt lat="50.726893" lon="10.69655">
        <ele>770.9</ele>
      </trkpt>
      <trkpt lat="50.72683" lon="10.696371">
        <ele>770.8</ele>
      </trkpt>
      <trkpt lat="50.726772" lon="10.696298">
        <ele>770.7</ele>
      </trkpt>
      <trkpt lat="50.726712" lon="10.696283">
        <ele>770.8</ele>
        <name>Kammerbach, Luisenthal, Ohrdruf</name>
        <extensions>
          <oa:locType>routingNode</oa:locType>
          <oa:Extension>
            <oa:mapZoom>13</oa:mapZoom>
          </oa:Extension>
        </extensions>
      </trkpt>
      <trkpt lat="50.726772" lon="10.696298">
        <ele>770.7</ele>
      </trkpt>
      <trkpt lat="50.72683" lon="10.696371">
        <ele>770.8</ele>
      </trkpt>
      <trkpt lat="50.726893" lon="10.69655">
        <ele>770.9</ele>
      </trkpt>
      <trkpt lat="50.727153" lon="10.696721">
        <ele>770.5</ele>
      </trkpt>
      <trkpt lat="50.727201" lon="10.696795">
        <ele>770.6</ele>
      </trkpt>
      <trkpt lat="50.726995" lon="10.696896">
        <ele>771.9</ele>
      </trkpt>
      <trkpt lat="50.726822" lon="10.696911">
        <ele>771.8</ele>
      </trkpt>
      <trkpt lat="50.726647" lon="10.696848">
        <ele>770.9</ele>
      </trkpt>
      <trkpt lat="50.726425" lon="10.69674">
        <ele>771.2</ele>
      </trkpt>
      <trkpt lat="50.726189" lon="10.696547">
        <ele>771.3</ele>
      </trkpt>
      <trkpt lat="50.726022" lon="10.696257">
        <ele>772.5</ele>
      </trkpt>
      <trkpt lat="50.725814" lon="10.696105">
        <ele>773.6</ele>
      </trkpt>
      <trkpt lat="50.725584" lon="10.69602">
        <ele>774.9</ele>
      </trkpt>
      <trkpt lat="50.725354" lon="10.695935">
        <ele>775.6</ele>
      </trkpt>
      <trkpt lat="50.725099" lon="10.695758">
        <ele>776.4</ele>
      </trkpt>
      <trkpt lat="50.724877" lon="10.695516">
        <ele>777.7</ele>
      </trkpt>
      <trkpt lat="50.72466" lon="10.695226">
        <ele>779.3</ele>
      </trkpt>
      <trkpt lat="50.724581" lon="10.694978">
        <ele>780.3</ele>
      </trkpt>
      <trkpt lat="50.724482" lon="10.694505">
        <ele>782.0</ele>
      </trkpt>
      <trkpt lat="50.724382" lon="10.694032">
        <ele>783.8</ele>
      </trkpt>
      <trkpt lat="50.724334" lon="10.693656">
        <ele>785.3</ele>
      </trkpt>
      <trkpt lat="50.724285" lon="10.69328">
        <ele>786.7</ele>
      </trkpt>
      <trkpt lat="50.724285" lon="10.6928">
        <ele>788.3</ele>
      </trkpt>
      <trkpt lat="50.724285" lon="10.69232">
        <ele>789.5</ele>
      </trkpt>
      <trkpt lat="50.724248" lon="10.691753">
        <ele>791.6</ele>
      </trkpt>
      <trkpt lat="50.724211" lon="10.691185">
        <ele>794.2</ele>
      </trkpt>
      <trkpt lat="50.724174" lon="10.690618">
        <ele>796.3</ele>
      </trkpt>
      <trkpt lat="50.724095" lon="10.690065">
        <ele>798.2</ele>
      </trkpt>
      <trkpt lat="50.7241" lon="10.68971">
        <ele>799.3</ele>
      </trkpt>
      <trkpt lat="50.724135" lon="10.689324">
        <ele>800.6</ele>
      </trkpt>
      <trkpt lat="50.72417" lon="10.688939">
        <ele>801.9</ele>
      </trkpt>
      <trkpt lat="50.724173" lon="10.68866">
        <ele>803.2</ele>
      </trkpt>
      <trkpt lat="50.724097" lon="10.688229">
        <ele>805.0</ele>
      </trkpt>
      <trkpt lat="50.72402" lon="10.687799">
        <ele>806.8</ele>
      </trkpt>
      <trkpt lat="50.723938" lon="10.687103">
        <ele>809.3</ele>
      </trkpt>
      <trkpt lat="50.723877" lon="10.686462">
        <ele>811.8</ele>
      </trkpt>
      <trkpt lat="50.723816" lon="10.685821">
        <ele>814.2</ele>
      </trkpt>
      <trkpt lat="50.723805" lon="10.685193">
        <ele>816.5</ele>
      </trkpt>
      <trkpt lat="50.723794" lon="10.684564">
        <ele>818.8</ele>
      </trkpt>
      <trkpt lat="50.723766" lon="10.684195">
        <ele>819.6</ele>
      </trkpt>
      <trkpt lat="50.72371" lon="10.683812">
        <ele>820.3</ele>
      </trkpt>
      <trkpt lat="50.723682" lon="10.683547">
        <ele>821.0</ele>
      </trkpt>
      <trkpt lat="50.723668" lon="10.683258">
        <ele>822.2</ele>
      </trkpt>
      <trkpt lat="50.723663" lon="10.682908">
        <ele>823.3</ele>
      </trkpt>
      <trkpt lat="50.723658" lon="10.682582">
        <ele>824.4</ele>
      </trkpt>
      <trkpt lat="50.723625" lon="10.682226">
        <ele>825.2</ele>
      </trkpt>
      <trkpt lat="50.723596" lon="10.681911">
        <ele>825.5</ele>
      </trkpt>
      <trkpt lat="50.723526" lon="10.681398">
        <ele>826.0</ele>
      </trkpt>
      <trkpt lat="50.723469" lon="10.681087">
        <ele>826.4</ele>
      </trkpt>
      <trkpt lat="50.723398" lon="10.680743">
        <ele>827.0</ele>
      </trkpt>
      <trkpt lat="50.723334" lon="10.68047">
        <ele>828.0</ele>
      </trkpt>
      <trkpt lat="50.723264" lon="10.680233">
        <ele>828.5</ele>
      </trkpt>
      <trkpt lat="50.723184" lon="10.680085">
        <ele>829.4</ele>
      </trkpt>
      <trkpt lat="50.723088" lon="10.679951">
        <ele>829.8</ele>
      </trkpt>
      <trkpt lat="50.722994" lon="10.679824">
        <ele>830.3</ele>
      </trkpt>
      <trkpt lat="50.722893" lon="10.67973">
        <ele>830.6</ele>
      </trkpt>
      <trkpt lat="50.722758" lon="10.67964">
        <ele>831.9</ele>
      </trkpt>
      <trkpt lat="50.722607" lon="10.679552">
        <ele>832.7</ele>
      </trkpt>
      <trkpt lat="50.722404" lon="10.6795">
        <ele>833.7</ele>
      </trkpt>
      <trkpt lat="50.722102" lon="10.679447">
        <ele>833.7</ele>
      </trkpt>
      <trkpt lat="50.721843" lon="10.679455">
        <ele>834.7</ele>
      </trkpt>
      <trkpt lat="50.721531" lon="10.679421">
        <ele>835.0</ele>
      </trkpt>
      <trkpt lat="50.721365" lon="10.679353">
        <ele>835.3</ele>
      </trkpt>
      <trkpt lat="50.721175" lon="10.679207">
        <ele>834.5</ele>
      </trkpt>
      <trkpt lat="50.721085" lon="10.679067">
        <ele>834.6</ele>
      </trkpt>
      <trkpt lat="50.721008" lon="10.678848">
        <ele>834.0</ele>
      </trkpt>
      <trkpt lat="50.720895" lon="10.678339">
        <ele>833.2</ele>
      </trkpt>
      <trkpt lat="50.720783" lon="10.67783">
        <ele>831.8</ele>
      </trkpt>
      <trkpt lat="50.720651" lon="10.677347">
        <ele>829.8</ele>
      </trkpt>
      <trkpt lat="50.720519" lon="10.676864">
        <ele>827.7</ele>
      </trkpt>
      <trkpt lat="50.72036" lon="10.676223">
        <ele>825.5</ele>
      </trkpt>
      <trkpt lat="50.720332" lon="10.675855">
        <ele>824.8</ele>
      </trkpt>
      <trkpt lat="50.720328" lon="10.675801">
        <ele>824.8</ele>
        <name>Naturpark Thüringer Wald, Oberhof</name>
        <extensions>
          <oa:locType>routingNode</oa:locType>
          <oa:Extension>
            <oa:mapZoom>14</oa:mapZoom>
          </oa:Extension>
        </extensions>
      </trkpt>
      <trkpt lat="50.720304" lon="10.675487">
        <ele>824.5</ele>
      </trkpt>
      <trkpt lat="50.720415" lon="10.675319">
        <ele>825.1</ele>
      </trkpt>
      <trkpt lat="50.720518" lon="10.675148">
        <ele>825.6</ele>
      </trkpt>
      <trkpt lat="50.720594" lon="10.674968">
        <ele>826.2</ele>
      </trkpt>
      <trkpt lat="50.720633" lon="10.674851">
        <ele>826.5</ele>
      </trkpt>
      <trkpt lat="50.72069" lon="10.674591">
        <ele>827.0</ele>
      </trkpt>
      <trkpt lat="50.720707" lon="10.674378">
        <ele>827.2</ele>
      </trkpt>
      <trkpt lat="50.720713" lon="10.674115">
        <ele>827.6</ele>
      </trkpt>
      <trkpt lat="50.720719" lon="10.673802">
        <ele>828.1</ele>
      </trkpt>
      <trkpt lat="50.720687" lon="10.673458">
        <ele>828.7</ele>
      </trkpt>
      <trkpt lat="50.720648" lon="10.673197">
        <ele>829.2</ele>
      </trkpt>
      <trkpt lat="50.720609" lon="10.672866">
        <ele>830.0</ele>
      </trkpt>
      <trkpt lat="50.720561" lon="10.67268">
        <ele>830.6</ele>
      </trkpt>
      <trkpt lat="50.720512" lon="10.672521">
        <ele>831.3</ele>
      </trkpt>
      <trkpt lat="50.720437" lon="10.672411">
        <ele>831.7</ele>
      </trkpt>
      <trkpt lat="50.720382" lon="10.672325">
        <ele>832.2</ele>
      </trkpt>
      <trkpt lat="50.720296" lon="10.672243">
        <ele>833.0</ele>
      </trkpt>
      <trkpt lat="50.720187" lon="10.672205">
        <ele>833.8</ele>
      </trkpt>
      <trkpt lat="50.720075" lon="10.672158">
        <ele>834.9</ele>
      </trkpt>
      <trkpt lat="50.719843" lon="10.672164">
        <ele>836.8</ele>
      </trkpt>
      <trkpt lat="50.719556" lon="10.672164">
        <ele>839.2</ele>
      </trkpt>
      <trkpt lat="50.719444" lon="10.672178">
        <ele>840.2</ele>
      </trkpt>
      <trkpt lat="50.719363" lon="10.672206">
        <ele>840.8</ele>
      </trkpt>
      <trkpt lat="50.719271" lon="10.672275">
        <ele>841.6</ele>
      </trkpt>
      <trkpt lat="50.719162" lon="10.672413">
        <ele>842.7</ele>
      </trkpt>
      <trkpt lat="50.719067" lon="10.672524">
        <ele>843.8</ele>
      </trkpt>
      <trkpt lat="50.718915" lon="10.672744">
        <ele>845.5</ele>
      </trkpt>
      <trkpt lat="50.718808" lon="10.672931">
        <ele>846.7</ele>
      </trkpt>
      <trkpt lat="50.718706" lon="10.673134">
        <ele>847.8</ele>
      </trkpt>
      <trkpt lat="50.718604" lon="10.673295">
        <ele>848.8</ele>
      </trkpt>
      <trkpt lat="50.718359" lon="10.673538">
        <ele>850.7</ele>
      </trkpt>
      <trkpt lat="50.718172" lon="10.673788">
        <ele>850.7</ele>
      </trkpt>
      <trkpt lat="50.717958" lon="10.674156">
        <ele>850.8</ele>
      </trkpt>
      <trkpt lat="50.717612" lon="10.674451">
        <ele>850.7</ele>
      </trkpt>
      <trkpt lat="50.717433" lon="10.674662">
        <ele>850.9</ele>
      </trkpt>
      <trkpt lat="50.717142" lon="10.674839">
        <ele>850.5</ele>
      </trkpt>
      <trkpt lat="50.716839" lon="10.675071">
        <ele>850.1</ele>
      </trkpt>
      <trkpt lat="50.716535" lon="10.675303">
        <ele>850.8</ele>
      </trkpt>
      <trkpt lat="50.716232" lon="10.675536">
        <ele>851.2</ele>
      </trkpt>
      <trkpt lat="50.716076" lon="10.675671">
        <ele>851.1</ele>
      </trkpt>
      <trkpt lat="50.715959" lon="10.6759">
        <ele>851.4</ele>
      </trkpt>
      <trkpt lat="50.715884" lon="10.67615">
        <ele>851.5</ele>
      </trkpt>
      <trkpt lat="50.715761" lon="10.6764">
        <ele>851.5</ele>
      </trkpt>
      <trkpt lat="50.715599" lon="10.676623">
        <ele>851.6</ele>
      </trkpt>
      <trkpt lat="50.71542" lon="10.676786">
        <ele>851.8</ele>
      </trkpt>
      <trkpt lat="50.715216" lon="10.676944">
        <ele>851.6</ele>
      </trkpt>
      <trkpt lat="50.715011" lon="10.677102">
        <ele>851.6</ele>
      </trkpt>
      <trkpt lat="50.71464" lon="10.677359">
        <ele>851.8</ele>
      </trkpt>
      <trkpt lat="50.714268" lon="10.677615">
        <ele>851.7</ele>
      </trkpt>
      <trkpt lat="50.713896" lon="10.677872">
        <ele>851.8</ele>
      </trkpt>
      <trkpt lat="50.713525" lon="10.678128">
        <ele>851.9</ele>
      </trkpt>
      <trkpt lat="50.713217" lon="10.678274">
        <ele>852.0</ele>
      </trkpt>
      <trkpt lat="50.712881" lon="10.678331">
        <ele>852.1</ele>
      </trkpt>
      <trkpt lat="50.712626" lon="10.678293">
        <ele>852.1</ele>
      </trkpt>
      <trkpt lat="50.712371" lon="10.678255">
        <ele>852.3</ele>
      </trkpt>
      <trkpt lat="50.712178" lon="10.678224">
        <ele>852.2</ele>
      </trkpt>
      <trkpt lat="50.712003" lon="10.678137">
        <ele>852.3</ele>
      </trkpt>
      <trkpt lat="50.711836" lon="10.67797">
        <ele>852.5</ele>
      </trkpt>
      <trkpt lat="50.711738" lon="10.677793">
        <ele>853.4</ele>
      </trkpt>
      <trkpt lat="50.711708" lon="10.677628">
        <ele>854.4</ele>
      </trkpt>
      <trkpt lat="50.711661" lon="10.677315">
        <ele>856.1</ele>
      </trkpt>
      <trkpt lat="50.71158" lon="10.676904">
        <ele>856.3</ele>
      </trkpt>
      <trkpt lat="50.711487" lon="10.676651">
        <ele>855.7</ele>
      </trkpt>
      <trkpt lat="50.711388" lon="10.676465">
        <ele>853.6</ele>
      </trkpt>
      <trkpt lat="50.711243" lon="10.676162">
        <ele>853.7</ele>
      </trkpt>
      <trkpt lat="50.711068" lon="10.675879">
        <ele>855.3</ele>
      </trkpt>
      <trkpt lat="50.710869" lon="10.675664">
        <ele>854.0</ele>
      </trkpt>
      <trkpt lat="50.710499" lon="10.675371">
        <ele>854.0</ele>
      </trkpt>
      <trkpt lat="50.710129" lon="10.675077">
        <ele>854.0</ele>
      </trkpt>
      <trkpt lat="50.710035" lon="10.675058">
        <ele>854.0</ele>
      </trkpt>
      <trkpt lat="50.709951" lon="10.675097">
        <ele>854.0</ele>
      </trkpt>
      <trkpt lat="50.709915" lon="10.675209">
        <ele>853.8</ele>
      </trkpt>
      <trkpt lat="50.709911" lon="10.675359">
        <ele>853.9</ele>
      </trkpt>
      <trkpt lat="50.70995" lon="10.675506">
        <ele>853.7</ele>
      </trkpt>
      <trkpt lat="50.710004" lon="10.675638">
        <ele>853.4</ele>
      </trkpt>
      <trkpt lat="50.710144" lon="10.67594">
        <ele>853.2</ele>
      </trkpt>
      <trkpt lat="50.710264" lon="10.67622">
        <ele>852.7</ele>
      </trkpt>
      <trkpt lat="50.710307" lon="10.676473">
        <ele>852.3</ele>
      </trkpt>
      <trkpt lat="50.710311" lon="10.676611">
        <ele>852.1</ele>
      </trkpt>
      <trkpt lat="50.710285" lon="10.676741">
        <ele>852.2</ele>
      </trkpt>
      <trkpt lat="50.710186" lon="10.677">
        <ele>852.1</ele>
      </trkpt>
      <trkpt lat="50.70991" lon="10.677395">
        <ele>851.4</ele>
      </trkpt>
      <trkpt lat="50.709633" lon="10.677791">
        <ele>851.2</ele>
      </trkpt>
      <trkpt lat="50.709419" lon="10.678168">
        <ele>851.1</ele>
      </trkpt>
      <trkpt lat="50.709205" lon="10.678544">
        <ele>850.6</ele>
      </trkpt>
      <trkpt lat="50.709086" lon="10.678942">
        <ele>850.3</ele>
      </trkpt>
      <trkpt lat="50.709034" lon="10.67942">
        <ele>849.7</ele>
      </trkpt>
      <trkpt lat="50.708982" lon="10.679899">
        <ele>849.3</ele>
      </trkpt>
      <trkpt lat="50.708929" lon="10.680377">
        <ele>849.1</ele>
      </trkpt>
      <trkpt lat="50.708949" lon="10.680896">
        <ele>848.5</ele>
      </trkpt>
      <trkpt lat="50.708968" lon="10.681415">
        <ele>848.2</ele>
      </trkpt>
      <trkpt lat="50.708987" lon="10.681934">
        <ele>848.1</ele>
      </trkpt>
      <trkpt lat="50.709021" lon="10.682285">
        <ele>847.7</ele>
      </trkpt>
      <trkpt lat="50.709054" lon="10.682635">
        <ele>847.4</ele>
      </trkpt>
      <trkpt lat="50.709062" lon="10.682717">
        <ele>847.4</ele>
      </trkpt>
      <trkpt lat="50.709142" lon="10.683109">
        <ele>847.3</ele>
      </trkpt>
      <trkpt lat="50.709308" lon="10.683594">
        <ele>846.9</ele>
      </trkpt>
      <trkpt lat="50.709452" lon="10.683947">
        <ele>846.6</ele>
      </trkpt>
      <trkpt lat="50.709596" lon="10.6843">
        <ele>846.3</ele>
      </trkpt>
      <trkpt lat="50.709767" lon="10.684663">
        <ele>845.7</ele>
      </trkpt>
      <trkpt lat="50.709899" lon="10.685056">
        <ele>845.5</ele>
      </trkpt>
      <trkpt lat="50.709993" lon="10.685379">
        <ele>845.1</ele>
      </trkpt>
      <trkpt lat="50.7101" lon="10.685872">
        <ele>845.1</ele>
      </trkpt>
      <trkpt lat="50.710179" lon="10.686338">
        <ele>845.1</ele>
      </trkpt>
      <trkpt lat="50.710262" lon="10.686751">
        <ele>844.6</ele>
      </trkpt>
      <trkpt lat="50.710358" lon="10.687329">
        <ele>844.4</ele>
      </trkpt>
      <trkpt lat="50.710387" lon="10.687833">
        <ele>844.1</ele>
      </trkpt>
      <trkpt lat="50.710427" lon="10.688261">
        <ele>843.8</ele>
      </trkpt>
      <trkpt lat="50.710417" lon="10.688646">
        <ele>843.5</ele>
      </trkpt>
      <trkpt lat="50.710347" lon="10.689041">
        <ele>843.4</ele>
      </trkpt>
      <trkpt lat="50.7102" lon="10.689391">
        <ele>842.9</ele>
      </trkpt>
      <trkpt lat="50.710063" lon="10.689552">
        <ele>842.8</ele>
      </trkpt>
      <trkpt lat="50.709941" lon="10.68969">
        <ele>842.4</ele>
      </trkpt>
      <trkpt lat="50.709687" lon="10.689812">
        <ele>842.4</ele>
      </trkpt>
      <trkpt lat="50.709408" lon="10.689942">
        <ele>841.7</ele>
      </trkpt>
      <trkpt lat="50.709354" lon="10.689963">
        <ele>841.8</ele>
      </trkpt>
      <trkpt lat="50.709312" lon="10.68998">
        <ele>841.6</ele>
      </trkpt>
      <trkpt lat="50.708875" lon="10.690014">
        <ele>841.2</ele>
      </trkpt>
      <trkpt lat="50.708439" lon="10.690048">
        <ele>840.8</ele>
      </trkpt>
      <trkpt lat="50.708031" lon="10.690209">
        <ele>840.3</ele>
      </trkpt>
      <trkpt lat="50.707747" lon="10.690421">
        <ele>840.2</ele>
      </trkpt>
      <trkpt lat="50.707564" lon="10.690559">
        <ele>839.8</ele>
      </trkpt>
      <trkpt lat="50.707219" lon="10.690984">
        <ele>839.6</ele>
      </trkpt>
      <trkpt lat="50.706946" lon="10.69143">
        <ele>839.2</ele>
      </trkpt>
      <trkpt lat="50.706834" lon="10.691642">
        <ele>838.9</ele>
      </trkpt>
      <trkpt lat="50.706747" lon="10.691911">
        <ele>838.5</ele>
      </trkpt>
      <trkpt lat="50.706568" lon="10.692528">
        <ele>838.1</ele>
      </trkpt>
      <trkpt lat="50.706498" lon="10.69267">
        <ele>838.1</ele>
      </trkpt>
      <trkpt lat="50.706387" lon="10.692778">
        <ele>838.3</ele>
      </trkpt>
      <trkpt lat="50.706147" lon="10.692405">
        <ele>840.6</ele>
      </trkpt>
      <trkpt lat="50.70604" lon="10.692288">
        <ele>841.2</ele>
      </trkpt>
      <trkpt lat="50.706008" lon="10.692453">
        <ele>840.7</ele>
      </trkpt>
      <trkpt lat="50.705908" lon="10.692912">
        <ele>839.4</ele>
        <name>Am Grenzadler, Oberschönau, Steinbach-Hallenberg</name>
        <extensions>
          <oa:locType>routingNode</oa:locType>
          <oa:Extension>
            <oa:mapZoom>14</oa:mapZoom>
          </oa:Extension>
        </extensions>
      </trkpt>
      <trkpt lat="50.70589" lon="10.692998">
        <ele>839.2</ele>
      </trkpt>
      <trkpt lat="50.705815" lon="10.693362">
        <ele>838.1</ele>
      </trkpt>
      <trkpt lat="50.705741" lon="10.693725">
        <ele>837.2</ele>
      </trkpt>
      <trkpt lat="50.705709" lon="10.693848">
        <ele>837.1</ele>
      </trkpt>
      <trkpt lat="50.705672" lon="10.693993">
        <ele>837.0</ele>
      </trkpt>
      <trkpt lat="50.705432" lon="10.693687">
        <ele>836.1</ele>
      </trkpt>
      <trkpt lat="50.705357" lon="10.693555">
        <ele>835.5</ele>
      </trkpt>
      <trkpt lat="50.70526" lon="10.693351">
        <ele>834.6</ele>
      </trkpt>
      <trkpt lat="50.705102" lon="10.692937">
        <ele>832.5</ele>
      </trkpt>
      <trkpt lat="50.704882" lon="10.692409">
        <ele>830.0</ele>
      </trkpt>
      <trkpt lat="50.704749" lon="10.692144">
        <ele>828.6</ele>
      </trkpt>
      <trkpt lat="50.704605" lon="10.691874">
        <ele>827.2</ele>
      </trkpt>
      <trkpt lat="50.704383" lon="10.691494">
        <ele>824.9</ele>
      </trkpt>
      <trkpt lat="50.704263" lon="10.691308">
        <ele>823.8</ele>
      </trkpt>
      <trkpt lat="50.704047" lon="10.691011">
        <ele>821.9</ele>
      </trkpt>
      <trkpt lat="50.703794" lon="10.690674">
        <ele>819.8</ele>
      </trkpt>
      <trkpt lat="50.703477" lon="10.690217">
        <ele>817.0</ele>
      </trkpt>
      <trkpt lat="50.70328" lon="10.689937">
        <ele>815.2</ele>
      </trkpt>
      <trkpt lat="50.703083" lon="10.689657">
        <ele>813.4</ele>
      </trkpt>
      <trkpt lat="50.702874" lon="10.689368">
        <ele>811.6</ele>
      </trkpt>
      <trkpt lat="50.702637" lon="10.689097">
        <ele>809.6</ele>
      </trkpt>
      <trkpt lat="50.702407" lon="10.688843">
        <ele>807.8</ele>
      </trkpt>
      <trkpt lat="50.702292" lon="10.688698">
        <ele>806.8</ele>
      </trkpt>
      <trkpt lat="50.702132" lon="10.68846">
        <ele>805.4</ele>
      </trkpt>
      <trkpt lat="50.702023" lon="10.688245">
        <ele>804.2</ele>
      </trkpt>
      <trkpt lat="50.701863" lon="10.687934">
        <ele>802.5</ele>
      </trkpt>
      <trkpt lat="50.701703" lon="10.687622">
        <ele>800.8</ele>
      </trkpt>
      <trkpt lat="50.7015" lon="10.68728">
        <ele>798.9</ele>
      </trkpt>
      <trkpt lat="50.701298" lon="10.686938">
        <ele>796.9</ele>
      </trkpt>
      <trkpt lat="50.701097" lon="10.686574">
        <ele>794.9</ele>
      </trkpt>
      <trkpt lat="50.700926" lon="10.686318">
        <ele>793.2</ele>
      </trkpt>
      <trkpt lat="50.700845" lon="10.686221">
        <ele>792.5</ele>
      </trkpt>
      <trkpt lat="50.700714" lon="10.686041">
        <ele>791.3</ele>
      </trkpt>
      <trkpt lat="50.700605" lon="10.685886">
        <ele>790.3</ele>
      </trkpt>
      <trkpt lat="50.700526" lon="10.685721">
        <ele>789.4</ele>
      </trkpt>
      <trkpt lat="50.700357" lon="10.685197">
        <ele>786.6</ele>
      </trkpt>
      <trkpt lat="50.70022" lon="10.684724">
        <ele>784.3</ele>
      </trkpt>
      <trkpt lat="50.700174" lon="10.684521">
        <ele>783.4</ele>
      </trkpt>
      <trkpt lat="50.70014" lon="10.684312">
        <ele>782.4</ele>
      </trkpt>
      <trkpt lat="50.700127" lon="10.684097">
        <ele>781.5</ele>
      </trkpt>
      <trkpt lat="50.700135" lon="10.683898">
        <ele>780.6</ele>
      </trkpt>
      <trkpt lat="50.700151" lon="10.683676">
        <ele>779.6</ele>
      </trkpt>
      <trkpt lat="50.700183" lon="10.683451">
        <ele>778.5</ele>
      </trkpt>
      <trkpt lat="50.700273" lon="10.682861">
        <ele>776.1</ele>
      </trkpt>
      <trkpt lat="50.700286" lon="10.682579">
        <ele>774.9</ele>
      </trkpt>
      <trkpt lat="50.700265" lon="10.682354">
        <ele>774.2</ele>
      </trkpt>
      <trkpt lat="50.700204" lon="10.68215">
        <ele>773.3</ele>
      </trkpt>
      <trkpt lat="50.700132" lon="10.681987">
        <ele>772.4</ele>
      </trkpt>
      <trkpt lat="50.700029" lon="10.681757">
        <ele>771.3</ele>
      </trkpt>
      <trkpt lat="50.699856" lon="10.681459">
        <ele>769.7</ele>
      </trkpt>
      <trkpt lat="50.699665" lon="10.681169">
        <ele>767.6</ele>
      </trkpt>
      <trkpt lat="50.699524" lon="10.680973">
        <ele>766.3</ele>
      </trkpt>
      <trkpt lat="50.69938" lon="10.680767">
        <ele>765.0</ele>
      </trkpt>
      <trkpt lat="50.699177" lon="10.680463">
        <ele>763.0</ele>
      </trkpt>
      <trkpt lat="50.699022" lon="10.680192">
        <ele>761.4</ele>
      </trkpt>
      <trkpt lat="50.698868" lon="10.679922">
        <ele>759.9</ele>
      </trkpt>
      <trkpt lat="50.698681" lon="10.67958">
        <ele>757.8</ele>
      </trkpt>
      <trkpt lat="50.698493" lon="10.679204">
        <ele>755.6</ele>
      </trkpt>
      <trkpt lat="50.698375" lon="10.678894">
        <ele>754.0</ele>
      </trkpt>
      <trkpt lat="50.698257" lon="10.678584">
        <ele>752.3</ele>
      </trkpt>
      <trkpt lat="50.698081" lon="10.678099">
        <ele>750.0</ele>
      </trkpt>
      <trkpt lat="50.697905" lon="10.677614">
        <ele>747.6</ele>
      </trkpt>
      <trkpt lat="50.697767" lon="10.677264">
        <ele>745.8</ele>
      </trkpt>
      <trkpt lat="50.697604" lon="10.676871">
        <ele>743.9</ele>
      </trkpt>
      <trkpt lat="50.697482" lon="10.67658">
        <ele>742.4</ele>
      </trkpt>
      <trkpt lat="50.697389" lon="10.676334">
        <ele>741.2</ele>
      </trkpt>
      <trkpt lat="50.697299" lon="10.676069">
        <ele>739.9</ele>
      </trkpt>
      <trkpt lat="50.697202" lon="10.675751">
        <ele>738.3</ele>
      </trkpt>
      <trkpt lat="50.697155" lon="10.675588">
        <ele>737.5</ele>
        <name>L 1128, Oberschönau, Steinbach-Hallenberg</name>
        <extensions>
          <oa:locType>routingNode</oa:locType>
          <oa:Extension>
            <oa:mapZoom>14</oa:mapZoom>
          </oa:Extension>
        </extensions>
      </trkpt>
      <trkpt lat="50.697097" lon="10.67539">
        <ele>736.5</ele>
      </trkpt>
      <trkpt lat="50.697013" lon="10.675113">
        <ele>735.2</ele>
      </trkpt>
      <trkpt lat="50.69687" lon="10.674706">
        <ele>733.4</ele>
      </trkpt>
      <trkpt lat="50.696757" lon="10.674245">
        <ele>731.3</ele>
      </trkpt>
      <trkpt lat="50.696686" lon="10.673879">
        <ele>729.8</ele>
      </trkpt>
      <trkpt lat="50.696653" lon="10.673579">
        <ele>728.6</ele>
      </trkpt>
      <trkpt lat="50.69666" lon="10.67325">
        <ele>727.2</ele>
      </trkpt>
      <trkpt lat="50.696727" lon="10.672823">
        <ele>725.3</ele>
      </trkpt>
      <trkpt lat="50.696793" lon="10.672465">
        <ele>723.8</ele>
      </trkpt>
      <trkpt lat="50.696859" lon="10.672068">
        <ele>722.1</ele>
      </trkpt>
      <trkpt lat="50.696924" lon="10.671671">
        <ele>720.5</ele>
      </trkpt>
      <trkpt lat="50.696993" lon="10.670984">
        <ele>717.6</ele>
      </trkpt>
      <trkpt lat="50.697047" lon="10.670379">
        <ele>715.0</ele>
      </trkpt>
      <trkpt lat="50.697064" lon="10.670235">
        <ele>714.4</ele>
      </trkpt>
      <trkpt lat="50.697126" lon="10.669967">
        <ele>713.0</ele>
      </trkpt>
      <trkpt lat="50.697187" lon="10.669787">
        <ele>712.2</ele>
      </trkpt>
      <trkpt lat="50.697245" lon="10.669662">
        <ele>711.6</ele>
      </trkpt>
      <trkpt lat="50.697298" lon="10.669577">
        <ele>711.1</ele>
      </trkpt>
      <trkpt lat="50.697352" lon="10.669491">
        <ele>710.6</ele>
      </trkpt>
      <trkpt lat="50.697421" lon="10.669399">
        <ele>710.0</ele>
      </trkpt>
      <trkpt lat="50.697489" lon="10.669309">
        <ele>709.6</ele>
      </trkpt>
      <trkpt lat="50.697568" lon="10.669246">
        <ele>709.1</ele>
      </trkpt>
      <trkpt lat="50.69765" lon="10.669181">
        <ele>708.6</ele>
      </trkpt>
      <trkpt lat="50.697719" lon="10.669135">
        <ele>708.3</ele>
      </trkpt>
      <trkpt lat="50.697828" lon="10.669084">
        <ele>707.7</ele>
      </trkpt>
      <trkpt lat="50.697927" lon="10.669058">
        <ele>707.1</ele>
      </trkpt>
      <trkpt lat="50.69806" lon="10.669029">
        <ele>706.4</ele>
      </trkpt>
      <trkpt lat="50.698202" lon="10.668999">
        <ele>705.6</ele>
      </trkpt>
      <trkpt lat="50.69824" lon="10.668971">
        <ele>705.3</ele>
      </trkpt>
      <trkpt lat="50.698324" lon="10.669012">
        <ele>705.2</ele>
      </trkpt>
      <trkpt lat="50.698396" lon="10.669029">
        <ele>704.8</ele>
      </trkpt>
      <trkpt lat="50.698429" lon="10.669029">
        <ele>704.7</ele>
      </trkpt>
      <trkpt lat="50.698471" lon="10.669001">
        <ele>704.5</ele>
      </trkpt>
      <trkpt lat="50.6985" lon="10.668963">
        <ele>704.3</ele>
      </trkpt>
      <trkpt lat="50.698525" lon="10.668898">
        <ele>704.1</ele>
      </trkpt>
      <trkpt lat="50.698532" lon="10.668828">
        <ele>704.0</ele>
      </trkpt>
      <trkpt lat="50.698515" lon="10.668752">
        <ele>704.1</ele>
      </trkpt>
      <trkpt lat="50.698467" lon="10.668659">
        <ele>704.0</ele>
      </trkpt>
      <trkpt lat="50.698438" lon="10.668605">
        <ele>704.2</ele>
      </trkpt>
      <trkpt lat="50.698392" lon="10.668541">
        <ele>703.9</ele>
      </trkpt>
      <trkpt lat="50.698344" lon="10.668397">
        <ele>703.5</ele>
      </trkpt>
      <trkpt lat="50.698284" lon="10.66827">
        <ele>703.2</ele>
      </trkpt>
      <trkpt lat="50.698166" lon="10.668124">
        <ele>702.8</ele>
      </trkpt>
      <trkpt lat="50.698059" lon="10.668023">
        <ele>702.4</ele>
      </trkpt>
      <trkpt lat="50.697865" lon="10.667889">
        <ele>701.7</ele>
      </trkpt>
      <trkpt lat="50.697667" lon="10.667746">
        <ele>701.0</ele>
      </trkpt>
      <trkpt lat="50.6973" lon="10.667525">
        <ele>699.9</ele>
      </trkpt>
      <trkpt lat="50.697103" lon="10.667407">
        <ele>699.4</ele>
      </trkpt>
      <trkpt lat="50.697012" lon="10.667332">
        <ele>699.4</ele>
      </trkpt>
      <trkpt lat="50.696984" lon="10.667294">
        <ele>699.4</ele>
      </trkpt>
      <trkpt lat="50.69696" lon="10.667233">
        <ele>699.2</ele>
      </trkpt>
      <trkpt lat="50.696951" lon="10.667159">
        <ele>699.0</ele>
      </trkpt>
      <trkpt lat="50.696939" lon="10.667031">
        <ele>698.7</ele>
      </trkpt>
      <trkpt lat="50.696916" lon="10.666701">
        <ele>697.8</ele>
      </trkpt>
      <trkpt lat="50.696902" lon="10.666385">
        <ele>697.0</ele>
      </trkpt>
      <trkpt lat="50.696893" lon="10.666135">
        <ele>696.4</ele>
      </trkpt>
      <trkpt lat="50.696876" lon="10.665936">
        <ele>695.9</ele>
      </trkpt>
      <trkpt lat="50.696844" lon="10.665673">
        <ele>695.2</ele>
      </trkpt>
      <trkpt lat="50.696795" lon="10.66541">
        <ele>694.2</ele>
      </trkpt>
      <trkpt lat="50.696681" lon="10.664848">
        <ele>692.4</ele>
      </trkpt>
      <trkpt lat="50.696558" lon="10.664343">
        <ele>690.4</ele>
      </trkpt>
      <trkpt lat="50.696475" lon="10.664076">
        <ele>689.4</ele>
      </trkpt>
      <trkpt lat="50.69636" lon="10.663772">
        <ele>688.1</ele>
      </trkpt>
      <trkpt lat="50.696202" lon="10.663432">
        <ele>686.7</ele>
      </trkpt>
      <trkpt lat="50.696022" lon="10.66309">
        <ele>685.2</ele>
      </trkpt>
      <trkpt lat="50.695856" lon="10.662845">
        <ele>683.9</ele>
      </trkpt>
      <trkpt lat="50.695667" lon="10.662616">
        <ele>682.6</ele>
      </trkpt>
      <trkpt lat="50.695355" lon="10.662251">
        <ele>680.7</ele>
      </trkpt>
      <trkpt lat="50.695114" lon="10.661953">
        <ele>679.2</ele>
      </trkpt>
      <trkpt lat="50.694984" lon="10.661765">
        <ele>678.4</ele>
      </trkpt>
      <trkpt lat="50.69487" lon="10.661526">
        <ele>677.6</ele>
      </trkpt>
      <trkpt lat="50.69467" lon="10.660985">
        <ele>675.9</ele>
      </trkpt>
      <trkpt lat="50.694507" lon="10.660369">
        <ele>674.0</ele>
      </trkpt>
      <trkpt lat="50.694473" lon="10.66024">
        <ele>673.7</ele>
        <name>L 1128, Oberschönau, Steinbach-Hallenberg</name>
        <extensions>
          <oa:locType>routingNode</oa:locType>
          <oa:Extension>
            <oa:mapZoom>14</oa:mapZoom>
          </oa:Extension>
        </extensions>
      </trkpt>
      <trkpt lat="50.694399" lon="10.659953">
        <ele>672.8</ele>
      </trkpt>
      <trkpt lat="50.69436" lon="10.659697">
        <ele>672.1</ele>
      </trkpt>
      <trkpt lat="50.694344" lon="10.659492">
        <ele>671.7</ele>
      </trkpt>
      <trkpt lat="50.694348" lon="10.659265">
        <ele>671.2</ele>
      </trkpt>
      <trkpt lat="50.694385" lon="10.658857">
        <ele>670.1</ele>
      </trkpt>
      <trkpt lat="50.694396" lon="10.658628">
        <ele>669.5</ele>
      </trkpt>
      <trkpt lat="50.694396" lon="10.658302">
        <ele>668.7</ele>
      </trkpt>
      <trkpt lat="50.694376" lon="10.657972">
        <ele>667.6</ele>
      </trkpt>
      <trkpt lat="50.69434" lon="10.657587">
        <ele>666.4</ele>
      </trkpt>
      <trkpt lat="50.694305" lon="10.657203">
        <ele>665.4</ele>
      </trkpt>
      <trkpt lat="50.694237" lon="10.656756">
        <ele>664.1</ele>
      </trkpt>
      <trkpt lat="50.694169" lon="10.656309">
        <ele>663.0</ele>
      </trkpt>
      <trkpt lat="50.694089" lon="10.655919">
        <ele>661.9</ele>
      </trkpt>
      <trkpt lat="50.69401" lon="10.655529">
        <ele>660.9</ele>
      </trkpt>
      <trkpt lat="50.693952" lon="10.655271">
        <ele>660.2</ele>
      </trkpt>
      <trkpt lat="50.693865" lon="10.654947">
        <ele>659.3</ele>
      </trkpt>
      <trkpt lat="50.69372" lon="10.654514">
        <ele>658.0</ele>
      </trkpt>
      <trkpt lat="50.693591" lon="10.654126">
        <ele>657.2</ele>
      </trkpt>
      <trkpt lat="50.693409" lon="10.65363">
        <ele>656.2</ele>
      </trkpt>
      <trkpt lat="50.693237" lon="10.653173">
        <ele>655.2</ele>
      </trkpt>
      <trkpt lat="50.693219" lon="10.65312">
        <ele>655.1</ele>
      </trkpt>
      <trkpt lat="50.693272" lon="10.653046">
        <ele>654.6</ele>
      </trkpt>
      <trkpt lat="50.693341" lon="10.652916">
        <ele>653.9</ele>
      </trkpt>
      <trkpt lat="50.693371" lon="10.652835">
        <ele>653.6</ele>
      </trkpt>
      <trkpt lat="50.693404" lon="10.652738">
        <ele>653.2</ele>
      </trkpt>
      <trkpt lat="50.693417" lon="10.652649">
        <ele>653.0</ele>
      </trkpt>
      <trkpt lat="50.693416" lon="10.652545">
        <ele>652.9</ele>
      </trkpt>
      <trkpt lat="50.693401" lon="10.652437">
        <ele>653.0</ele>
      </trkpt>
      <trkpt lat="50.693366" lon="10.652324">
        <ele>653.0</ele>
      </trkpt>
      <trkpt lat="50.693335" lon="10.65226">
        <ele>653.0</ele>
      </trkpt>
      <trkpt lat="50.693291" lon="10.652204">
        <ele>653.1</ele>
      </trkpt>
      <trkpt lat="50.69321" lon="10.652136">
        <ele>653.1</ele>
      </trkpt>
      <trkpt lat="50.693123" lon="10.652094">
        <ele>653.3</ele>
      </trkpt>
      <trkpt lat="50.693016" lon="10.652059">
        <ele>653.6</ele>
      </trkpt>
      <trkpt lat="50.692928" lon="10.652054">
        <ele>653.8</ele>
      </trkpt>
      <trkpt lat="50.692876" lon="10.652061">
        <ele>654.1</ele>
      </trkpt>
      <trkpt lat="50.692843" lon="10.652085">
        <ele>654.1</ele>
      </trkpt>
      <trkpt lat="50.69278" lon="10.651912">
        <ele>654.1</ele>
      </trkpt>
      <trkpt lat="50.692694" lon="10.651677">
        <ele>654.1</ele>
      </trkpt>
      <trkpt lat="50.69268" lon="10.651632">
        <ele>654.1</ele>
      </trkpt>
      <trkpt lat="50.692653" lon="10.651538">
        <ele>654.0</ele>
      </trkpt>
      <trkpt lat="50.692607" lon="10.651365">
        <ele>654.0</ele>
      </trkpt>
      <trkpt lat="50.692577" lon="10.651173">
        <ele>653.9</ele>
      </trkpt>
      <trkpt lat="50.692539" lon="10.65065">
        <ele>653.5</ele>
      </trkpt>
      <trkpt lat="50.69251" lon="10.650185">
        <ele>653.0</ele>
      </trkpt>
      <trkpt lat="50.69248" lon="10.64972">
        <ele>652.4</ele>
      </trkpt>
      <trkpt lat="50.692455" lon="10.649291">
        <ele>651.9</ele>
      </trkpt>
      <trkpt lat="50.69243" lon="10.648861">
        <ele>651.5</ele>
      </trkpt>
      <trkpt lat="50.69238" lon="10.64821">
        <ele>650.7</ele>
      </trkpt>
      <trkpt lat="50.692319" lon="10.647552">
        <ele>649.9</ele>
      </trkpt>
      <trkpt lat="50.692275" lon="10.64717">
        <ele>649.3</ele>
      </trkpt>
      <trkpt lat="50.692231" lon="10.646796">
        <ele>648.9</ele>
      </trkpt>
      <trkpt lat="50.692138" lon="10.646142">
        <ele>648.1</ele>
      </trkpt>
      <trkpt lat="50.692045" lon="10.645487">
        <ele>647.3</ele>
      </trkpt>
      <trkpt lat="50.691951" lon="10.644809">
        <ele>646.4</ele>
      </trkpt>
      <trkpt lat="50.691858" lon="10.64413">
        <ele>645.4</ele>
      </trkpt>
      <trkpt lat="50.691823" lon="10.643789">
        <ele>644.7</ele>
      </trkpt>
      <trkpt lat="50.691795" lon="10.643432">
        <ele>643.8</ele>
        <name>L 1128, Oberschönau, Steinbach-Hallenberg</name>
        <extensions>
          <oa:locType>routingNode</oa:locType>
          <oa:Extension>
            <oa:mapZoom>14</oa:mapZoom>
          </oa:Extension>
        </extensions>
      </trkpt>
      <trkpt lat="50.691793" lon="10.643398">
        <ele>643.7</ele>
      </trkpt>
      <trkpt lat="50.691769" lon="10.64296">
        <ele>642.5</ele>
      </trkpt>
      <trkpt lat="50.691749" lon="10.642385">
        <ele>640.9</ele>
      </trkpt>
      <trkpt lat="50.691733" lon="10.641918">
        <ele>639.5</ele>
      </trkpt>
      <trkpt lat="50.691717" lon="10.641451">
        <ele>638.2</ele>
      </trkpt>
      <trkpt lat="50.691712" lon="10.641096">
        <ele>637.2</ele>
      </trkpt>
      <trkpt lat="50.691715" lon="10.640665">
        <ele>636.0</ele>
      </trkpt>
      <trkpt lat="50.691726" lon="10.640408">
        <ele>635.2</ele>
      </trkpt>
      <trkpt lat="50.691743" lon="10.640182">
        <ele>634.6</ele>
      </trkpt>
      <trkpt lat="50.691768" lon="10.640009">
        <ele>634.1</ele>
      </trkpt>
      <trkpt lat="50.691817" lon="10.639835">
        <ele>633.6</ele>
      </trkpt>
      <trkpt lat="50.691879" lon="10.639668">
        <ele>633.1</ele>
      </trkpt>
      <trkpt lat="50.691944" lon="10.639539">
        <ele>632.6</ele>
      </trkpt>
      <trkpt lat="50.692082" lon="10.639306">
        <ele>631.6</ele>
      </trkpt>
      <trkpt lat="50.692184" lon="10.639137">
        <ele>630.8</ele>
      </trkpt>
      <trkpt lat="50.692241" lon="10.639003">
        <ele>630.3</ele>
      </trkpt>
      <trkpt lat="50.692306" lon="10.638795">
        <ele>629.6</ele>
      </trkpt>
      <trkpt lat="50.692357" lon="10.638575">
        <ele>629.0</ele>
      </trkpt>
      <trkpt lat="50.692423" lon="10.638261">
        <ele>628.1</ele>
      </trkpt>
      <trkpt lat="50.692497" lon="10.638001">
        <ele>627.2</ele>
      </trkpt>
      <trkpt lat="50.692672" lon="10.63751">
        <ele>625.6</ele>
      </trkpt>
      <trkpt lat="50.692796" lon="10.637155">
        <ele>624.5</ele>
      </trkpt>
      <trkpt lat="50.69291" lon="10.636854">
        <ele>623.5</ele>
      </trkpt>
      <trkpt lat="50.69299" lon="10.63667">
        <ele>622.8</ele>
      </trkpt>
      <trkpt lat="50.69306" lon="10.636545">
        <ele>622.3</ele>
      </trkpt>
      <trkpt lat="50.693133" lon="10.636443">
        <ele>621.7</ele>
      </trkpt>
      <trkpt lat="50.693222" lon="10.636327">
        <ele>621.1</ele>
      </trkpt>
      <trkpt lat="50.69333" lon="10.636201">
        <ele>620.4</ele>
      </trkpt>
      <trkpt lat="50.693561" lon="10.635964">
        <ele>618.8</ele>
      </trkpt>
      <trkpt lat="50.693727" lon="10.635821">
        <ele>617.8</ele>
      </trkpt>
      <trkpt lat="50.693899" lon="10.635669">
        <ele>616.7</ele>
      </trkpt>
      <trkpt lat="50.694091" lon="10.635515">
        <ele>615.4</ele>
      </trkpt>
      <trkpt lat="50.694212" lon="10.635395">
        <ele>614.6</ele>
      </trkpt>
      <trkpt lat="50.694291" lon="10.635288">
        <ele>614.0</ele>
      </trkpt>
      <trkpt lat="50.694368" lon="10.635151">
        <ele>613.3</ele>
      </trkpt>
      <trkpt lat="50.694469" lon="10.634919">
        <ele>612.4</ele>
      </trkpt>
      <trkpt lat="50.694673" lon="10.63439">
        <ele>610.0</ele>
      </trkpt>
      <trkpt lat="50.694788" lon="10.634038">
        <ele>608.7</ele>
      </trkpt>
      <trkpt lat="50.694903" lon="10.633687">
        <ele>607.5</ele>
      </trkpt>
      <trkpt lat="50.694961" lon="10.633483">
        <ele>606.8</ele>
      </trkpt>
      <trkpt lat="50.695049" lon="10.63318">
        <ele>606.0</ele>
      </trkpt>
      <trkpt lat="50.695106" lon="10.632916">
        <ele>603.7</ele>
      </trkpt>
      <trkpt lat="50.695112" lon="10.632857">
        <ele>602.6</ele>
      </trkpt>
      <trkpt lat="50.695132" lon="10.632678">
        <ele>605.2</ele>
      </trkpt>
      <trkpt lat="50.695176" lon="10.632454">
        <ele>604.9</ele>
      </trkpt>
      <trkpt lat="50.695202" lon="10.632327">
        <ele>604.8</ele>
      </trkpt>
      <trkpt lat="50.69523" lon="10.632259">
        <ele>604.7</ele>
      </trkpt>
      <trkpt lat="50.695261" lon="10.632175">
        <ele>604.6</ele>
      </trkpt>
      <trkpt lat="50.695323" lon="10.632067">
        <ele>604.5</ele>
      </trkpt>
      <trkpt lat="50.695458" lon="10.631865">
        <ele>604.2</ele>
      </trkpt>
      <trkpt lat="50.695381" lon="10.631911">
        <ele>604.5</ele>
      </trkpt>
      <trkpt lat="50.695344" lon="10.631974">
        <ele>604.5</ele>
        <name>K 2591, Steinbach-Hallenberg</name>
        <extensions>
          <oa:locType>routingNode</oa:locType>
          <oa:Extension>
            <oa:mapZoom>14</oa:mapZoom>
          </oa:Extension>
        </extensions>
      </trkpt>
      <trkpt lat="50.695381" lon="10.631911">
        <ele>604.5</ele>
      </trkpt>
      <trkpt lat="50.695458" lon="10.631865">
        <ele>604.2</ele>
      </trkpt>
      <trkpt lat="50.695672" lon="10.631525">
        <ele>603.9</ele>
      </trkpt>
      <trkpt lat="50.695619" lon="10.631474">
        <ele>604.0</ele>
      </trkpt>
      <trkpt lat="50.695582" lon="10.63148">
        <ele>604.2</ele>
      </trkpt>
      <trkpt lat="50.695541" lon="10.631502">
        <ele>604.5</ele>
      </trkpt>
      <trkpt lat="50.695524" lon="10.631524">
        <ele>604.6</ele>
      </trkpt>
      <trkpt lat="50.695508" lon="10.631547">
        <ele>604.7</ele>
      </trkpt>
      <trkpt lat="50.695463" lon="10.631617">
        <ele>605.0</ele>
      </trkpt>
      <trkpt lat="50.695413" lon="10.631707">
        <ele>605.5</ele>
      </trkpt>
      <trkpt lat="50.695124" lon="10.63206">
        <ele>608.7</ele>
      </trkpt>
      <trkpt lat="50.694835" lon="10.632413">
        <ele>611.5</ele>
      </trkpt>
      <trkpt lat="50.694546" lon="10.632766">
        <ele>614.4</ele>
      </trkpt>
      <trkpt lat="50.69431" lon="10.633088">
        <ele>617.0</ele>
      </trkpt>
      <trkpt lat="50.694003" lon="10.633421">
        <ele>619.8</ele>
      </trkpt>
      <trkpt lat="50.693869" lon="10.633526">
        <ele>621.2</ele>
      </trkpt>
      <trkpt lat="50.693701" lon="10.633623">
        <ele>622.6</ele>
      </trkpt>
      <trkpt lat="50.693607" lon="10.633658">
        <ele>623.4</ele>
      </trkpt>
      <trkpt lat="50.693496" lon="10.633667">
        <ele>624.2</ele>
      </trkpt>
      <trkpt lat="50.693378" lon="10.633647">
        <ele>625.0</ele>
      </trkpt>
      <trkpt lat="50.693317" lon="10.633615">
        <ele>625.4</ele>
      </trkpt>
      <trkpt lat="50.693248" lon="10.63356">
        <ele>626.0</ele>
      </trkpt>
      <trkpt lat="50.693203" lon="10.633474">
        <ele>626.5</ele>
      </trkpt>
      <trkpt lat="50.693167" lon="10.633356">
        <ele>627.0</ele>
      </trkpt>
      <trkpt lat="50.693063" lon="10.632975">
        <ele>629.1</ele>
      </trkpt>
      <trkpt lat="50.692987" lon="10.632718">
        <ele>630.5</ele>
      </trkpt>
      <trkpt lat="50.692889" lon="10.632465">
        <ele>631.8</ele>
      </trkpt>
      <trkpt lat="50.692772" lon="10.632238">
        <ele>633.0</ele>
      </trkpt>
      <trkpt lat="50.692549" lon="10.631881">
        <ele>635.0</ele>
      </trkpt>
      <trkpt lat="50.692439" lon="10.631731">
        <ele>635.7</ele>
      </trkpt>
      <trkpt lat="50.692374" lon="10.631644">
        <ele>636.0</ele>
      </trkpt>
      <trkpt lat="50.692315" lon="10.631588">
        <ele>636.2</ele>
      </trkpt>
      <trkpt lat="50.692246" lon="10.631525">
        <ele>636.4</ele>
      </trkpt>
      <trkpt lat="50.692185" lon="10.63149">
        <ele>636.5</ele>
      </trkpt>
      <trkpt lat="50.692137" lon="10.631476">
        <ele>636.6</ele>
      </trkpt>
      <trkpt lat="50.692077" lon="10.631479">
        <ele>636.8</ele>
      </trkpt>
      <trkpt lat="50.69203" lon="10.631508">
        <ele>636.9</ele>
      </trkpt>
      <trkpt lat="50.691996" lon="10.631551">
        <ele>637.0</ele>
      </trkpt>
      <trkpt lat="50.691974" lon="10.631621">
        <ele>637.2</ele>
      </trkpt>
      <trkpt lat="50.691963" lon="10.631704">
        <ele>637.4</ele>
      </trkpt>
      <trkpt lat="50.691965" lon="10.631788">
        <ele>637.7</ele>
      </trkpt>
      <trkpt lat="50.691979" lon="10.631878">
        <ele>638.0</ele>
      </trkpt>
      <trkpt lat="50.692026" lon="10.632079">
        <ele>639.0</ele>
      </trkpt>
      <trkpt lat="50.692102" lon="10.632409">
        <ele>640.9</ele>
      </trkpt>
      <trkpt lat="50.692176" lon="10.632733">
        <ele>642.9</ele>
      </trkpt>
      <trkpt lat="50.692215" lon="10.632922">
        <ele>644.0</ele>
      </trkpt>
      <trkpt lat="50.692224" lon="10.633024">
        <ele>644.5</ele>
      </trkpt>
      <trkpt lat="50.692228" lon="10.633139">
        <ele>645.1</ele>
      </trkpt>
      <trkpt lat="50.692217" lon="10.633278">
        <ele>645.9</ele>
      </trkpt>
      <trkpt lat="50.692186" lon="10.633403">
        <ele>646.6</ele>
      </trkpt>
      <trkpt lat="50.692151" lon="10.633497">
        <ele>647.2</ele>
      </trkpt>
      <trkpt lat="50.692115" lon="10.63357">
        <ele>647.7</ele>
      </trkpt>
      <trkpt lat="50.692035" lon="10.633669">
        <ele>648.6</ele>
      </trkpt>
      <trkpt lat="50.691851" lon="10.633859">
        <ele>650.5</ele>
      </trkpt>
      <trkpt lat="50.691721" lon="10.633982">
        <ele>651.9</ele>
      </trkpt>
      <trkpt lat="50.69166" lon="10.634072">
        <ele>652.6</ele>
      </trkpt>
      <trkpt lat="50.691607" lon="10.634175">
        <ele>653.3</ele>
      </trkpt>
      <trkpt lat="50.691459" lon="10.634549">
        <ele>655.6</ele>
      </trkpt>
      <trkpt lat="50.69134" lon="10.634879">
        <ele>657.6</ele>
      </trkpt>
      <trkpt lat="50.691221" lon="10.63521">
        <ele>659.8</ele>
      </trkpt>
      <trkpt lat="50.69106" lon="10.635641">
        <ele>662.6</ele>
      </trkpt>
      <trkpt lat="50.6909" lon="10.636073">
        <ele>665.6</ele>
      </trkpt>
      <trkpt lat="50.690657" lon="10.636603">
        <ele>669.3</ele>
      </trkpt>
      <trkpt lat="50.690382" lon="10.637102">
        <ele>673.0</ele>
      </trkpt>
      <trkpt lat="50.690248" lon="10.637359">
        <ele>674.8</ele>
      </trkpt>
      <trkpt lat="50.690145" lon="10.637499">
        <ele>676.0</ele>
      </trkpt>
      <trkpt lat="50.690019" lon="10.637607">
        <ele>677.2</ele>
      </trkpt>
      <trkpt lat="50.689747" lon="10.637801">
        <ele>680.0</ele>
      </trkpt>
      <trkpt lat="50.689575" lon="10.63796">
        <ele>681.8</ele>
      </trkpt>
      <trkpt lat="50.689473" lon="10.638116">
        <ele>682.8</ele>
      </trkpt>
      <trkpt lat="50.689384" lon="10.638307">
        <ele>684.0</ele>
      </trkpt>
      <trkpt lat="50.68927" lon="10.638546">
        <ele>685.6</ele>
      </trkpt>
      <trkpt lat="50.689168" lon="10.638761">
        <ele>687.3</ele>
      </trkpt>
      <trkpt lat="50.68905" lon="10.638985">
        <ele>688.9</ele>
      </trkpt>
      <trkpt lat="50.68894" lon="10.639177">
        <ele>690.3</ele>
      </trkpt>
      <trkpt lat="50.68879" lon="10.639418">
        <ele>692.1</ele>
      </trkpt>
      <trkpt lat="50.688669" lon="10.639638">
        <ele>693.7</ele>
      </trkpt>
      <trkpt lat="50.688545" lon="10.639883">
        <ele>695.4</ele>
      </trkpt>
      <trkpt lat="50.688326" lon="10.640267">
        <ele>698.2</ele>
      </trkpt>
      <trkpt lat="50.688167" lon="10.640493">
        <ele>700.1</ele>
      </trkpt>
      <trkpt lat="50.687979" lon="10.640709">
        <ele>702.2</ele>
      </trkpt>
      <trkpt lat="50.687808" lon="10.640881">
        <ele>704.0</ele>
      </trkpt>
      <trkpt lat="50.687726" lon="10.640998">
        <ele>705.1</ele>
      </trkpt>
      <trkpt lat="50.687639" lon="10.641187">
        <ele>706.3</ele>
      </trkpt>
      <trkpt lat="50.687496" lon="10.641567">
        <ele>708.8</ele>
      </trkpt>
      <trkpt lat="50.687359" lon="10.641918">
        <ele>711.1</ele>
      </trkpt>
      <trkpt lat="50.687156" lon="10.642378">
        <ele>714.4</ele>
      </trkpt>
      <trkpt lat="50.687006" lon="10.642692">
        <ele>716.6</ele>
      </trkpt>
      <trkpt lat="50.686855" lon="10.643007">
        <ele>718.9</ele>
      </trkpt>
      <trkpt lat="50.686628" lon="10.643497">
        <ele>722.2</ele>
      </trkpt>
      <trkpt lat="50.686402" lon="10.643986">
        <ele>725.6</ele>
      </trkpt>
      <trkpt lat="50.686175" lon="10.644476">
        <ele>729.1</ele>
      </trkpt>
      <trkpt lat="50.685973" lon="10.644764">
        <ele>731.5</ele>
      </trkpt>
      <trkpt lat="50.685779" lon="10.644996">
        <ele>733.6</ele>
      </trkpt>
      <trkpt lat="50.685701" lon="10.645091">
        <ele>734.4</ele>
      </trkpt>
      <trkpt lat="50.68563" lon="10.645179">
        <ele>735.1</ele>
      </trkpt>
      <trkpt lat="50.685477" lon="10.645361">
        <ele>736.8</ele>
      </trkpt>
      <trkpt lat="50.685298" lon="10.645565">
        <ele>738.4</ele>
      </trkpt>
      <trkpt lat="50.685256" lon="10.645602">
        <ele>738.6</ele>
        <name>Am Ruppberg II, Steinbach-Hallenberg</name>
        <extensions>
          <oa:locType>routingNode</oa:locType>
          <oa:Extension>
            <oa:mapZoom>14</oa:mapZoom>
          </oa:Extension>
        </extensions>
      </trkpt>
      <trkpt lat="50.685298" lon="10.645565">
        <ele>738.4</ele>
      </trkpt>
      <trkpt lat="50.685477" lon="10.645361">
        <ele>736.8</ele>
      </trkpt>
      <trkpt lat="50.68563" lon="10.645179">
        <ele>735.1</ele>
      </trkpt>
      <trkpt lat="50.685662" lon="10.645306">
        <ele>734.8</ele>
      </trkpt>
      <trkpt lat="50.685687" lon="10.645466">
        <ele>734.6</ele>
      </trkpt>
      <trkpt lat="50.685637" lon="10.645987">
        <ele>735.5</ele>
      </trkpt>
      <trkpt lat="50.685654" lon="10.646099">
        <ele>735.6</ele>
      </trkpt>
      <trkpt lat="50.685677" lon="10.646233">
        <ele>735.8</ele>
      </trkpt>
      <trkpt lat="50.685732" lon="10.64639">
        <ele>735.9</ele>
      </trkpt>
      <trkpt lat="50.685799" lon="10.646515">
        <ele>736.0</ele>
      </trkpt>
      <trkpt lat="50.685939" lon="10.646684">
        <ele>736.6</ele>
      </trkpt>
      <trkpt lat="50.686199" lon="10.646985">
        <ele>737.1</ele>
      </trkpt>
      <trkpt lat="50.686382" lon="10.647236">
        <ele>737.7</ele>
      </trkpt>
      <trkpt lat="50.686499" lon="10.647401">
        <ele>738.3</ele>
      </trkpt>
      <trkpt lat="50.68658" lon="10.647612">
        <ele>738.6</ele>
      </trkpt>
      <trkpt lat="50.686657" lon="10.648046">
        <ele>738.7</ele>
      </trkpt>
      <trkpt lat="50.68672" lon="10.648554">
        <ele>740.0</ele>
      </trkpt>
      <trkpt lat="50.686751" lon="10.649005">
        <ele>740.3</ele>
      </trkpt>
      <trkpt lat="50.686778" lon="10.649553">
        <ele>741.7</ele>
      </trkpt>
      <trkpt lat="50.686779" lon="10.65013">
        <ele>742.6</ele>
      </trkpt>
      <trkpt lat="50.686776" lon="10.650527">
        <ele>743.4</ele>
      </trkpt>
      <trkpt lat="50.686772" lon="10.650924">
        <ele>743.9</ele>
      </trkpt>
      <trkpt lat="50.68673" lon="10.651528">
        <ele>744.6</ele>
      </trkpt>
      <trkpt lat="50.68669" lon="10.652085">
        <ele>745.2</ele>
      </trkpt>
      <trkpt lat="50.68665" lon="10.652643">
        <ele>746.4</ele>
      </trkpt>
      <trkpt lat="50.6866" lon="10.65323">
        <ele>747.8</ele>
      </trkpt>
      <trkpt lat="50.68655" lon="10.653817">
        <ele>749.8</ele>
      </trkpt>
      <trkpt lat="50.686546" lon="10.654055">
        <ele>750.3</ele>
      </trkpt>
      <trkpt lat="50.686562" lon="10.654297">
        <ele>750.8</ele>
      </trkpt>
      <trkpt lat="50.686594" lon="10.654513">
        <ele>751.3</ele>
      </trkpt>
      <trkpt lat="50.686648" lon="10.65473">
        <ele>751.8</ele>
      </trkpt>
      <trkpt lat="50.686732" lon="10.654971">
        <ele>752.2</ele>
      </trkpt>
      <trkpt lat="50.686817" lon="10.655152">
        <ele>752.4</ele>
      </trkpt>
      <trkpt lat="50.686955" lon="10.65543">
        <ele>753.0</ele>
      </trkpt>
      <trkpt lat="50.68701" lon="10.655571">
        <ele>753.3</ele>
      </trkpt>
      <trkpt lat="50.687054" lon="10.655721">
        <ele>753.4</ele>
      </trkpt>
      <trkpt lat="50.687095" lon="10.655915">
        <ele>753.5</ele>
      </trkpt>
      <trkpt lat="50.687151" lon="10.656281">
        <ele>753.9</ele>
      </trkpt>
      <trkpt lat="50.687162" lon="10.656386">
        <ele>753.9</ele>
      </trkpt>
      <trkpt lat="50.68716" lon="10.656477">
        <ele>754.0</ele>
      </trkpt>
      <trkpt lat="50.687146" lon="10.656566">
        <ele>754.1</ele>
      </trkpt>
      <trkpt lat="50.687105" lon="10.656759">
        <ele>754.9</ele>
      </trkpt>
      <trkpt lat="50.687096" lon="10.656805">
        <ele>755.0</ele>
      </trkpt>
      <trkpt lat="50.687064" lon="10.657072">
        <ele>755.8</ele>
      </trkpt>
      <trkpt lat="50.687194" lon="10.657269">
        <ele>756.2</ele>
      </trkpt>
      <trkpt lat="50.687416" lon="10.657702">
        <ele>757.6</ele>
      </trkpt>
      <trkpt lat="50.687597" lon="10.658033">
        <ele>759.7</ele>
      </trkpt>
      <trkpt lat="50.687755" lon="10.65838">
        <ele>761.9</ele>
      </trkpt>
      <trkpt lat="50.688009" lon="10.658749">
        <ele>765.4</ele>
      </trkpt>
      <trkpt lat="50.688264" lon="10.659118">
        <ele>769.0</ele>
      </trkpt>
      <trkpt lat="50.688518" lon="10.659487">
        <ele>771.9</ele>
      </trkpt>
      <trkpt lat="50.688682" lon="10.659698">
        <ele>773.4</ele>
      </trkpt>
      <trkpt lat="50.688823" lon="10.659763">
        <ele>774.4</ele>
      </trkpt>
      <trkpt lat="50.689022" lon="10.659911">
        <ele>775.1</ele>
      </trkpt>
      <trkpt lat="50.689345" lon="10.66013">
        <ele>778.2</ele>
      </trkpt>
      <trkpt lat="50.689532" lon="10.660429">
        <ele>781.4</ele>
      </trkpt>
      <trkpt lat="50.689655" lon="10.660713">
        <ele>784.5</ele>
      </trkpt>
      <trkpt lat="50.68975" lon="10.660975">
        <ele>786.5</ele>
      </trkpt>
      <trkpt lat="50.689868" lon="10.661303">
        <ele>788.3</ele>
      </trkpt>
      <trkpt lat="50.689973" lon="10.661498">
        <ele>790.2</ele>
      </trkpt>
      <trkpt lat="50.690084" lon="10.661648">
        <ele>791.8</ele>
      </trkpt>
      <trkpt lat="50.690223" lon="10.661804">
        <ele>794.5</ele>
      </trkpt>
      <trkpt lat="50.690337" lon="10.661946">
        <ele>796.4</ele>
      </trkpt>
      <trkpt lat="50.69045" lon="10.662115">
        <ele>797.7</ele>
      </trkpt>
      <trkpt lat="50.690534" lon="10.662309">
        <ele>799.5</ele>
      </trkpt>
      <trkpt lat="50.690603" lon="10.662633">
        <ele>802.8</ele>
      </trkpt>
      <trkpt lat="50.690664" lon="10.663066">
        <ele>808.5</ele>
      </trkpt>
      <trkpt lat="50.690728" lon="10.66356">
        <ele>812.9</ele>
      </trkpt>
      <trkpt lat="50.69074" lon="10.664065">
        <ele>817.3</ele>
      </trkpt>
      <trkpt lat="50.690743" lon="10.664324">
        <ele>819.5</ele>
      </trkpt>
      <trkpt lat="50.690706" lon="10.664644">
        <ele>822.6</ele>
      </trkpt>
      <trkpt lat="50.690644" lon="10.664956">
        <ele>825.8</ele>
      </trkpt>
      <trkpt lat="50.690548" lon="10.665148">
        <ele>828.8</ele>
      </trkpt>
      <trkpt lat="50.690432" lon="10.665257">
        <ele>830.1</ele>
      </trkpt>
      <trkpt lat="50.690256" lon="10.665351">
        <ele>832.6</ele>
      </trkpt>
      <trkpt lat="50.689947" lon="10.665536">
        <ele>834.9</ele>
      </trkpt>
      <trkpt lat="50.689811" lon="10.665598">
        <ele>835.6</ele>
      </trkpt>
      <trkpt lat="50.689622" lon="10.665753">
        <ele>836.7</ele>
      </trkpt>
      <trkpt lat="50.689442" lon="10.665988">
        <ele>837.5</ele>
      </trkpt>
      <trkpt lat="50.689347" lon="10.666183">
        <ele>838.1</ele>
      </trkpt>
      <trkpt lat="50.689232" lon="10.666504">
        <ele>839.4</ele>
      </trkpt>
      <trkpt lat="50.689056" lon="10.666985">
        <ele>841.5</ele>
      </trkpt>
      <trkpt lat="50.688856" lon="10.66746">
        <ele>844.3</ele>
      </trkpt>
      <trkpt lat="50.688653" lon="10.667883">
        <ele>846.8</ele>
      </trkpt>
      <trkpt lat="50.688495" lon="10.668196">
        <ele>848.1</ele>
      </trkpt>
      <trkpt lat="50.688296" lon="10.66856">
        <ele>849.8</ele>
      </trkpt>
      <trkpt lat="50.687999" lon="10.668917">
        <ele>851.4</ele>
      </trkpt>
      <trkpt lat="50.687749" lon="10.669348">
        <ele>853.3</ele>
      </trkpt>
      <trkpt lat="50.687649" lon="10.669522">
        <ele>854.6</ele>
      </trkpt>
      <trkpt lat="50.687518" lon="10.669823">
        <ele>856.7</ele>
      </trkpt>
      <trkpt lat="50.687461" lon="10.669979">
        <ele>857.9</ele>
      </trkpt>
      <trkpt lat="50.687348" lon="10.670287">
        <ele>859.3</ele>
      </trkpt>
      <trkpt lat="50.687227" lon="10.670627">
        <ele>861.2</ele>
      </trkpt>
      <trkpt lat="50.687202" lon="10.670698">
        <ele>861.5</ele>
      </trkpt>
      <trkpt lat="50.687084" lon="10.671143">
        <ele>863.2</ele>
      </trkpt>
      <trkpt lat="50.687016" lon="10.67157">
        <ele>864.4</ele>
      </trkpt>
      <trkpt lat="50.686986" lon="10.671874">
        <ele>865.0</ele>
      </trkpt>
      <trkpt lat="50.686981" lon="10.672107">
        <ele>865.4</ele>
      </trkpt>
      <trkpt lat="50.686994" lon="10.672267">
        <ele>865.5</ele>
      </trkpt>
      <trkpt lat="50.687038" lon="10.672491">
        <ele>865.9</ele>
      </trkpt>
      <trkpt lat="50.6871" lon="10.672718">
        <ele>865.6</ele>
      </trkpt>
      <trkpt lat="50.687197" lon="10.673108">
        <ele>863.2</ele>
      </trkpt>
      <trkpt lat="50.687285" lon="10.673495">
        <ele>861.3</ele>
      </trkpt>
      <trkpt lat="50.687347" lon="10.674181">
        <ele>857.3</ele>
      </trkpt>
      <trkpt lat="50.687345" lon="10.674814">
        <ele>853.2</ele>
      </trkpt>
      <trkpt lat="50.687354" lon="10.67526">
        <ele>850.2</ele>
      </trkpt>
      <trkpt lat="50.687421" lon="10.675666">
        <ele>848.0</ele>
      </trkpt>
      <trkpt lat="50.687511" lon="10.676079">
        <ele>845.5</ele>
      </trkpt>
      <trkpt lat="50.687627" lon="10.676582">
        <ele>842.9</ele>
      </trkpt>
      <trkpt lat="50.687652" lon="10.677114">
        <ele>841.1</ele>
      </trkpt>
      <trkpt lat="50.687658" lon="10.677417">
        <ele>839.7</ele>
      </trkpt>
      <trkpt lat="50.687666" lon="10.677808">
        <ele>838.0</ele>
      </trkpt>
      <trkpt lat="50.687717" lon="10.6784">
        <ele>835.7</ele>
      </trkpt>
      <trkpt lat="50.687765" lon="10.679067">
        <ele>833.9</ele>
      </trkpt>
      <trkpt lat="50.687765" lon="10.679555">
        <ele>833.1</ele>
      </trkpt>
      <trkpt lat="50.687766" lon="10.679892">
        <ele>832.5</ele>
      </trkpt>
      <trkpt lat="50.687806" lon="10.680225">
        <ele>832.1</ele>
      </trkpt>
      <trkpt lat="50.687855" lon="10.680448">
        <ele>831.8</ele>
      </trkpt>
      <trkpt lat="50.687943" lon="10.680804">
        <ele>831.3</ele>
      </trkpt>
      <trkpt lat="50.687993" lon="10.681051">
        <ele>831.0</ele>
      </trkpt>
      <trkpt lat="50.688013" lon="10.681319">
        <ele>830.5</ele>
      </trkpt>
      <trkpt lat="50.688006" lon="10.681738">
        <ele>829.9</ele>
      </trkpt>
      <trkpt lat="50.688021" lon="10.682059">
        <ele>829.2</ele>
      </trkpt>
      <trkpt lat="50.688026" lon="10.682435">
        <ele>828.4</ele>
      </trkpt>
      <trkpt lat="50.688126" lon="10.682964">
        <ele>827.5</ele>
      </trkpt>
      <trkpt lat="50.688181" lon="10.683337">
        <ele>826.8</ele>
      </trkpt>
      <trkpt lat="50.688209" lon="10.683901">
        <ele>826.1</ele>
      </trkpt>
      <trkpt lat="50.688239" lon="10.684534">
        <ele>824.3</ele>
      </trkpt>
      <trkpt lat="50.688306" lon="10.684956">
        <ele>823.1</ele>
      </trkpt>
      <trkpt lat="50.688354" lon="10.685413">
        <ele>821.7</ele>
      </trkpt>
      <trkpt lat="50.688437" lon="10.685916">
        <ele>820.9</ele>
      </trkpt>
      <trkpt lat="50.688534" lon="10.686309">
        <ele>820.6</ele>
      </trkpt>
      <trkpt lat="50.688648" lon="10.686789">
        <ele>820.3</ele>
      </trkpt>
      <trkpt lat="50.688649" lon="10.686522">
        <ele>820.2</ele>
        <name>Reifweg, Steinbach-Hallenberg</name>
        <extensions>
          <oa:locType>routingNode</oa:locType>
          <oa:Extension>
            <oa:mapZoom>14</oa:mapZoom>
          </oa:Extension>
        </extensions>
      </trkpt>
      <trkpt lat="50.688648" lon="10.686789">
        <ele>820.3</ele>
      </trkpt>
      <trkpt lat="50.688673" lon="10.686866">
        <ele>820.3</ele>
      </trkpt>
      <trkpt lat="50.688834" lon="10.687252">
        <ele>820.5</ele>
      </trkpt>
      <trkpt lat="50.688919" lon="10.687542">
        <ele>821.1</ele>
      </trkpt>
      <trkpt lat="50.688984" lon="10.687772">
        <ele>821.3</ele>
      </trkpt>
      <trkpt lat="50.689209" lon="10.688164">
        <ele>822.7</ele>
      </trkpt>
      <trkpt lat="50.689289" lon="10.688303">
        <ele>823.4</ele>
      </trkpt>
      <trkpt lat="50.689394" lon="10.688699">
        <ele>825.0</ele>
      </trkpt>
      <trkpt lat="50.689461" lon="10.688922">
        <ele>825.7</ele>
      </trkpt>
      <trkpt lat="50.689577" lon="10.689195">
        <ele>827.2</ele>
      </trkpt>
      <trkpt lat="50.689673" lon="10.689279">
        <ele>827.9</ele>
      </trkpt>
      <trkpt lat="50.6898" lon="10.689417">
        <ele>829.1</ele>
      </trkpt>
      <trkpt lat="50.689893" lon="10.689595">
        <ele>830.4</ele>
      </trkpt>
      <trkpt lat="50.689934" lon="10.689713">
        <ele>831.5</ele>
      </trkpt>
      <trkpt lat="50.690004" lon="10.689987">
        <ele>833.8</ele>
      </trkpt>
      <trkpt lat="50.690061" lon="10.690236">
        <ele>835.5</ele>
      </trkpt>
      <trkpt lat="50.690145" lon="10.690721">
        <ele>839.6</ele>
      </trkpt>
      <trkpt lat="50.690278" lon="10.69119">
        <ele>843.8</ele>
      </trkpt>
      <trkpt lat="50.69041" lon="10.691658">
        <ele>847.2</ele>
      </trkpt>
      <trkpt lat="50.690632" lon="10.692221">
        <ele>851.4</ele>
      </trkpt>
      <trkpt lat="50.690854" lon="10.692784">
        <ele>856.0</ele>
      </trkpt>
      <trkpt lat="50.69103" lon="10.693215">
        <ele>858.9</ele>
      </trkpt>
      <trkpt lat="50.691207" lon="10.693647">
        <ele>861.2</ele>
      </trkpt>
      <trkpt lat="50.691383" lon="10.694079">
        <ele>863.0</ele>
      </trkpt>
      <trkpt lat="50.691591" lon="10.694551">
        <ele>865.8</ele>
      </trkpt>
      <trkpt lat="50.6918" lon="10.695023">
        <ele>868.9</ele>
      </trkpt>
      <trkpt lat="50.692008" lon="10.695495">
        <ele>870.7</ele>
      </trkpt>
      <trkpt lat="50.692226" lon="10.695753">
        <ele>872.2</ele>
      </trkpt>
      <trkpt lat="50.692443" lon="10.69601">
        <ele>873.3</ele>
      </trkpt>
      <trkpt lat="50.692728" lon="10.696499">
        <ele>875.3</ele>
      </trkpt>
      <trkpt lat="50.693013" lon="10.696988">
        <ele>876.4</ele>
      </trkpt>
      <trkpt lat="50.693287" lon="10.697528">
        <ele>878.8</ele>
      </trkpt>
      <trkpt lat="50.69356" lon="10.698068">
        <ele>882.4</ele>
      </trkpt>
      <trkpt lat="50.693803" lon="10.698499">
        <ele>885.2</ele>
      </trkpt>
      <trkpt lat="50.693976" lon="10.698667">
        <ele>886.7</ele>
      </trkpt>
      <trkpt lat="50.69415" lon="10.698775">
        <ele>887.7</ele>
      </trkpt>
      <trkpt lat="50.694284" lon="10.698829">
        <ele>888.1</ele>
      </trkpt>
      <trkpt lat="50.694406" lon="10.698891">
        <ele>888.5</ele>
      </trkpt>
      <trkpt lat="50.694505" lon="10.698984">
        <ele>888.7</ele>
      </trkpt>
      <trkpt lat="50.694584" lon="10.699077">
        <ele>888.9</ele>
      </trkpt>
      <trkpt lat="50.694656" lon="10.699194">
        <ele>889.2</ele>
      </trkpt>
      <trkpt lat="50.694767" lon="10.699365">
        <ele>889.5</ele>
      </trkpt>
      <trkpt lat="50.69502" lon="10.699925">
        <ele>890.9</ele>
      </trkpt>
      <trkpt lat="50.695273" lon="10.700485">
        <ele>891.5</ele>
      </trkpt>
      <trkpt lat="50.695513" lon="10.700957">
        <ele>892.0</ele>
      </trkpt>
      <trkpt lat="50.695753" lon="10.701428">
        <ele>894.0</ele>
      </trkpt>
      <trkpt lat="50.695993" lon="10.7019">
        <ele>895.5</ele>
      </trkpt>
      <trkpt lat="50.696181" lon="10.702153">
        <ele>896.4</ele>
      </trkpt>
      <trkpt lat="50.69637" lon="10.702405">
        <ele>896.8</ele>
      </trkpt>
      <trkpt lat="50.696542" lon="10.702683">
        <ele>897.1</ele>
      </trkpt>
      <trkpt lat="50.696714" lon="10.702962">
        <ele>897.5</ele>
      </trkpt>
      <trkpt lat="50.696891" lon="10.703249">
        <ele>897.6</ele>
      </trkpt>
      <trkpt lat="50.697022" lon="10.703511">
        <ele>897.6</ele>
      </trkpt>
      <trkpt lat="50.697121" lon="10.703784">
        <ele>897.7</ele>
      </trkpt>
      <trkpt lat="50.697302" lon="10.704141">
        <ele>897.6</ele>
      </trkpt>
      <trkpt lat="50.697458" lon="10.704546">
        <ele>897.6</ele>
      </trkpt>
      <trkpt lat="50.697602" lon="10.704893">
        <ele>897.6</ele>
      </trkpt>
      <trkpt lat="50.697779" lon="10.705411">
        <ele>897.6</ele>
      </trkpt>
      <trkpt lat="50.697908" lon="10.705899">
        <ele>897.3</ele>
      </trkpt>
      <trkpt lat="50.698037" lon="10.706387">
        <ele>896.7</ele>
      </trkpt>
      <trkpt lat="50.698172" lon="10.706818">
        <ele>896.1</ele>
      </trkpt>
      <trkpt lat="50.698306" lon="10.70725">
        <ele>895.2</ele>
      </trkpt>
      <trkpt lat="50.698421" lon="10.707607">
        <ele>894.7</ele>
      </trkpt>
      <trkpt lat="50.698536" lon="10.707963">
        <ele>893.8</ele>
      </trkpt>
      <trkpt lat="50.698648" lon="10.708361">
        <ele>893.0</ele>
      </trkpt>
      <trkpt lat="50.698761" lon="10.70876">
        <ele>892.1</ele>
      </trkpt>
      <trkpt lat="50.698902" lon="10.709252">
        <ele>891.3</ele>
      </trkpt>
      <trkpt lat="50.699044" lon="10.709744">
        <ele>890.3</ele>
      </trkpt>
      <trkpt lat="50.699185" lon="10.710236">
        <ele>889.3</ele>
      </trkpt>
      <trkpt lat="50.699254" lon="10.710607">
        <ele>888.4</ele>
      </trkpt>
      <trkpt lat="50.699302" lon="10.710864">
        <ele>888.2</ele>
        <name>Zellaer Forst, Oberhof</name>
        <extensions>
          <oa:locType>routingNode</oa:locType>
          <oa:Extension>
            <oa:mapZoom>14</oa:mapZoom>
          </oa:Extension>
        </extensions>
      </trkpt>
      <trkpt lat="50.699323" lon="10.710977">
        <ele>888.1</ele>
      </trkpt>
      <trkpt lat="50.699247" lon="10.71104">
        <ele>887.5</ele>
      </trkpt>
      <trkpt lat="50.69913" lon="10.711216">
        <ele>886.1</ele>
      </trkpt>
      <trkpt lat="50.698956" lon="10.711501">
        <ele>883.8</ele>
      </trkpt>
      <trkpt lat="50.698749" lon="10.711995">
        <ele>880.9</ele>
      </trkpt>
      <trkpt lat="50.698541" lon="10.712489">
        <ele>877.9</ele>
      </trkpt>
      <trkpt lat="50.698282" lon="10.712935">
        <ele>874.6</ele>
      </trkpt>
      <trkpt lat="50.698019" lon="10.713305">
        <ele>871.5</ele>
      </trkpt>
      <trkpt lat="50.69792" lon="10.71349">
        <ele>870.1</ele>
      </trkpt>
      <trkpt lat="50.697872" lon="10.713641">
        <ele>869.4</ele>
      </trkpt>
      <trkpt lat="50.697815" lon="10.714013">
        <ele>867.9</ele>
      </trkpt>
      <trkpt lat="50.697754" lon="10.71444">
        <ele>866.2</ele>
      </trkpt>
      <trkpt lat="50.697676" lon="10.714713">
        <ele>865.3</ele>
      </trkpt>
      <trkpt lat="50.697618" lon="10.714824">
        <ele>864.6</ele>
      </trkpt>
      <trkpt lat="50.697474" lon="10.715044">
        <ele>862.5</ele>
      </trkpt>
      <trkpt lat="50.697336" lon="10.715278">
        <ele>860.5</ele>
      </trkpt>
      <trkpt lat="50.697123" lon="10.71574">
        <ele>857.0</ele>
      </trkpt>
      <trkpt lat="50.696962" lon="10.716179">
        <ele>854.4</ele>
      </trkpt>
      <trkpt lat="50.696811" lon="10.716632">
        <ele>851.4</ele>
      </trkpt>
      <trkpt lat="50.696687" lon="10.717233">
        <ele>848.0</ele>
      </trkpt>
      <trkpt lat="50.696609" lon="10.717544">
        <ele>846.3</ele>
      </trkpt>
      <trkpt lat="50.696508" lon="10.717778">
        <ele>844.5</ele>
      </trkpt>
      <trkpt lat="50.696372" lon="10.718005">
        <ele>842.0</ele>
      </trkpt>
      <trkpt lat="50.696225" lon="10.718221">
        <ele>839.7</ele>
      </trkpt>
      <trkpt lat="50.696156" lon="10.718381">
        <ele>838.4</ele>
      </trkpt>
      <trkpt lat="50.69607" lon="10.718561">
        <ele>837.0</ele>
      </trkpt>
      <trkpt lat="50.695973" lon="10.718677">
        <ele>835.9</ele>
      </trkpt>
      <trkpt lat="50.695843" lon="10.718787">
        <ele>834.7</ele>
      </trkpt>
      <trkpt lat="50.695579" lon="10.718893">
        <ele>832.7</ele>
      </trkpt>
      <trkpt lat="50.695303" lon="10.719011">
        <ele>830.6</ele>
      </trkpt>
      <trkpt lat="50.695179" lon="10.719126">
        <ele>829.5</ele>
      </trkpt>
      <trkpt lat="50.6951" lon="10.719173">
        <ele>829.0</ele>
      </trkpt>
      <trkpt lat="50.694965" lon="10.719288">
        <ele>828.4</ele>
      </trkpt>
      <trkpt lat="50.694884" lon="10.719337">
        <ele>828.4</ele>
      </trkpt>
      <trkpt lat="50.694829" lon="10.719358">
        <ele>828.7</ele>
      </trkpt>
      <trkpt lat="50.694774" lon="10.719363">
        <ele>829.0</ele>
      </trkpt>
      <trkpt lat="50.694701" lon="10.719366">
        <ele>828.9</ele>
      </trkpt>
      <trkpt lat="50.694653" lon="10.719375">
        <ele>828.7</ele>
      </trkpt>
      <trkpt lat="50.6946" lon="10.719396">
        <ele>828.6</ele>
      </trkpt>
      <trkpt lat="50.694546" lon="10.719427">
        <ele>828.5</ele>
      </trkpt>
      <trkpt lat="50.694505" lon="10.719456">
        <ele>828.4</ele>
      </trkpt>
      <trkpt lat="50.694472" lon="10.719484">
        <ele>828.3</ele>
      </trkpt>
      <trkpt lat="50.694426" lon="10.719529">
        <ele>828.1</ele>
      </trkpt>
      <trkpt lat="50.694383" lon="10.719586">
        <ele>828.0</ele>
      </trkpt>
      <trkpt lat="50.694349" lon="10.71964">
        <ele>827.9</ele>
      </trkpt>
      <trkpt lat="50.694316" lon="10.719703">
        <ele>827.8</ele>
      </trkpt>
      <trkpt lat="50.694282" lon="10.719778">
        <ele>827.6</ele>
      </trkpt>
      <trkpt lat="50.694258" lon="10.719857">
        <ele>827.5</ele>
      </trkpt>
      <trkpt lat="50.694224" lon="10.719977">
        <ele>828.6</ele>
      </trkpt>
      <trkpt lat="50.694189" lon="10.720069">
        <ele>828.0</ele>
      </trkpt>
      <trkpt lat="50.69414" lon="10.720161">
        <ele>827.2</ele>
      </trkpt>
      <trkpt lat="50.694059" lon="10.720268">
        <ele>826.2</ele>
      </trkpt>
      <trkpt lat="50.694008" lon="10.720294">
        <ele>826.0</ele>
      </trkpt>
      <trkpt lat="50.694083" lon="10.720339">
        <ele>825.9</ele>
      </trkpt>
      <trkpt lat="50.694126" lon="10.720359">
        <ele>825.9</ele>
      </trkpt>
      <trkpt lat="50.69419" lon="10.720399">
        <ele>825.8</ele>
      </trkpt>
      <trkpt lat="50.69422" lon="10.720421">
        <ele>825.8</ele>
        <name>Rondell/Rennsteiggarten, Oberhof</name>
        <extensions>
          <oa:locType>routingNode</oa:locType>
          <oa:Extension>
            <oa:mapZoom>14</oa:mapZoom>
          </oa:Extension>
        </extensions>
      </trkpt>
      <trkpt lat="50.69423" lon="10.720428">
        <ele>825.7</ele>
      </trkpt>
      <trkpt lat="50.694311" lon="10.720478">
        <ele>825.6</ele>
      </trkpt>
      <trkpt lat="50.694351" lon="10.720508">
        <ele>825.4</ele>
      </trkpt>
      <trkpt lat="50.694386" lon="10.720556">
        <ele>825.2</ele>
      </trkpt>
      <trkpt lat="50.694522" lon="10.720701">
        <ele>824.3</ele>
      </trkpt>
      <trkpt lat="50.694789" lon="10.721008">
        <ele>821.9</ele>
      </trkpt>
      <trkpt lat="50.69501" lon="10.721282">
        <ele>819.7</ele>
      </trkpt>
      <trkpt lat="50.695232" lon="10.721557">
        <ele>817.6</ele>
      </trkpt>
      <trkpt lat="50.69537" lon="10.72178">
        <ele>816.1</ele>
      </trkpt>
      <trkpt lat="50.695512" lon="10.722022">
        <ele>814.7</ele>
      </trkpt>
      <trkpt lat="50.69555" lon="10.72207">
        <ele>814.4</ele>
      </trkpt>
      <trkpt lat="50.695589" lon="10.722112">
        <ele>814.1</ele>
      </trkpt>
      <trkpt lat="50.695675" lon="10.722174">
        <ele>813.7</ele>
      </trkpt>
      <trkpt lat="50.695712" lon="10.722253">
        <ele>813.5</ele>
      </trkpt>
      <trkpt lat="50.695762" lon="10.722424">
        <ele>813.1</ele>
      </trkpt>
      <trkpt lat="50.695781" lon="10.722467">
        <ele>813.0</ele>
      </trkpt>
      <trkpt lat="50.695811" lon="10.722499">
        <ele>812.8</ele>
      </trkpt>
      <trkpt lat="50.69597" lon="10.722546">
        <ele>812.2</ele>
      </trkpt>
      <trkpt lat="50.696023" lon="10.722563">
        <ele>812.1</ele>
      </trkpt>
      <trkpt lat="50.696072" lon="10.722595">
        <ele>811.9</ele>
      </trkpt>
      <trkpt lat="50.696146" lon="10.72264">
        <ele>811.7</ele>
      </trkpt>
      <trkpt lat="50.696194" lon="10.722676">
        <ele>811.6</ele>
      </trkpt>
      <trkpt lat="50.696254" lon="10.722704">
        <ele>811.5</ele>
      </trkpt>
      <trkpt lat="50.696331" lon="10.722734">
        <ele>811.5</ele>
      </trkpt>
      <trkpt lat="50.69641" lon="10.722748">
        <ele>811.5</ele>
      </trkpt>
      <trkpt lat="50.696513" lon="10.72275">
        <ele>811.5</ele>
      </trkpt>
      <trkpt lat="50.696569" lon="10.722749">
        <ele>811.5</ele>
      </trkpt>
      <trkpt lat="50.696645" lon="10.722765">
        <ele>811.6</ele>
      </trkpt>
      <trkpt lat="50.696716" lon="10.722798">
        <ele>811.6</ele>
      </trkpt>
      <trkpt lat="50.696867" lon="10.72286">
        <ele>811.6</ele>
      </trkpt>
      <trkpt lat="50.697101" lon="10.722963">
        <ele>811.9</ele>
      </trkpt>
      <trkpt lat="50.697349" lon="10.723074">
        <ele>811.9</ele>
      </trkpt>
      <trkpt lat="50.69767" lon="10.723196">
        <ele>811.5</ele>
      </trkpt>
      <trkpt lat="50.697991" lon="10.723319">
        <ele>811.3</ele>
      </trkpt>
      <trkpt lat="50.698059" lon="10.723344">
        <ele>811.2</ele>
      </trkpt>
      <trkpt lat="50.698165" lon="10.723387">
        <ele>811.1</ele>
      </trkpt>
      <trkpt lat="50.698483" lon="10.723516">
        <ele>810.9</ele>
      </trkpt>
      <trkpt lat="50.698538" lon="10.723535">
        <ele>810.8</ele>
      </trkpt>
      <trkpt lat="50.698716" lon="10.723573">
        <ele>810.9</ele>
      </trkpt>
      <trkpt lat="50.698939" lon="10.723663">
        <ele>811.1</ele>
      </trkpt>
      <trkpt lat="50.69908" lon="10.723755">
        <ele>811.3</ele>
      </trkpt>
      <trkpt lat="50.699157" lon="10.723814">
        <ele>811.4</ele>
      </trkpt>
      <trkpt lat="50.699328" lon="10.723939">
        <ele>811.7</ele>
      </trkpt>
      <trkpt lat="50.699399" lon="10.723994">
        <ele>811.8</ele>
      </trkpt>
      <trkpt lat="50.6996" lon="10.724157">
        <ele>811.4</ele>
      </trkpt>
      <trkpt lat="50.699827" lon="10.724397">
        <ele>810.5</ele>
      </trkpt>
      <trkpt lat="50.699939" lon="10.724529">
        <ele>809.9</ele>
      </trkpt>
      <trkpt lat="50.700091" lon="10.724719">
        <ele>809.0</ele>
      </trkpt>
      <trkpt lat="50.700239" lon="10.724906">
        <ele>808.1</ele>
      </trkpt>
      <trkpt lat="50.700288" lon="10.724932">
        <ele>807.9</ele>
      </trkpt>
      <trkpt lat="50.700337" lon="10.724951">
        <ele>807.8</ele>
      </trkpt>
      <trkpt lat="50.700381" lon="10.724956">
        <ele>807.6</ele>
      </trkpt>
      <trkpt lat="50.700429" lon="10.724954">
        <ele>807.6</ele>
      </trkpt>
      <trkpt lat="50.700468" lon="10.724929">
        <ele>807.5</ele>
      </trkpt>
      <trkpt lat="50.700505" lon="10.724895">
        <ele>807.5</ele>
      </trkpt>
      <trkpt lat="50.700584" lon="10.724809">
        <ele>807.8</ele>
      </trkpt>
      <trkpt lat="50.700617" lon="10.724776">
        <ele>808.0</ele>
      </trkpt>
      <trkpt lat="50.700722" lon="10.724668">
        <ele>808.6</ele>
      </trkpt>
      <trkpt lat="50.700786" lon="10.72461">
        <ele>809.1</ele>
      </trkpt>
      <trkpt lat="50.700846" lon="10.724587">
        <ele>809.6</ele>
      </trkpt>
      <trkpt lat="50.700905" lon="10.724588">
        <ele>809.9</ele>
      </trkpt>
      <trkpt lat="50.700961" lon="10.724609">
        <ele>810.3</ele>
      </trkpt>
      <trkpt lat="50.701008" lon="10.724638">
        <ele>810.6</ele>
      </trkpt>
      <trkpt lat="50.701051" lon="10.724679">
        <ele>811.0</ele>
      </trkpt>
      <trkpt lat="50.701158" lon="10.724804">
        <ele>811.9</ele>
      </trkpt>
      <trkpt lat="50.701251" lon="10.724919">
        <ele>812.7</ele>
      </trkpt>
      <trkpt lat="50.701369" lon="10.725058">
        <ele>813.7</ele>
      </trkpt>
      <trkpt lat="50.701597" lon="10.725336">
        <ele>815.4</ele>
      </trkpt>
      <trkpt lat="50.701824" lon="10.725614">
        <ele>816.3</ele>
      </trkpt>
      <trkpt lat="50.701973" lon="10.725795">
        <ele>816.8</ele>
      </trkpt>
      <trkpt lat="50.70211" lon="10.725983">
        <ele>817.3</ele>
      </trkpt>
      <trkpt lat="50.702194" lon="10.726091">
        <ele>817.6</ele>
      </trkpt>
      <trkpt lat="50.702275" lon="10.726211">
        <ele>817.9</ele>
      </trkpt>
      <trkpt lat="50.702438" lon="10.726473">
        <ele>818.5</ele>
      </trkpt>
      <trkpt lat="50.7026" lon="10.726734">
        <ele>819.0</ele>
      </trkpt>
      <trkpt lat="50.70268" lon="10.726854">
        <ele>819.2</ele>
      </trkpt>
      <trkpt lat="50.70284" lon="10.727071">
        <ele>819.5</ele>
      </trkpt>
      <trkpt lat="50.702955" lon="10.72722">
        <ele>819.8</ele>
      </trkpt>
      <trkpt lat="50.70302" lon="10.727263">
        <ele>819.9</ele>
      </trkpt>
      <trkpt lat="50.703133" lon="10.727322">
        <ele>820.0</ele>
      </trkpt>
      <trkpt lat="50.703234" lon="10.727358">
        <ele>820.1</ele>
      </trkpt>
      <trkpt lat="50.703341" lon="10.727377">
        <ele>820.1</ele>
      </trkpt>
      <trkpt lat="50.703465" lon="10.72739">
        <ele>820.0</ele>
      </trkpt>
      <trkpt lat="50.703591" lon="10.727392">
        <ele>819.8</ele>
      </trkpt>
      <trkpt lat="50.703859" lon="10.727354">
        <ele>818.8</ele>
      </trkpt>
      <trkpt lat="50.703886" lon="10.727351">
        <ele>818.7</ele>
      </trkpt>
      <trkpt lat="50.703981" lon="10.727337">
        <ele>818.2</ele>
      </trkpt>
      <trkpt lat="50.704079" lon="10.727328">
        <ele>817.7</ele>
      </trkpt>
      <trkpt lat="50.704292" lon="10.727305">
        <ele>816.5</ele>
      </trkpt>
      <trkpt lat="50.704384" lon="10.72728">
        <ele>816.0</ele>
      </trkpt>
      <trkpt lat="50.704442" lon="10.727234">
        <ele>815.7</ele>
      </trkpt>
      <trkpt lat="50.704439" lon="10.727227">
        <ele>815.8</ele>
      </trkpt>
      <trkpt lat="50.704435" lon="10.727208">
        <ele>815.7</ele>
      </trkpt>
      <trkpt lat="50.704435" lon="10.727188">
        <ele>815.7</ele>
      </trkpt>
      <trkpt lat="50.704439" lon="10.72717">
        <ele>815.6</ele>
      </trkpt>
      <trkpt lat="50.704447" lon="10.727154">
        <ele>815.6</ele>
      </trkpt>
      <trkpt lat="50.704458" lon="10.727141">
        <ele>815.5</ele>
      </trkpt>
      <trkpt lat="50.704471" lon="10.727136">
        <ele>815.5</ele>
      </trkpt>
      <trkpt lat="50.704485" lon="10.727138">
        <ele>815.5</ele>
      </trkpt>
      <trkpt lat="50.704497" lon="10.727147">
        <ele>815.5</ele>
      </trkpt>
      <trkpt lat="50.704507" lon="10.727162">
        <ele>815.5</ele>
      </trkpt>
      <trkpt lat="50.70453" lon="10.727113">
        <ele>815.3</ele>
      </trkpt>
      <trkpt lat="50.704569" lon="10.727034">
        <ele>814.9</ele>
      </trkpt>
      <trkpt lat="50.704652" lon="10.726874">
        <ele>814.2</ele>
      </trkpt>
      <trkpt lat="50.704892" lon="10.726381">
        <ele>812.1</ele>
      </trkpt>
      <trkpt lat="50.705026" lon="10.72612">
        <ele>811.2</ele>
      </trkpt>
      <trkpt lat="50.705169" lon="10.725834">
        <ele>810.0</ele>
      </trkpt>
      <trkpt lat="50.705311" lon="10.725547">
        <ele>808.8</ele>
      </trkpt>
      <trkpt lat="50.705502" lon="10.725152">
        <ele>807.2</ele>
      </trkpt>
      <trkpt lat="50.70559" lon="10.725037">
        <ele>806.8</ele>
      </trkpt>
      <trkpt lat="50.705689" lon="10.724977">
        <ele>806.3</ele>
      </trkpt>
      <trkpt lat="50.70574" lon="10.724719">
        <ele>806.5</ele>
      </trkpt>
      <trkpt lat="50.705759" lon="10.724643">
        <ele>806.5</ele>
      </trkpt>
      <trkpt lat="50.705817" lon="10.724413">
        <ele>806.7</ele>
        <name>Crawinkler Straße, Oberhof</name>
        <extensions>
          <oa:locType>routingNode</oa:locType>
          <oa:Extension>
            <oa:mapZoom>14</oa:mapZoom>
          </oa:Extension>
        </extensions>
      </trkpt>
    </trkseg>
  </trk>
</gpx>